기준년월,국가한글명,업종한글명,위험지수(Risk Index)
2025-04,가나,고무 및 플라스틱제품 제조업,5
2025-04,가나,금속 광업,5
2025-04,가나,도매 및 상품 중개업,4
2025-04,가나,자동차 및 트레일러 제조업,4
2025-04,가나,화학물질 및 화학제품 제조업; 의약품 제외,5
2025-04,감비아,도매 및 상품 중개업,5
2025-04,감비아,정보서비스업,5
2025-04,과달루프,자동차 및 부품 판매업,4
2025-04,과테말라,1차 금속 제조업,4
2025-04,과테말라,고무 및 플라스틱제품 제조업,4
2025-04,과테말라,금속가공제품 제조업; 기계 및 가구 제외,4
2025-04,과테말라,도매 및 상품 중개업,4
2025-04,과테말라,섬유제품 제조업; 의복제외,4
2025-04,과테말라,소매업; 자동차 제외,4
2025-04,과테말라,식료품 제조업,4
2025-04,과테말라,자동차 및 부품 판매업,4
2025-04,과테말라,펄프  종이 및 종이제품 제조업,4
2025-04,과테말라,화학물질 및 화학제품 제조업; 의약품 제외,4
2025-04,괌,우편 및 통신업,4
2025-04,그리스,1차 금속 제조업,3
2025-04,그리스,고무 및 플라스틱제품 제조업,3
2025-04,그리스,금속가공제품 제조업; 기계 및 가구 제외,3
2025-04,그리스,기타 기계 및 장비 제조업,3
2025-04,그리스,도매 및 상품 중개업,3
2025-04,그리스,소매업; 자동차 제외,3
2025-04,그리스,식료품 제조업,3
2025-04,그리스,우편 및 통신업,3
2025-04,그리스,의료  정밀  광학기기 및 시계 제조업,3
2025-04,그리스,인쇄 및 기록매체 복제업,3
2025-04,그리스,자동차 및 부품 판매업,3
2025-04,그리스,자동차 및 트레일러 제조업,3
2025-04,그리스,전기장비 제조업,3
2025-04,그리스,전문직별 공사업,3
2025-04,그리스,종합 건설업,4
2025-04,그리스,컴퓨터 프로그래밍  시스템 통합 및 관리업,3
2025-04,그리스,펄프  종이 및 종이제품 제조업,3
2025-04,그리스,화학물질 및 화학제품 제조업; 의약품 제외,3
2025-04,기니,도매 및 상품 중개업,5
2025-04,기니,화학물질 및 화학제품 제조업; 의약품 제외,5
2025-04,나이지리아,가구 제조업,5
2025-04,나이지리아,도매 및 상품 중개업,5
2025-04,나이지리아,석탄  원유 및 천연가스 광업,5
2025-04,나이지리아,화학물질 및 화학제품 제조업; 의약품 제외,5
2025-04,남아프리카공화국,1차 금속 제조업,4
2025-04,남아프리카공화국,개인 및 소비용품 수리업,4
2025-04,남아프리카공화국,건축기술  엔지니어링 및 기타 과학기술 서비스업,4
2025-04,남아프리카공화국,고무 및 플라스틱제품 제조업,4
2025-04,남아프리카공화국,금속가공제품 제조업; 기계 및 가구 제외,4
2025-04,남아프리카공화국,기타 기계 및 장비 제조업,4
2025-04,남아프리카공화국,기타 운송장비 제조업,4
2025-04,남아프리카공화국,기타 제품 제조업,5
2025-04,남아프리카공화국,도매 및 상품 중개업,4
2025-04,남아프리카공화국,비금속 광물제품 제조업,4
2025-04,남아프리카공화국,사업지원 서비스업,4
2025-04,남아프리카공화국,섬유제품 제조업; 의복제외,4
2025-04,남아프리카공화국,소매업; 자동차 제외,4
2025-04,남아프리카공화국,수도업,4
2025-04,남아프리카공화국,식료품 제조업,4
2025-04,남아프리카공화국,우편 및 통신업,4
2025-04,남아프리카공화국,의료  정밀  광학기기 및 시계 제조업,4
2025-04,남아프리카공화국,인쇄 및 기록매체 복제업,4
2025-04,남아프리카공화국,임대업; 부동산 제외,4
2025-04,남아프리카공화국,자동차 및 부품 판매업,4
2025-04,남아프리카공화국,자동차 및 트레일러 제조업,4
2025-04,남아프리카공화국,전기  가스  증기 및 공기조절 공급업,4
2025-04,남아프리카공화국,전기장비 제조업,4
2025-04,남아프리카공화국,종합 건설업,4
2025-04,남아프리카공화국,창고 및 운송관련 서비스업,4
2025-04,남아프리카공화국,출판업,4
2025-04,남아프리카공화국,컴퓨터 프로그래밍  시스템 통합 및 관리업,4
2025-04,남아프리카공화국,펄프  종이 및 종이제품 제조업,4
2025-04,남아프리카공화국,화학물질 및 화학제품 제조업; 의약품 제외,4
2025-04,남아프리카공화국,환경 정화 및 복원업,4
2025-04,네덜란드,건축기술  엔지니어링 및 기타 과학기술 서비스업,1
2025-04,네덜란드,고무 및 플라스틱제품 제조업,1
2025-04,네덜란드,금속가공제품 제조업; 기계 및 가구 제외,3
2025-04,네덜란드,금융업,1
2025-04,네덜란드,기타 기계 및 장비 제조업,1
2025-04,네덜란드,도매 및 상품 중개업,1
2025-04,네덜란드,비금속 광물제품 제조업,1
2025-04,네덜란드,사업지원 서비스업,1
2025-04,네덜란드,섬유제품 제조업; 의복제외,1
2025-04,네덜란드,식료품 제조업,1
2025-04,네덜란드,육상운송 및 파이프라인 운송업,1
2025-04,네덜란드,의료  정밀  광학기기 및 시계 제조업,1
2025-04,네덜란드,임대업; 부동산 제외,1
2025-04,네덜란드,자동차 및 부품 판매업,1
2025-04,네덜란드,자동차 및 트레일러 제조업,1
2025-04,네덜란드,전기장비 제조업,1
2025-04,네덜란드,전문 서비스업,4
2025-04,네덜란드,전자부품  컴퓨터  영상  음향 및 통신장비 제조업,1
2025-04,네덜란드,정보서비스업,1
2025-04,네덜란드,창고 및 운송관련 서비스업,1
2025-04,네덜란드,출판업,1
2025-04,네덜란드,컴퓨터 프로그래밍  시스템 통합 및 관리업,1
2025-04,네덜란드,코크스  연탄 및 석유정제품 제조업,1
2025-04,네덜란드,펄프  종이 및 종이제품 제조업,1
2025-04,네덜란드,화학물질 및 화학제품 제조업; 의약품 제외,1
2025-04,네팔,고무 및 플라스틱제품 제조업,4
2025-04,네팔,도매 및 상품 중개업,4
2025-04,네팔,식료품 제조업,4
2025-04,네팔,의료  정밀  광학기기 및 시계 제조업,4
2025-04,네팔,의료용 물질 및 의약품 제조업,4
2025-04,네팔,자동차 및 부품 판매업,4
2025-04,노르웨이,기타 기계 및 장비 제조업,1
2025-04,노르웨이,도매 및 상품 중개업,2
2025-04,노르웨이,소매업; 자동차 제외,2
2025-04,노르웨이,수상 운송업,1
2025-04,노르웨이,식료품 제조업,1
2025-04,노르웨이,의료  정밀  광학기기 및 시계 제조업,1
2025-04,노르웨이,의복  의복 액세서리 및 모피제품 제조업,1
2025-04,노르웨이,자동차 및 부품 판매업,1
2025-04,노르웨이,전기  가스  증기 및 공기조절 공급업,2
2025-04,노르웨이,전기장비 제조업,2
2025-04,노르웨이,전문 서비스업,1
2025-04,노르웨이,전자부품  컴퓨터  영상  음향 및 통신장비 제조업,1
2025-04,노르웨이,창고 및 운송관련 서비스업,1
2025-04,노르웨이,컴퓨터 프로그래밍  시스템 통합 및 관리업,1
2025-04,노르웨이,펄프  종이 및 종이제품 제조업,1
2025-04,노르웨이,화학물질 및 화학제품 제조업; 의약품 제외,1
2025-04,뉴질랜드,1차 금속 제조업,2
2025-04,뉴질랜드,고무 및 플라스틱제품 제조업,2
2025-04,뉴질랜드,기타 기계 및 장비 제조업,2
2025-04,뉴질랜드,도매 및 상품 중개업,2
2025-04,뉴질랜드,목재 및 나무제품 제조업; 가구 제외,2
2025-04,뉴질랜드,소매업; 자동차 제외,1
2025-04,뉴질랜드,식료품 제조업,2
2025-04,뉴질랜드,우편 및 통신업,2
2025-04,뉴질랜드,의료용 물질 및 의약품 제조업,2
2025-04,뉴질랜드,의복  의복 액세서리 및 모피제품 제조업,2
2025-04,뉴질랜드,인쇄 및 기록매체 복제업,2
2025-04,뉴질랜드,자동차 및 부품 판매업,2
2025-04,뉴질랜드,전기  가스  증기 및 공기조절 공급업,2
2025-04,뉴질랜드,전기장비 제조업,2
2025-04,뉴질랜드,펄프  종이 및 종이제품 제조업,2
2025-04,뉴질랜드,화학물질 및 화학제품 제조업; 의약품 제외,2
2025-04,뉴칼레도니아,광업 지원 서비스업,4
2025-04,뉴칼레도니아,도매 및 상품 중개업,4
2025-04,니카라과,도매 및 상품 중개업,5
2025-04,니카라과,소매업; 자동차 제외,5
2025-04,니카라과,우편 및 통신업,5
2025-04,니카라과,자동차 및 부품 판매업,5
2025-04,니카라과,화학물질 및 화학제품 제조업; 의약품 제외,5
2025-04,대만,1차 금속 제조업,2
2025-04,대만,가죽  가방 및 신발 제조업,2
2025-04,대만,건축기술  엔지니어링 및 기타 과학기술 서비스업,2
2025-04,대만,고무 및 플라스틱제품 제조업,2
2025-04,대만,금속가공제품 제조업; 기계 및 가구 제외,2
2025-04,대만,금융업,2
2025-04,대만,기타 기계 및 장비 제조업,2
2025-04,대만,기타 운송장비 제조업,2
2025-04,대만,기타 제품 제조업,2
2025-04,대만,도매 및 상품 중개업,2
2025-04,대만,방송업,2
2025-04,대만,비금속 광물제품 제조업,2
2025-04,대만,섬유제품 제조업; 의복제외,2
2025-04,대만,소매업; 자동차 제외,2
2025-04,대만,수상 운송업,2
2025-04,대만,식료품 제조업,2
2025-04,대만,우편 및 통신업,2
2025-04,대만,의료  정밀  광학기기 및 시계 제조업,2
2025-04,대만,의료용 물질 및 의약품 제조업,2
2025-04,대만,의복  의복 액세서리 및 모피제품 제조업,2
2025-04,대만,자동차 및 부품 판매업,2
2025-04,대만,자동차 및 트레일러 제조업,2
2025-04,대만,전기장비 제조업,2
2025-04,대만,전문직별 공사업,2
2025-04,대만,전자부품  컴퓨터  영상  음향 및 통신장비 제조업,2
2025-04,대만,종합 건설업,2
2025-04,대만,창고 및 운송관련 서비스업,2
2025-04,대만,출판업,2
2025-04,대만,코크스  연탄 및 석유정제품 제조업,2
2025-04,대만,펄프  종이 및 종이제품 제조업,2
2025-04,대만,화학물질 및 화학제품 제조업; 의약품 제외,2
2025-04,덴마크,개인 및 소비용품 수리업,1
2025-04,덴마크,고무 및 플라스틱제품 제조업,1
2025-04,덴마크,금속가공제품 제조업; 기계 및 가구 제외,1
2025-04,덴마크,기타 기계 및 장비 제조업,1
2025-04,덴마크,도매 및 상품 중개업,2
2025-04,덴마크,섬유제품 제조업; 의복제외,1
2025-04,덴마크,수상 운송업,1
2025-04,덴마크,식료품 제조업,1
2025-04,덴마크,의료  정밀  광학기기 및 시계 제조업,1
2025-04,덴마크,의료용 물질 및 의약품 제조업,1
2025-04,덴마크,의복  의복 액세서리 및 모피제품 제조업,1
2025-04,덴마크,자동차 및 부품 판매업,1
2025-04,덴마크,전문직별 공사업,1
2025-04,덴마크,전자부품  컴퓨터  영상  음향 및 통신장비 제조업,1
2025-04,덴마크,창고 및 운송관련 서비스업,1
2025-04,덴마크,컴퓨터 프로그래밍  시스템 통합 및 관리업,1
2025-04,덴마크,펄프  종이 및 종이제품 제조업,1
2025-04,덴마크,화학물질 및 화학제품 제조업; 의약품 제외,1
2025-04,도미니카공화국,1차 금속 제조업,4
2025-04,도미니카공화국,고무 및 플라스틱제품 제조업,4
2025-04,도미니카공화국,도매 및 상품 중개업,4
2025-04,도미니카공화국,비금속 광물제품 제조업,4
2025-04,도미니카공화국,소매업; 자동차 제외,4
2025-04,도미니카공화국,식료품 제조업,4
2025-04,도미니카공화국,우편 및 통신업,4
2025-04,도미니카공화국,자동차 및 부품 판매업,4
2025-04,도미니카공화국,화학물질 및 화학제품 제조업; 의약품 제외,4
2025-04,독일,1차 금속 제조업,2
2025-04,독일,가구 제조업,2
2025-04,독일,개인 및 소비용품 수리업,2
2025-04,독일,건축기술  엔지니어링 및 기타 과학기술 서비스업,2
2025-04,독일,고무 및 플라스틱제품 제조업,2
2025-04,독일,금속가공제품 제조업; 기계 및 가구 제외,2
2025-04,독일,금융업,2
2025-04,독일,기타 기계 및 장비 제조업,2
2025-04,독일,기타 운송장비 제조업,2
2025-04,독일,기타 제품 제조업,2
2025-04,독일,도매 및 상품 중개업,2
2025-04,독일,비금속 광물제품 제조업,2
2025-04,독일,산업용 기계 및 장비 수리업,2
2025-04,독일,섬유제품 제조업; 의복제외,2
2025-04,독일,소매업; 자동차 제외,2
2025-04,독일,수상 운송업,2
2025-04,독일,우편 및 통신업,2
2025-04,독일,음료 제조업,2
2025-04,독일,의료  정밀  광학기기 및 시계 제조업,2
2025-04,독일,의료용 물질 및 의약품 제조업,2
2025-04,독일,의복  의복 액세서리 및 모피제품 제조업,2
2025-04,독일,인쇄 및 기록매체 복제업,2
2025-04,독일,자동차 및 부품 판매업,2
2025-04,독일,자동차 및 트레일러 제조업,2
2025-04,독일,전기  가스  증기 및 공기조절 공급업,2
2025-04,독일,전기장비 제조업,2
2025-04,독일,전문 서비스업,2
2025-04,독일,전자부품  컴퓨터  영상  음향 및 통신장비 제조업,2
2025-04,독일,창고 및 운송관련 서비스업,2
2025-04,독일,출판업,2
2025-04,독일,컴퓨터 프로그래밍  시스템 통합 및 관리업,2
2025-04,독일,코크스  연탄 및 석유정제품 제조업,2
2025-04,독일,펄프  종이 및 종이제품 제조업,2
2025-04,독일,화학물질 및 화학제품 제조업; 의약품 제외,2
2025-04,라오스,금속 광업,5
2025-04,라오스,식료품 제조업,5
2025-04,라오스,자동차 및 부품 판매업,5
2025-04,라오스,항공 운송업,5
2025-04,라이베리아,도매 및 상품 중개업,5
2025-04,라트비아,고무 및 플라스틱제품 제조업,3
2025-04,라트비아,금속가공제품 제조업; 기계 및 가구 제외,3
2025-04,라트비아,도매 및 상품 중개업,3
2025-04,라트비아,목재 및 나무제품 제조업; 가구 제외,3
2025-04,라트비아,섬유제품 제조업; 의복제외,3
2025-04,라트비아,소매업; 자동차 제외,3
2025-04,라트비아,의료용 물질 및 의약품 제조업,3
2025-04,라트비아,자동차 및 부품 판매업,3
2025-04,라트비아,전자부품  컴퓨터  영상  음향 및 통신장비 제조업,3
2025-04,라트비아,펄프  종이 및 종이제품 제조업,3
2025-04,러시아,고무 및 플라스틱제품 제조업,5
2025-04,러시아,금속 광업,5
2025-04,러시아,금속가공제품 제조업; 기계 및 가구 제외,5
2025-04,러시아,도매 및 상품 중개업,5
2025-04,러시아,목재 및 나무제품 제조업; 가구 제외,5
2025-04,러시아,소매업; 자동차 제외,5
2025-04,러시아,식료품 제조업,5
2025-04,러시아,연구개발업,5
2025-04,러시아,의료용 물질 및 의약품 제조업,5
2025-04,러시아,자동차 및 부품 판매업,5
2025-04,러시아,전기장비 제조업,5
2025-04,러시아,펄프  종이 및 종이제품 제조업,5
2025-04,러시아,화학물질 및 화학제품 제조업; 의약품 제외,5
2025-04,레바논,도매 및 상품 중개업,4
2025-04,레바논,자동차 및 부품 판매업,4
2025-04,레바논,펄프  종이 및 종이제품 제조업,4
2025-04,레위니옹,자동차 및 부품 판매업,4
2025-04,루마니아,1차 금속 제조업,5
2025-04,루마니아,개인 및 소비용품 수리업,3
2025-04,루마니아,건축기술  엔지니어링 및 기타 과학기술 서비스업,3
2025-04,루마니아,고무 및 플라스틱제품 제조업,3
2025-04,루마니아,금속가공제품 제조업; 기계 및 가구 제외,3
2025-04,루마니아,기타 기계 및 장비 제조업,3
2025-04,루마니아,기타 운송장비 제조업,3
2025-04,루마니아,기타 제품 제조업,3
2025-04,루마니아,농업,5
2025-04,루마니아,도매 및 상품 중개업,3
2025-04,루마니아,부동산업,3
2025-04,루마니아,사업지원 서비스업,3
2025-04,루마니아,섬유제품 제조업; 의복제외,3
2025-04,루마니아,소매업; 자동차 제외,3
2025-04,루마니아,음료 제조업,3
2025-04,루마니아,의료용 물질 및 의약품 제조업,3
2025-04,루마니아,의복  의복 액세서리 및 모피제품 제조업,3
2025-04,루마니아,인쇄 및 기록매체 복제업,3
2025-04,루마니아,자동차 및 부품 판매업,3
2025-04,루마니아,자동차 및 트레일러 제조업,3
2025-04,루마니아,전기장비 제조업,3
2025-04,루마니아,전문 서비스업,3
2025-04,루마니아,전문직별 공사업,3
2025-04,루마니아,전자부품  컴퓨터  영상  음향 및 통신장비 제조업,3
2025-04,루마니아,종합 건설업,3
2025-04,루마니아,펄프  종이 및 종이제품 제조업,3
2025-04,루마니아,화학물질 및 화학제품 제조업; 의약품 제외,3
2025-04,룩셈부르크,고무 및 플라스틱제품 제조업,2
2025-04,룩셈부르크,금융업,2
2025-04,룩셈부르크,도매 및 상품 중개업,2
2025-04,룩셈부르크,목재 및 나무제품 제조업; 가구 제외,2
2025-04,룩셈부르크,비금속 광물제품 제조업,2
2025-04,룩셈부르크,자동차 및 부품 판매업,2
2025-04,룩셈부르크,전기  가스  증기 및 공기조절 공급업,3
2025-04,르완다,가구 제조업,4
2025-04,르완다,도매 및 상품 중개업,4
2025-04,리비아,자동차 및 부품 판매업,5
2025-04,리투아니아,개인 및 소비용품 수리업,2
2025-04,리투아니아,고무 및 플라스틱제품 제조업,2
2025-04,리투아니아,금속가공제품 제조업; 기계 및 가구 제외,2
2025-04,리투아니아,도매 및 상품 중개업,2
2025-04,리투아니아,사업지원 서비스업,2
2025-04,리투아니아,소매업; 자동차 제외,2
2025-04,리투아니아,자동차 및 부품 판매업,2
2025-04,리투아니아,자동차 및 트레일러 제조업,2
2025-04,리투아니아,전문직별 공사업,2
2025-04,리투아니아,펄프  종이 및 종이제품 제조업,2
2025-04,리투아니아,화학물질 및 화학제품 제조업; 의약품 제외,2
2025-04,리히텐슈타인,금속가공제품 제조업; 기계 및 가구 제외,4
2025-04,리히텐슈타인,기타 기계 및 장비 제조업,4
2025-04,마다가스카르,자동차 및 부품 판매업,5
2025-04,마샬군도,도매 및 상품 중개업,4
2025-04,마카오,도매 및 상품 중개업,2
2025-04,마카오,사업지원 서비스업,2
2025-04,마카오,소매업; 자동차 제외,2
2025-04,마카오,스포츠 및 오락관련 서비스업,2
2025-04,마카오,우편 및 통신업,2
2025-04,마카오,출판업,2
2025-04,말레이시아,1차 금속 제조업,3
2025-04,말레이시아,개인 및 소비용품 수리업,3
2025-04,말레이시아,고무 및 플라스틱제품 제조업,3
2025-04,말레이시아,금속가공제품 제조업; 기계 및 가구 제외,3
2025-04,말레이시아,기타 기계 및 장비 제조업,3
2025-04,말레이시아,기타 제품 제조업,3
2025-04,말레이시아,도매 및 상품 중개업,3
2025-04,말레이시아,목재 및 나무제품 제조업; 가구 제외,3
2025-04,말레이시아,비금속 광물제품 제조업,3
2025-04,말레이시아,사업지원 서비스업,3
2025-04,말레이시아,섬유제품 제조업; 의복제외,3
2025-04,말레이시아,소매업; 자동차 제외,3
2025-04,말레이시아,식료품 제조업,3
2025-04,말레이시아,음료 제조업,3
2025-04,말레이시아,의료용 물질 및 의약품 제조업,3
2025-04,말레이시아,인쇄 및 기록매체 복제업,3
2025-04,말레이시아,자동차 및 부품 판매업,3
2025-04,말레이시아,자동차 및 트레일러 제조업,3
2025-04,말레이시아,전기장비 제조업,3
2025-04,말레이시아,전문직별 공사업,3
2025-04,말레이시아,전자부품  컴퓨터  영상  음향 및 통신장비 제조업,3
2025-04,말레이시아,창고 및 운송관련 서비스업,3
2025-04,말레이시아,출판업,3
2025-04,말레이시아,펄프  종이 및 종이제품 제조업,3
2025-04,말레이시아,화학물질 및 화학제품 제조업; 의약품 제외,3
2025-04,말리,도매 및 상품 중개업,5
2025-04,말리,전문직별 공사업,5
2025-04,말리,컴퓨터 프로그래밍  시스템 통합 및 관리업,5
2025-04,멕시코,1차 금속 제조업,4
2025-04,멕시코,개인 및 소비용품 수리업,4
2025-04,멕시코,고무 및 플라스틱제품 제조업,4
2025-04,멕시코,금속가공제품 제조업; 기계 및 가구 제외,4
2025-04,멕시코,기타 기계 및 장비 제조업,4
2025-04,멕시코,기타 제품 제조업,4
2025-04,멕시코,도매 및 상품 중개업,4
2025-04,멕시코,비금속 광물제품 제조업,4
2025-04,멕시코,사업지원 서비스업,4
2025-04,멕시코,섬유제품 제조업; 의복제외,4
2025-04,멕시코,소매업; 자동차 제외,4
2025-04,멕시코,식료품 제조업,4
2025-04,멕시코,우편 및 통신업,4
2025-04,멕시코,의료용 물질 및 의약품 제조업,4
2025-04,멕시코,의복  의복 액세서리 및 모피제품 제조업,5
2025-04,멕시코,인쇄 및 기록매체 복제업,4
2025-04,멕시코,자동차 및 부품 판매업,4
2025-04,멕시코,자동차 및 트레일러 제조업,4
2025-04,멕시코,전기장비 제조업,5
2025-04,멕시코,전문 서비스업,4
2025-04,멕시코,전자부품  컴퓨터  영상  음향 및 통신장비 제조업,4
2025-04,멕시코,종합 건설업,5
2025-04,멕시코,창고 및 운송관련 서비스업,4
2025-04,멕시코,코크스  연탄 및 석유정제품 제조업,4
2025-04,멕시코,펄프  종이 및 종이제품 제조업,4
2025-04,멕시코,하수  폐수 및 분뇨 처리업,4
2025-04,멕시코,화학물질 및 화학제품 제조업; 의약품 제외,4
2025-04,모나코,도매 및 상품 중개업,4
2025-04,모로코,1차 금속 제조업,4
2025-04,모로코,가구 제조업,4
2025-04,모로코,개인 및 소비용품 수리업,4
2025-04,모로코,건축기술  엔지니어링 및 기타 과학기술 서비스업,4
2025-04,모로코,고무 및 플라스틱제품 제조업,5
2025-04,모로코,금속가공제품 제조업; 기계 및 가구 제외,4
2025-04,모로코,금융업,4
2025-04,모로코,기타 기계 및 장비 제조업,4
2025-04,모로코,도매 및 상품 중개업,4
2025-04,모로코,사업시설 관리 및 조경 서비스업,4
2025-04,모로코,사업지원 서비스업,4
2025-04,모로코,산업용 기계 및 장비 수리업,4
2025-04,모로코,소매업; 자동차 제외,4
2025-04,모로코,우편 및 통신업,4
2025-04,모로코,음료 제조업,4
2025-04,모로코,의료용 물질 및 의약품 제조업,4
2025-04,모로코,임대업; 부동산 제외,4
2025-04,모로코,자동차 및 부품 판매업,4
2025-04,모로코,전기장비 제조업,4
2025-04,모로코,전문직별 공사업,4
2025-04,모로코,컴퓨터 프로그래밍  시스템 통합 및 관리업,4
2025-04,모로코,펄프  종이 및 종이제품 제조업,4
2025-04,모로코,화학물질 및 화학제품 제조업; 의약품 제외,4
2025-04,모리셔스,도매 및 상품 중개업,2
2025-04,모리셔스,자동차 및 부품 판매업,3
2025-04,모리셔스,펄프  종이 및 종이제품 제조업,2
2025-04,모리타니아,도매 및 상품 중개업,4
2025-04,모리타니아,컴퓨터 프로그래밍  시스템 통합 및 관리업,5
2025-04,모잠비크,도매 및 상품 중개업,5
2025-04,몬테네그로,도매 및 상품 중개업,3
2025-04,몰도바,금속가공제품 제조업; 기계 및 가구 제외,4
2025-04,몰도바,도매 및 상품 중개업,4
2025-04,몰도바,소매업; 자동차 제외,4
2025-04,몰도바,우편 및 통신업,4
2025-04,몰도바,자동차 및 부품 판매업,4
2025-04,몰도바,코크스  연탄 및 석유정제품 제조업,4
2025-04,몰디브,창고 및 운송관련 서비스업,4
2025-04,몰타,도매 및 상품 중개업,2
2025-04,몰타,섬유제품 제조업; 의복제외,2
2025-04,몰타,자동차 및 부품 판매업,2
2025-04,몰타,전자부품  컴퓨터  영상  음향 및 통신장비 제조업,2
2025-04,몽골,도매 및 상품 중개업,4
2025-04,몽골,소매업; 자동차 제외,4
2025-04,몽골,음료 제조업,5
2025-04,몽골,인쇄 및 기록매체 복제업,4
2025-04,몽골,자동차 및 부품 판매업,4
2025-04,몽골,펄프  종이 및 종이제품 제조업,4
2025-04,미국,1차 금속 제조업,2
2025-04,미국,가구 제조업,2
2025-04,미국,가죽  가방 및 신발 제조업,2
2025-04,미국,개인 및 소비용품 수리업,2
2025-04,미국,건축기술  엔지니어링 및 기타 과학기술 서비스업,2
2025-04,미국,고무 및 플라스틱제품 제조업,2
2025-04,미국,공공행정  국방 및 사회보장 행정,2
2025-04,미국,광업 지원 서비스업,3
2025-04,미국,금속가공제품 제조업; 기계 및 가구 제외,2
2025-04,미국,기타 개인 서비스업,2
2025-04,미국,기타 기계 및 장비 제조업,2
2025-04,미국,기타 운송장비 제조업,2
2025-04,미국,기타 전문  과학 및 기술 서비스업,5
2025-04,미국,기타 제품 제조업,2
2025-04,미국,도매 및 상품 중개업,2
2025-04,미국,목재 및 나무제품 제조업; 가구 제외,2
2025-04,미국,방송업,2
2025-04,미국,비금속 광물제품 제조업,5
2025-04,미국,사업지원 서비스업,2
2025-04,미국,산업용 기계 및 장비 수리업,2
2025-04,미국,섬유제품 제조업; 의복제외,2
2025-04,미국,소매업; 자동차 제외,3
2025-04,미국,수상 운송업,2
2025-04,미국,식료품 제조업,2
2025-04,미국,우편 및 통신업,2
2025-04,미국,육상운송 및 파이프라인 운송업,3
2025-04,미국,음식점 및 주점업,2
2025-04,미국,의료  정밀  광학기기 및 시계 제조업,2
2025-04,미국,의료용 물질 및 의약품 제조업,2
2025-04,미국,의복  의복 액세서리 및 모피제품 제조업,2
2025-04,미국,인쇄 및 기록매체 복제업,2
2025-04,미국,임대업; 부동산 제외,2
2025-04,미국,자동차 및 부품 판매업,2
2025-04,미국,자동차 및 트레일러 제조업,2
2025-04,미국,전기  가스  증기 및 공기조절 공급업,2
2025-04,미국,전기장비 제조업,2
2025-04,미국,전문 서비스업,2
2025-04,미국,전문직별 공사업,2
2025-04,미국,전자부품  컴퓨터  영상  음향 및 통신장비 제조업,2
2025-04,미국,정보서비스업,3
2025-04,미국,종합 건설업,2
2025-04,미국,창고 및 운송관련 서비스업,2
2025-04,미국,출판업,2
2025-04,미국,컴퓨터 프로그래밍  시스템 통합 및 관리업,2
2025-04,미국,코크스  연탄 및 석유정제품 제조업,2
2025-04,미국,펄프  종이 및 종이제품 제조업,2
2025-04,미국,항공 운송업,2
2025-04,미국,협회 및 단체,2
2025-04,미국,화학물질 및 화학제품 제조업; 의약품 제외,2
2025-04,미얀마,고무 및 플라스틱제품 제조업,5
2025-04,미얀마,도매 및 상품 중개업,5
2025-04,미얀마,식료품 제조업,5
2025-04,미얀마,인쇄 및 기록매체 복제업,5
2025-04,미얀마,자동차 및 부품 판매업,5
2025-04,바레인,가구 제조업,3
2025-04,바레인,건축기술  엔지니어링 및 기타 과학기술 서비스업,3
2025-04,바레인,기타 기계 및 장비 제조업,3
2025-04,바레인,도매 및 상품 중개업,3
2025-04,바레인,자동차 및 부품 판매업,3
2025-04,바레인,출판업,3
2025-04,바레인,화학물질 및 화학제품 제조업; 의약품 제외,3
2025-04,바베이도스,금융 및 보험 관련 서비스업,4
2025-04,방글라데시,1차 금속 제조업,4
2025-04,방글라데시,가죽  가방 및 신발 제조업,4
2025-04,방글라데시,고무 및 플라스틱제품 제조업,4
2025-04,방글라데시,금속가공제품 제조업; 기계 및 가구 제외,4
2025-04,방글라데시,기타 제품 제조업,4
2025-04,방글라데시,도매 및 상품 중개업,4
2025-04,방글라데시,보건업,4
2025-04,방글라데시,비금속 광물제품 제조업,4
2025-04,방글라데시,섬유제품 제조업; 의복제외,4
2025-04,방글라데시,식료품 제조업,4
2025-04,방글라데시,음료 제조업,5
2025-04,방글라데시,의료  정밀  광학기기 및 시계 제조업,4
2025-04,방글라데시,의료용 물질 및 의약품 제조업,4
2025-04,방글라데시,의복  의복 액세서리 및 모피제품 제조업,4
2025-04,방글라데시,인쇄 및 기록매체 복제업,4
2025-04,방글라데시,자동차 및 부품 판매업,4
2025-04,방글라데시,전기장비 제조업,4
2025-04,방글라데시,출판업,5
2025-04,방글라데시,코크스  연탄 및 석유정제품 제조업,4
2025-04,방글라데시,펄프  종이 및 종이제품 제조업,4
2025-04,방글라데시,화학물질 및 화학제품 제조업; 의약품 제외,4
2025-04,베네수엘라,소매업; 자동차 제외,5
2025-04,베넹,도매 및 상품 중개업,5
2025-04,베트남,1차 금속 제조업,4
2025-04,베트남,가구 제조업,5
2025-04,베트남,가죽  가방 및 신발 제조업,4
2025-04,베트남,개인 및 소비용품 수리업,4
2025-04,베트남,고무 및 플라스틱제품 제조업,4
2025-04,베트남,금속 광업,4
2025-04,베트남,금속가공제품 제조업; 기계 및 가구 제외,4
2025-04,베트남,기타 기계 및 장비 제조업,4
2025-04,베트남,기타 운송장비 제조업,4
2025-04,베트남,기타 전문  과학 및 기술 서비스업,4
2025-04,베트남,기타 제품 제조업,4
2025-04,베트남,농업,4
2025-04,베트남,도매 및 상품 중개업,4
2025-04,베트남,목재 및 나무제품 제조업; 가구 제외,4
2025-04,베트남,비금속 광물제품 제조업,4
2025-04,베트남,산업용 기계 및 장비 수리업,4
2025-04,베트남,섬유제품 제조업; 의복제외,4
2025-04,베트남,소매업; 자동차 제외,4
2025-04,베트남,식료품 제조업,4
2025-04,베트남,음료 제조업,4
2025-04,베트남,의료  정밀  광학기기 및 시계 제조업,4
2025-04,베트남,의료용 물질 및 의약품 제조업,4
2025-04,베트남,의복  의복 액세서리 및 모피제품 제조업,4
2025-04,베트남,인쇄 및 기록매체 복제업,4
2025-04,베트남,자동차 및 부품 판매업,4
2025-04,베트남,자동차 및 트레일러 제조업,4
2025-04,베트남,전기장비 제조업,4
2025-04,베트남,전문 서비스업,4
2025-04,베트남,전문직별 공사업,4
2025-04,베트남,전자부품  컴퓨터  영상  음향 및 통신장비 제조업,4
2025-04,베트남,종합 건설업,4
2025-04,베트남,창고 및 운송관련 서비스업,4
2025-04,베트남,코크스  연탄 및 석유정제품 제조업,4
2025-04,베트남,펄프  종이 및 종이제품 제조업,4
2025-04,베트남,폐기물 수집  운반  처리 및 원료 재생업,4
2025-04,베트남,화학물질 및 화학제품 제조업; 의약품 제외,4
2025-04,벨기에,1차 금속 제조업,4
2025-04,벨기에,고무 및 플라스틱제품 제조업,2
2025-04,벨기에,금속가공제품 제조업; 기계 및 가구 제외,2
2025-04,벨기에,금융업,2
2025-04,벨기에,기타 기계 및 장비 제조업,2
2025-04,벨기에,도매 및 상품 중개업,2
2025-04,벨기에,목재 및 나무제품 제조업; 가구 제외,2
2025-04,벨기에,비금속 광물제품 제조업,2
2025-04,벨기에,산업용 기계 및 장비 수리업,2
2025-04,벨기에,섬유제품 제조업; 의복제외,2
2025-04,벨기에,소매업; 자동차 제외,2
2025-04,벨기에,수상 운송업,2
2025-04,벨기에,식료품 제조업,2
2025-04,벨기에,의료  정밀  광학기기 및 시계 제조업,2
2025-04,벨기에,의복  의복 액세서리 및 모피제품 제조업,2
2025-04,벨기에,자동차 및 부품 판매업,2
2025-04,벨기에,자동차 및 트레일러 제조업,2
2025-04,벨기에,전기장비 제조업,2
2025-04,벨기에,전문 서비스업,2
2025-04,벨기에,전자부품  컴퓨터  영상  음향 및 통신장비 제조업,2
2025-04,벨기에,창고 및 운송관련 서비스업,2
2025-04,벨기에,코크스  연탄 및 석유정제품 제조업,2
2025-04,벨기에,펄프  종이 및 종이제품 제조업,2
2025-04,벨기에,화학물질 및 화학제품 제조업; 의약품 제외,2
2025-04,벨라루스,도매 및 상품 중개업,5
2025-04,벨리즈,도매 및 상품 중개업,4
2025-04,벨리즈,소매업; 자동차 제외,4
2025-04,벨리즈,자동차 및 부품 판매업,4
2025-04,보스니아-헤르체코비나,도매 및 상품 중개업,4
2025-04,보스니아-헤르체코비나,소매업; 자동차 제외,4
2025-04,보스니아-헤르체코비나,자동차 및 부품 판매업,4
2025-04,볼리비아,금속 광업,4
2025-04,볼리비아,도매 및 상품 중개업,5
2025-04,볼리비아,육상운송 및 파이프라인 운송업,4
2025-04,볼리비아,자동차 및 부품 판매업,4
2025-04,볼리비아,화학물질 및 화학제품 제조업; 의약품 제외,4
2025-04,부룬디,가구 제조업,5
2025-04,부르키나파소,금속 광업,5
2025-04,부르키나파소,기타 운송장비 제조업,5
2025-04,부르키나파소,도매 및 상품 중개업,5
2025-04,부르키나파소,비금속광물 광업; 연료용 제외,5
2025-04,북마케도니아,도매 및 상품 중개업,3
2025-04,북마케도니아,소매업; 자동차 제외,3
2025-04,북마케도니아,자동차 및 트레일러 제조업,3
2025-04,북마케도니아,전기장비 제조업,3
2025-04,북마케도니아,펄프  종이 및 종이제품 제조업,3
2025-04,불가리아,개인 및 소비용품 수리업,3
2025-04,불가리아,고무 및 플라스틱제품 제조업,3
2025-04,불가리아,금속가공제품 제조업; 기계 및 가구 제외,3
2025-04,불가리아,기타 기계 및 장비 제조업,3
2025-04,불가리아,기타 제품 제조업,3
2025-04,불가리아,담배 제조업,3
2025-04,불가리아,도매 및 상품 중개업,4
2025-04,불가리아,사업지원 서비스업,3
2025-04,불가리아,섬유제품 제조업; 의복제외,3
2025-04,불가리아,식료품 제조업,3
2025-04,불가리아,우편 및 통신업,3
2025-04,불가리아,의료용 물질 및 의약품 제조업,3
2025-04,불가리아,인쇄 및 기록매체 복제업,3
2025-04,불가리아,자동차 및 부품 판매업,3
2025-04,불가리아,자동차 및 트레일러 제조업,3
2025-04,불가리아,전기장비 제조업,3
2025-04,불가리아,펄프  종이 및 종이제품 제조업,3
2025-04,불가리아,화학물질 및 화학제품 제조업; 의약품 제외,3
2025-04,브라질,1차 금속 제조업,4
2025-04,브라질,가구 제조업,4
2025-04,브라질,가죽  가방 및 신발 제조업,4
2025-04,브라질,고무 및 플라스틱제품 제조업,4
2025-04,브라질,금속가공제품 제조업; 기계 및 가구 제외,4
2025-04,브라질,금융 및 보험 관련 서비스업,4
2025-04,브라질,금융업,4
2025-04,브라질,기타 기계 및 장비 제조업,4
2025-04,브라질,기타 제품 제조업,4
2025-04,브라질,도매 및 상품 중개업,4
2025-04,브라질,목재 및 나무제품 제조업; 가구 제외,4
2025-04,브라질,비금속 광물제품 제조업,4
2025-04,브라질,사업지원 서비스업,4
2025-04,브라질,섬유제품 제조업; 의복제외,4
2025-04,브라질,소매업; 자동차 제외,4
2025-04,브라질,숙박업,4
2025-04,브라질,식료품 제조업,4
2025-04,브라질,연구개발업,4
2025-04,브라질,의료  정밀  광학기기 및 시계 제조업,4
2025-04,브라질,의료용 물질 및 의약품 제조업,4
2025-04,브라질,의복  의복 액세서리 및 모피제품 제조업,4
2025-04,브라질,인쇄 및 기록매체 복제업,4
2025-04,브라질,자동차 및 부품 판매업,4
2025-04,브라질,자동차 및 트레일러 제조업,4
2025-04,브라질,전기장비 제조업,4
2025-04,브라질,전문 서비스업,4
2025-04,브라질,전문직별 공사업,4
2025-04,브라질,전자부품  컴퓨터  영상  음향 및 통신장비 제조업,4
2025-04,브라질,창고 및 운송관련 서비스업,4
2025-04,브라질,컴퓨터 프로그래밍  시스템 통합 및 관리업,4
2025-04,브라질,코크스  연탄 및 석유정제품 제조업,4
2025-04,브라질,펄프  종이 및 종이제품 제조업,4
2025-04,브라질,화학물질 및 화학제품 제조업; 의약품 제외,4
2025-04,사우디아라비아,1차 금속 제조업,3
2025-04,사우디아라비아,가구 제조업,3
2025-04,사우디아라비아,건축기술  엔지니어링 및 기타 과학기술 서비스업,3
2025-04,사우디아라비아,고무 및 플라스틱제품 제조업,3
2025-04,사우디아라비아,광업 지원 서비스업,3
2025-04,사우디아라비아,금속가공제품 제조업; 기계 및 가구 제외,4
2025-04,사우디아라비아,금융업,3
2025-04,사우디아라비아,기타 기계 및 장비 제조업,3
2025-04,사우디아라비아,도매 및 상품 중개업,3
2025-04,사우디아라비아,비금속 광물제품 제조업,3
2025-04,사우디아라비아,사업시설 관리 및 조경 서비스업,3
2025-04,사우디아라비아,사업지원 서비스업,3
2025-04,사우디아라비아,섬유제품 제조업; 의복제외,3
2025-04,사우디아라비아,소매업; 자동차 제외,3
2025-04,사우디아라비아,수도업,3
2025-04,사우디아라비아,수상 운송업,5
2025-04,사우디아라비아,식료품 제조업,3
2025-04,사우디아라비아,우편 및 통신업,3
2025-04,사우디아라비아,의료  정밀  광학기기 및 시계 제조업,3
2025-04,사우디아라비아,의료용 물질 및 의약품 제조업,3
2025-04,사우디아라비아,의복  의복 액세서리 및 모피제품 제조업,5
2025-04,사우디아라비아,자동차 및 부품 판매업,3
2025-04,사우디아라비아,전기  가스  증기 및 공기조절 공급업,3
2025-04,사우디아라비아,전기장비 제조업,3
2025-04,사우디아라비아,전문직별 공사업,3
2025-04,사우디아라비아,종합 건설업,3
2025-04,사우디아라비아,창고 및 운송관련 서비스업,3
2025-04,사우디아라비아,컴퓨터 프로그래밍  시스템 통합 및 관리업,3
2025-04,사우디아라비아,코크스  연탄 및 석유정제품 제조업,3
2025-04,사우디아라비아,펄프  종이 및 종이제품 제조업,3
2025-04,사우디아라비아,화학물질 및 화학제품 제조업; 의약품 제외,3
2025-04,사이프러스,도매 및 상품 중개업,2
2025-04,사이프러스,수상 운송업,2
2025-04,사이프러스,자동차 및 부품 판매업,2
2025-04,산 마리노,고무 및 플라스틱제품 제조업,2
2025-04,세네갈,가구 제조업,5
2025-04,세네갈,도매 및 상품 중개업,5
2025-04,세르비아,고무 및 플라스틱제품 제조업,3
2025-04,세르비아,도매 및 상품 중개업,3
2025-04,세르비아,사업지원 서비스업,3
2025-04,세르비아,섬유제품 제조업; 의복제외,3
2025-04,세르비아,자동차 및 부품 판매업,3
2025-04,세르비아,자동차 및 트레일러 제조업,3
2025-04,세르비아,전기장비 제조업,3
2025-04,세르비아,전문직별 공사업,3
2025-04,세르비아,전자부품  컴퓨터  영상  음향 및 통신장비 제조업,3
2025-04,세르비아,컴퓨터 프로그래밍  시스템 통합 및 관리업,3
2025-04,세르비아,화학물질 및 화학제품 제조업; 의약품 제외,4
2025-04,세이셸,소매업; 자동차 제외,4
2025-04,세인트 빈센트 그레나딘,도매 및 상품 중개업,4
2025-04,수리남,금속 광업,5
2025-04,스리랑카,고무 및 플라스틱제품 제조업,4
2025-04,스리랑카,금속가공제품 제조업; 기계 및 가구 제외,4
2025-04,스리랑카,도매 및 상품 중개업,5
2025-04,스리랑카,비금속 광물제품 제조업,4
2025-04,스리랑카,섬유제품 제조업; 의복제외,4
2025-04,스리랑카,식료품 제조업,4
2025-04,스리랑카,의복  의복 액세서리 및 모피제품 제조업,4
2025-04,스리랑카,자동차 및 부품 판매업,4
2025-04,스리랑카,전기장비 제조업,4
2025-04,스리랑카,화학물질 및 화학제품 제조업; 의약품 제외,4
2025-04,스웨덴,1차 금속 제조업,2
2025-04,스웨덴,개인 및 소비용품 수리업,2
2025-04,스웨덴,건축기술  엔지니어링 및 기타 과학기술 서비스업,4
2025-04,스웨덴,고무 및 플라스틱제품 제조업,2
2025-04,스웨덴,금속가공제품 제조업; 기계 및 가구 제외,2
2025-04,스웨덴,기타 기계 및 장비 제조업,2
2025-04,스웨덴,도매 및 상품 중개업,2
2025-04,스웨덴,섬유제품 제조업; 의복제외,2
2025-04,스웨덴,소매업; 자동차 제외,2
2025-04,스웨덴,연구개발업,2
2025-04,스웨덴,자동차 및 부품 판매업,2
2025-04,스웨덴,자동차 및 트레일러 제조업,2
2025-04,스웨덴,전기장비 제조업,2
2025-04,스웨덴,전문 서비스업,2
2025-04,스웨덴,전자부품  컴퓨터  영상  음향 및 통신장비 제조업,2
2025-04,스웨덴,컴퓨터 프로그래밍  시스템 통합 및 관리업,2
2025-04,스웨덴,코크스  연탄 및 석유정제품 제조업,2
2025-04,스웨덴,펄프  종이 및 종이제품 제조업,2
2025-04,스웨덴,화학물질 및 화학제품 제조업; 의약품 제외,2
2025-04,스위스,가죽  가방 및 신발 제조업,1
2025-04,스위스,고무 및 플라스틱제품 제조업,1
2025-04,스위스,금속가공제품 제조업; 기계 및 가구 제외,1
2025-04,스위스,금융 및 보험 관련 서비스업,1
2025-04,스위스,기타 기계 및 장비 제조업,1
2025-04,스위스,기타 운송장비 제조업,1
2025-04,스위스,기타 제품 제조업,1
2025-04,스위스,담배 제조업,1
2025-04,스위스,도매 및 상품 중개업,2
2025-04,스위스,비금속 광물제품 제조업,1
2025-04,스위스,사업지원 서비스업,1
2025-04,스위스,소매업; 자동차 제외,1
2025-04,스위스,수도업,1
2025-04,스위스,수상 운송업,1
2025-04,스위스,의료  정밀  광학기기 및 시계 제조업,1
2025-04,스위스,의료용 물질 및 의약품 제조업,1
2025-04,스위스,의복  의복 액세서리 및 모피제품 제조업,1
2025-04,스위스,자동차 및 부품 판매업,1
2025-04,스위스,전기장비 제조업,1
2025-04,스위스,전문 서비스업,1
2025-04,스위스,전문직별 공사업,2
2025-04,스위스,전자부품  컴퓨터  영상  음향 및 통신장비 제조업,1
2025-04,스위스,코크스  연탄 및 석유정제품 제조업,1
2025-04,스위스,화학물질 및 화학제품 제조업; 의약품 제외,1
2025-04,스페인,1차 금속 제조업,2
2025-04,스페인,개인 및 소비용품 수리업,2
2025-04,스페인,건축기술  엔지니어링 및 기타 과학기술 서비스업,2
2025-04,스페인,고무 및 플라스틱제품 제조업,2
2025-04,스페인,금속가공제품 제조업; 기계 및 가구 제외,2
2025-04,스페인,금융업,2
2025-04,스페인,기타 기계 및 장비 제조업,2
2025-04,스페인,기타 운송장비 제조업,5
2025-04,스페인,기타 제품 제조업,2
2025-04,스페인,도매 및 상품 중개업,2
2025-04,스페인,비금속 광물제품 제조업,2
2025-04,스페인,비금속광물 광업; 연료용 제외,2
2025-04,스페인,사업지원 서비스업,2
2025-04,스페인,산업용 기계 및 장비 수리업,2
2025-04,스페인,섬유제품 제조업; 의복제외,2
2025-04,스페인,소매업; 자동차 제외,2
2025-04,스페인,식료품 제조업,2
2025-04,스페인,우편 및 통신업,2
2025-04,스페인,의료  정밀  광학기기 및 시계 제조업,2
2025-04,스페인,의료용 물질 및 의약품 제조업,2
2025-04,스페인,인쇄 및 기록매체 복제업,2
2025-04,스페인,자동차 및 부품 판매업,2
2025-04,스페인,자동차 및 트레일러 제조업,3
2025-04,스페인,전기  가스  증기 및 공기조절 공급업,5
2025-04,스페인,전기장비 제조업,2
2025-04,스페인,전문 서비스업,2
2025-04,스페인,전문직별 공사업,2
2025-04,스페인,전자부품  컴퓨터  영상  음향 및 통신장비 제조업,2
2025-04,스페인,종합 건설업,2
2025-04,스페인,컴퓨터 프로그래밍  시스템 통합 및 관리업,2
2025-04,스페인,코크스  연탄 및 석유정제품 제조업,2
2025-04,스페인,펄프  종이 및 종이제품 제조업,2
2025-04,스페인,하수  폐수 및 분뇨 처리업,2
2025-04,스페인,화학물질 및 화학제품 제조업; 의약품 제외,2
2025-04,슬로바키아,고무 및 플라스틱제품 제조업,2
2025-04,슬로바키아,기타 기계 및 장비 제조업,2
2025-04,슬로바키아,도매 및 상품 중개업,2
2025-04,슬로바키아,목재 및 나무제품 제조업; 가구 제외,2
2025-04,슬로바키아,부동산업,2
2025-04,슬로바키아,비금속 광물제품 제조업,2
2025-04,슬로바키아,산업용 기계 및 장비 수리업,2
2025-04,슬로바키아,섬유제품 제조업; 의복제외,2
2025-04,슬로바키아,소매업; 자동차 제외,2
2025-04,슬로바키아,의료  정밀  광학기기 및 시계 제조업,2
2025-04,슬로바키아,의복  의복 액세서리 및 모피제품 제조업,2
2025-04,슬로바키아,인쇄 및 기록매체 복제업,2
2025-04,슬로바키아,자동차 및 부품 판매업,2
2025-04,슬로바키아,자동차 및 트레일러 제조업,2
2025-04,슬로바키아,전기장비 제조업,2
2025-04,슬로바키아,전문직별 공사업,2
2025-04,슬로바키아,전자부품  컴퓨터  영상  음향 및 통신장비 제조업,2
2025-04,슬로바키아,화학물질 및 화학제품 제조업; 의약품 제외,2
2025-04,슬로베니아,기타 기계 및 장비 제조업,2
2025-04,슬로베니아,기타 제품 제조업,2
2025-04,슬로베니아,도매 및 상품 중개업,2
2025-04,슬로베니아,비금속 광물제품 제조업,2
2025-04,슬로베니아,섬유제품 제조업; 의복제외,2
2025-04,슬로베니아,소매업; 자동차 제외,2
2025-04,슬로베니아,자동차 및 부품 판매업,2
2025-04,슬로베니아,전기장비 제조업,2
2025-04,슬로베니아,전문직별 공사업,2
2025-04,슬로베니아,화학물질 및 화학제품 제조업; 의약품 제외,2
2025-04,시에라리온,도매 및 상품 중개업,5
2025-04,싱가포르,1차 금속 제조업,1
2025-04,싱가포르,가죽  가방 및 신발 제조업,1
2025-04,싱가포르,건축기술  엔지니어링 및 기타 과학기술 서비스업,1
2025-04,싱가포르,고무 및 플라스틱제품 제조업,1
2025-04,싱가포르,광업 지원 서비스업,1
2025-04,싱가포르,금속가공제품 제조업; 기계 및 가구 제외,1
2025-04,싱가포르,금융업,1
2025-04,싱가포르,기타 기계 및 장비 제조업,1
2025-04,싱가포르,기타 운송장비 제조업,1
2025-04,싱가포르,담배 제조업,1
2025-04,싱가포르,도매 및 상품 중개업,1
2025-04,싱가포르,비금속 광물제품 제조업,1
2025-04,싱가포르,사업지원 서비스업,1
2025-04,싱가포르,석탄  원유 및 천연가스 광업,1
2025-04,싱가포르,섬유제품 제조업; 의복제외,1
2025-04,싱가포르,소매업; 자동차 제외,1
2025-04,싱가포르,수상 운송업,1
2025-04,싱가포르,식료품 제조업,2
2025-04,싱가포르,음료 제조업,1
2025-04,싱가포르,의료  정밀  광학기기 및 시계 제조업,1
2025-04,싱가포르,인쇄 및 기록매체 복제업,1
2025-04,싱가포르,임대업; 부동산 제외,1
2025-04,싱가포르,자동차 및 부품 판매업,1
2025-04,싱가포르,자동차 및 트레일러 제조업,1
2025-04,싱가포르,전기장비 제조업,1
2025-04,싱가포르,전문 서비스업,1
2025-04,싱가포르,전문직별 공사업,1
2025-04,싱가포르,전자부품  컴퓨터  영상  음향 및 통신장비 제조업,1
2025-04,싱가포르,종합 건설업,1
2025-04,싱가포르,창고 및 운송관련 서비스업,1
2025-04,싱가포르,출판업,1
2025-04,싱가포르,코크스  연탄 및 석유정제품 제조업,1
2025-04,싱가포르,펄프  종이 및 종이제품 제조업,1
2025-04,싱가포르,화학물질 및 화학제품 제조업; 의약품 제외,1
2025-04,아랍에미리트 연합,1차 금속 제조업,4
2025-04,아랍에미리트 연합,가구 제조업,3
2025-04,아랍에미리트 연합,고무 및 플라스틱제품 제조업,3
2025-04,아랍에미리트 연합,광업 지원 서비스업,3
2025-04,아랍에미리트 연합,금속 광업,3
2025-04,아랍에미리트 연합,금속가공제품 제조업; 기계 및 가구 제외,3
2025-04,아랍에미리트 연합,기타 기계 및 장비 제조업,3
2025-04,아랍에미리트 연합,도매 및 상품 중개업,3
2025-04,아랍에미리트 연합,비금속 광물제품 제조업,3
2025-04,아랍에미리트 연합,석탄  원유 및 천연가스 광업,3
2025-04,아랍에미리트 연합,소매업; 자동차 제외,3
2025-04,아랍에미리트 연합,수상 운송업,2
2025-04,아랍에미리트 연합,식료품 제조업,3
2025-04,아랍에미리트 연합,우편 및 통신업,3
2025-04,아랍에미리트 연합,육상운송 및 파이프라인 운송업,3
2025-04,아랍에미리트 연합,의료용 물질 및 의약품 제조업,3
2025-04,아랍에미리트 연합,의복  의복 액세서리 및 모피제품 제조업,3
2025-04,아랍에미리트 연합,자동차 및 부품 판매업,2
2025-04,아랍에미리트 연합,자동차 및 트레일러 제조업,3
2025-04,아랍에미리트 연합,전기  가스  증기 및 공기조절 공급업,3
2025-04,아랍에미리트 연합,전기장비 제조업,3
2025-04,아랍에미리트 연합,전문 서비스업,3
2025-04,아랍에미리트 연합,전문직별 공사업,3
2025-04,아랍에미리트 연합,종합 건설업,4
2025-04,아랍에미리트 연합,창고 및 운송관련 서비스업,2
2025-04,아랍에미리트 연합,출판업,3
2025-04,아랍에미리트 연합,펄프  종이 및 종이제품 제조업,3
2025-04,아랍에미리트 연합,항공 운송업,2
2025-04,아랍에미리트 연합,화학물질 및 화학제품 제조업; 의약품 제외,3
2025-04,아루바,자동차 및 부품 판매업,4
2025-04,아르메니아,가구 제조업,5
2025-04,아르메니아,고무 및 플라스틱제품 제조업,5
2025-04,아르메니아,도매 및 상품 중개업,5
2025-04,아르메니아,펄프  종이 및 종이제품 제조업,5
2025-04,아르헨티나,1차 금속 제조업,5
2025-04,아르헨티나,가구 제조업,4
2025-04,아르헨티나,고무 및 플라스틱제품 제조업,4
2025-04,아르헨티나,기타 개인 서비스업,4
2025-04,아르헨티나,기타 기계 및 장비 제조업,4
2025-04,아르헨티나,도매 및 상품 중개업,4
2025-04,아르헨티나,비금속 광물제품 제조업,4
2025-04,아르헨티나,석탄  원유 및 천연가스 광업,5
2025-04,아르헨티나,섬유제품 제조업; 의복제외,4
2025-04,아르헨티나,소매업; 자동차 제외,4
2025-04,아르헨티나,우편 및 통신업,5
2025-04,아르헨티나,의료  정밀  광학기기 및 시계 제조업,4
2025-04,아르헨티나,의료용 물질 및 의약품 제조업,4
2025-04,아르헨티나,의복  의복 액세서리 및 모피제품 제조업,4
2025-04,아르헨티나,자동차 및 부품 판매업,4
2025-04,아르헨티나,자동차 및 트레일러 제조업,4
2025-04,아르헨티나,전기장비 제조업,4
2025-04,아르헨티나,전자부품  컴퓨터  영상  음향 및 통신장비 제조업,4
2025-04,아르헨티나,펄프  종이 및 종이제품 제조업,4
2025-04,아르헨티나,화학물질 및 화학제품 제조업; 의약품 제외,4
2025-04,아이슬란드,개인 및 소비용품 수리업,2
2025-04,아이슬란드,고무 및 플라스틱제품 제조업,2
2025-04,아이슬란드,기타 전문  과학 및 기술 서비스업,2
2025-04,아이슬란드,소매업; 자동차 제외,2
2025-04,아이슬란드,자동차 및 부품 판매업,2
2025-04,아이슬란드,전문직별 공사업,2
2025-04,아이티,자동차 및 부품 판매업,5
2025-04,아일랜드,고무 및 플라스틱제품 제조업,1
2025-04,아일랜드,금속가공제품 제조업; 기계 및 가구 제외,1
2025-04,아일랜드,금융업,5
2025-04,아일랜드,기타 개인 서비스업,1
2025-04,아일랜드,기타 제품 제조업,1
2025-04,아일랜드,농업,1
2025-04,아일랜드,도매 및 상품 중개업,1
2025-04,아일랜드,비금속 광물제품 제조업,1
2025-04,아일랜드,소매업; 자동차 제외,1
2025-04,아일랜드,식료품 제조업,1
2025-04,아일랜드,의료  정밀  광학기기 및 시계 제조업,1
2025-04,아일랜드,자동차 및 부품 판매업,1
2025-04,아일랜드,자동차 및 트레일러 제조업,1
2025-04,아일랜드,전기장비 제조업,1
2025-04,아일랜드,전문직별 공사업,1
2025-04,아일랜드,전자부품  컴퓨터  영상  음향 및 통신장비 제조업,1
2025-04,아일랜드,컴퓨터 프로그래밍  시스템 통합 및 관리업,1
2025-04,아일랜드,코크스  연탄 및 석유정제품 제조업,1
2025-04,아일랜드,펄프  종이 및 종이제품 제조업,1
2025-04,아일랜드,화학물질 및 화학제품 제조업; 의약품 제외,1
2025-04,아제르바이잔,1차 금속 제조업,4
2025-04,아제르바이잔,개인 및 소비용품 수리업,4
2025-04,아제르바이잔,도매 및 상품 중개업,5
2025-04,아제르바이잔,부동산업,4
2025-04,아제르바이잔,비금속 광물제품 제조업,4
2025-04,아제르바이잔,소매업; 자동차 제외,4
2025-04,아제르바이잔,자동차 및 부품 판매업,4
2025-04,아제르바이잔,컴퓨터 프로그래밍  시스템 통합 및 관리업,4
2025-04,아제르바이잔,화학물질 및 화학제품 제조업; 의약품 제외,4
2025-04,안도라,개인 및 소비용품 수리업,3
2025-04,안도라,도매 및 상품 중개업,3
2025-04,알제리,가죽  가방 및 신발 제조업,4
2025-04,알제리,고무 및 플라스틱제품 제조업,5
2025-04,알제리,기타 제품 제조업,4
2025-04,알제리,도매 및 상품 중개업,4
2025-04,알제리,비금속 광물제품 제조업,5
2025-04,알제리,의료용 물질 및 의약품 제조업,4
2025-04,알제리,의복  의복 액세서리 및 모피제품 제조업,4
2025-04,알제리,자동차 및 부품 판매업,4
2025-04,알제리,전기장비 제조업,5
2025-04,알제리,전문직별 공사업,4
2025-04,알제리,전자부품  컴퓨터  영상  음향 및 통신장비 제조업,4
2025-04,알제리,화학물질 및 화학제품 제조업; 의약품 제외,5
2025-04,에스토니아,개인 및 소비용품 수리업,2
2025-04,에스토니아,금속가공제품 제조업; 기계 및 가구 제외,2
2025-04,에스토니아,기타 기계 및 장비 제조업,2
2025-04,에스토니아,도매 및 상품 중개업,2
2025-04,에스토니아,산업용 기계 및 장비 수리업,2
2025-04,에스토니아,섬유제품 제조업; 의복제외,2
2025-04,에스토니아,소매업; 자동차 제외,3
2025-04,에스토니아,임대업; 부동산 제외,2
2025-04,에스토니아,자동차 및 부품 판매업,2
2025-04,에스토니아,전자부품  컴퓨터  영상  음향 및 통신장비 제조업,2
2025-04,에스토니아,화학물질 및 화학제품 제조업; 의약품 제외,2
2025-04,에콰도르,1차 금속 제조업,4
2025-04,에콰도르,가구 제조업,4
2025-04,에콰도르,고무 및 플라스틱제품 제조업,4
2025-04,에콰도르,금속가공제품 제조업; 기계 및 가구 제외,4
2025-04,에콰도르,도매 및 상품 중개업,4
2025-04,에콰도르,섬유제품 제조업; 의복제외,4
2025-04,에콰도르,소매업; 자동차 제외,4
2025-04,에콰도르,식료품 제조업,4
2025-04,에콰도르,어업,4
2025-04,에콰도르,의료용 물질 및 의약품 제조업,5
2025-04,에콰도르,자동차 및 부품 판매업,4
2025-04,에콰도르,자동차 및 트레일러 제조업,4
2025-04,에콰도르,전기장비 제조업,5
2025-04,에콰도르,펄프  종이 및 종이제품 제조업,4
2025-04,에콰도르,화학물질 및 화학제품 제조업; 의약품 제외,5
2025-04,에티오피아,도매 및 상품 중개업,5
2025-04,엘살바도르,고무 및 플라스틱제품 제조업,4
2025-04,엘살바도르,도매 및 상품 중개업,4
2025-04,엘살바도르,섬유제품 제조업; 의복제외,4
2025-04,엘살바도르,소매업; 자동차 제외,4
2025-04,엘살바도르,우편 및 통신업,4
2025-04,엘살바도르,자동차 및 부품 판매업,4
2025-04,엘살바도르,화학물질 및 화학제품 제조업; 의약품 제외,4
2025-04,영국,1차 금속 제조업,2
2025-04,영국,개인 및 소비용품 수리업,3
2025-04,영국,고무 및 플라스틱제품 제조업,2
2025-04,영국,금속가공제품 제조업; 기계 및 가구 제외,2
2025-04,영국,금융업,2
2025-04,영국,기타 개인 서비스업,2
2025-04,영국,기타 기계 및 장비 제조업,2
2025-04,영국,기타 운송장비 제조업,2
2025-04,영국,기타 전문  과학 및 기술 서비스업,2
2025-04,영국,기타 제품 제조업,2
2025-04,영국,도매 및 상품 중개업,2
2025-04,영국,목재 및 나무제품 제조업; 가구 제외,2
2025-04,영국,비금속 광물제품 제조업,2
2025-04,영국,사업지원 서비스업,2
2025-04,영국,산업용 기계 및 장비 수리업,2
2025-04,영국,섬유제품 제조업; 의복제외,2
2025-04,영국,소매업; 자동차 제외,2
2025-04,영국,수상 운송업,2
2025-04,영국,스포츠 및 오락관련 서비스업,2
2025-04,영국,식료품 제조업,2
2025-04,영국,우편 및 통신업,2
2025-04,영국,의료  정밀  광학기기 및 시계 제조업,2
2025-04,영국,의료용 물질 및 의약품 제조업,2
2025-04,영국,의복  의복 액세서리 및 모피제품 제조업,2
2025-04,영국,인쇄 및 기록매체 복제업,2
2025-04,영국,자동차 및 부품 판매업,2
2025-04,영국,자동차 및 트레일러 제조업,2
2025-04,영국,전기  가스  증기 및 공기조절 공급업,2
2025-04,영국,전기장비 제조업,2
2025-04,영국,전문 서비스업,3
2025-04,영국,전자부품  컴퓨터  영상  음향 및 통신장비 제조업,2
2025-04,영국,종합 건설업,2
2025-04,영국,창고 및 운송관련 서비스업,2
2025-04,영국,출판업,2
2025-04,영국,컴퓨터 프로그래밍  시스템 통합 및 관리업,2
2025-04,영국,코크스  연탄 및 석유정제품 제조업,2
2025-04,영국,펄프  종이 및 종이제품 제조업,2
2025-04,영국,화학물질 및 화학제품 제조업; 의약품 제외,2
2025-04,영국령 버진군도,금융 및 보험 관련 서비스업,4
2025-04,영국령 버진군도,금융업,4
2025-04,오만,1차 금속 제조업,3
2025-04,오만,가구 제조업,5
2025-04,오만,건축기술  엔지니어링 및 기타 과학기술 서비스업,2
2025-04,오만,고무 및 플라스틱제품 제조업,3
2025-04,오만,도매 및 상품 중개업,3
2025-04,오만,식료품 제조업,3
2025-04,오만,자동차 및 부품 판매업,2
2025-04,오만,종합 건설업,3
2025-04,오만,컴퓨터 프로그래밍  시스템 통합 및 관리업,4
2025-04,오만,화학물질 및 화학제품 제조업; 의약품 제외,3
2025-04,오스트리아,1차 금속 제조업,2
2025-04,오스트리아,가구 제조업,1
2025-04,오스트리아,고무 및 플라스틱제품 제조업,1
2025-04,오스트리아,기타 기계 및 장비 제조업,1
2025-04,오스트리아,기타 제품 제조업,2
2025-04,오스트리아,도매 및 상품 중개업,2
2025-04,오스트리아,비금속 광물제품 제조업,1
2025-04,오스트리아,산업용 기계 및 장비 수리업,1
2025-04,오스트리아,섬유제품 제조업; 의복제외,2
2025-04,오스트리아,식료품 제조업,1
2025-04,오스트리아,음료 제조업,1
2025-04,오스트리아,의료  정밀  광학기기 및 시계 제조업,1
2025-04,오스트리아,자동차 및 부품 판매업,1
2025-04,오스트리아,자동차 및 트레일러 제조업,2
2025-04,오스트리아,전기장비 제조업,2
2025-04,오스트리아,전문직별 공사업,2
2025-04,오스트리아,펄프  종이 및 종이제품 제조업,1
2025-04,오스트리아,화학물질 및 화학제품 제조업; 의약품 제외,1
2025-04,온두라스,1차 금속 제조업,4
2025-04,온두라스,건축기술  엔지니어링 및 기타 과학기술 서비스업,4
2025-04,온두라스,고무 및 플라스틱제품 제조업,4
2025-04,온두라스,금속가공제품 제조업; 기계 및 가구 제외,4
2025-04,온두라스,농업,4
2025-04,온두라스,도매 및 상품 중개업,4
2025-04,온두라스,섬유제품 제조업; 의복제외,4
2025-04,온두라스,소매업; 자동차 제외,4
2025-04,온두라스,식료품 제조업,4
2025-04,온두라스,자동차 및 부품 판매업,5
2025-04,요르단,가구 제조업,3
2025-04,요르단,고무 및 플라스틱제품 제조업,3
2025-04,요르단,금속가공제품 제조업; 기계 및 가구 제외,3
2025-04,요르단,금융업,3
2025-04,요르단,기타 기계 및 장비 제조업,3
2025-04,요르단,농업,4
2025-04,요르단,도매 및 상품 중개업,4
2025-04,요르단,비금속 광물제품 제조업,3
2025-04,요르단,소매업; 자동차 제외,4
2025-04,요르단,식료품 제조업,3
2025-04,요르단,의료용 물질 및 의약품 제조업,3
2025-04,요르단,자동차 및 부품 판매업,3
2025-04,요르단,전기장비 제조업,3
2025-04,요르단,펄프  종이 및 종이제품 제조업,5
2025-04,요르단,협회 및 단체,3
2025-04,요르단,화학물질 및 화학제품 제조업; 의약품 제외,3
2025-04,우간다,1차 금속 제조업,5
2025-04,우간다,도매 및 상품 중개업,5
2025-04,우루과이,1차 금속 제조업,4
2025-04,우루과이,도매 및 상품 중개업,4
2025-04,우루과이,음료 제조업,4
2025-04,우루과이,의료용 물질 및 의약품 제조업,4
2025-04,우루과이,자동차 및 부품 판매업,4
2025-04,우루과이,자동차 및 트레일러 제조업,4
2025-04,우루과이,전문직별 공사업,4
2025-04,우루과이,컴퓨터 프로그래밍  시스템 통합 및 관리업,4
2025-04,우루과이,펄프  종이 및 종이제품 제조업,4
2025-04,우루과이,화학물질 및 화학제품 제조업; 의약품 제외,4
2025-04,우즈베키스탄,1차 금속 제조업,4
2025-04,우즈베키스탄,고무 및 플라스틱제품 제조업,5
2025-04,우즈베키스탄,도매 및 상품 중개업,5
2025-04,우즈베키스탄,소매업; 자동차 제외,4
2025-04,우즈베키스탄,음식점 및 주점업,4
2025-04,우즈베키스탄,의료용 물질 및 의약품 제조업,4
2025-04,우즈베키스탄,자동차 및 부품 판매업,5
2025-04,우즈베키스탄,자동차 및 트레일러 제조업,5
2025-04,우즈베키스탄,전기장비 제조업,5
2025-04,우즈베키스탄,펄프  종이 및 종이제품 제조업,4
2025-04,우크라이나,고무 및 플라스틱제품 제조업,4
2025-04,우크라이나,도매 및 상품 중개업,5
2025-04,우크라이나,자동차 및 부품 판매업,4
2025-04,우크라이나,전기장비 제조업,4
2025-04,이라크,도매 및 상품 중개업,5
2025-04,이라크,자동차 및 부품 판매업,5
2025-04,이스라엘,고무 및 플라스틱제품 제조업,3
2025-04,이스라엘,금속가공제품 제조업; 기계 및 가구 제외,3
2025-04,이스라엘,금융업,3
2025-04,이스라엘,기타 기계 및 장비 제조업,3
2025-04,이스라엘,도매 및 상품 중개업,3
2025-04,이스라엘,비금속 광물제품 제조업,3
2025-04,이스라엘,산업용 기계 및 장비 수리업,3
2025-04,이스라엘,섬유제품 제조업; 의복제외,3
2025-04,이스라엘,소매업; 자동차 제외,3
2025-04,이스라엘,식료품 제조업,3
2025-04,이스라엘,우편 및 통신업,3
2025-04,이스라엘,의료  정밀  광학기기 및 시계 제조업,3
2025-04,이스라엘,의료용 물질 및 의약품 제조업,3
2025-04,이스라엘,의복  의복 액세서리 및 모피제품 제조업,3
2025-04,이스라엘,자동차 및 부품 판매업,3
2025-04,이스라엘,전기장비 제조업,3
2025-04,이스라엘,전문직별 공사업,3
2025-04,이스라엘,전자부품  컴퓨터  영상  음향 및 통신장비 제조업,3
2025-04,이스라엘,출판업,3
2025-04,이스라엘,컴퓨터 프로그래밍  시스템 통합 및 관리업,3
2025-04,이스라엘,펄프  종이 및 종이제품 제조업,3
2025-04,이스라엘,화학물질 및 화학제품 제조업; 의약품 제외,3
2025-04,이집트,1차 금속 제조업,5
2025-04,이집트,가구 제조업,5
2025-04,이집트,고무 및 플라스틱제품 제조업,5
2025-04,이집트,금속가공제품 제조업; 기계 및 가구 제외,5
2025-04,이집트,기타 기계 및 장비 제조업,4
2025-04,이집트,도매 및 상품 중개업,5
2025-04,이집트,부동산업,4
2025-04,이집트,비금속 광물제품 제조업,4
2025-04,이집트,사업지원 서비스업,4
2025-04,이집트,섬유제품 제조업; 의복제외,4
2025-04,이집트,소매업; 자동차 제외,4
2025-04,이집트,식료품 제조업,4
2025-04,이집트,우편 및 통신업,4
2025-04,이집트,의료  정밀  광학기기 및 시계 제조업,4
2025-04,이집트,의료용 물질 및 의약품 제조업,4
2025-04,이집트,의복  의복 액세서리 및 모피제품 제조업,4
2025-04,이집트,자동차 및 부품 판매업,5
2025-04,이집트,자동차 및 트레일러 제조업,4
2025-04,이집트,전기장비 제조업,5
2025-04,이집트,전문직별 공사업,4
2025-04,이집트,전자부품  컴퓨터  영상  음향 및 통신장비 제조업,5
2025-04,이집트,출판업,4
2025-04,이집트,코크스  연탄 및 석유정제품 제조업,4
2025-04,이집트,펄프  종이 및 종이제품 제조업,5
2025-04,이집트,화학물질 및 화학제품 제조업; 의약품 제외,5
2025-04,이탈리아,1차 금속 제조업,3
2025-04,이탈리아,가구 제조업,2
2025-04,이탈리아,가죽  가방 및 신발 제조업,2
2025-04,이탈리아,개인 및 소비용품 수리업,2
2025-04,이탈리아,고무 및 플라스틱제품 제조업,2
2025-04,이탈리아,금속가공제품 제조업; 기계 및 가구 제외,2
2025-04,이탈리아,금융업,2
2025-04,이탈리아,기타 기계 및 장비 제조업,2
2025-04,이탈리아,기타 운송장비 제조업,2
2025-04,이탈리아,기타 제품 제조업,3
2025-04,이탈리아,농업,3
2025-04,이탈리아,도매 및 상품 중개업,2
2025-04,이탈리아,비금속 광물제품 제조업,2
2025-04,이탈리아,산업용 기계 및 장비 수리업,2
2025-04,이탈리아,섬유제품 제조업; 의복제외,2
2025-04,이탈리아,소매업; 자동차 제외,3
2025-04,이탈리아,수상 운송업,2
2025-04,이탈리아,식료품 제조업,2
2025-04,이탈리아,우편 및 통신업,2
2025-04,이탈리아,음료 제조업,2
2025-04,이탈리아,의료  정밀  광학기기 및 시계 제조업,2
2025-04,이탈리아,의료용 물질 및 의약품 제조업,2
2025-04,이탈리아,의복  의복 액세서리 및 모피제품 제조업,2
2025-04,이탈리아,인쇄 및 기록매체 복제업,2
2025-04,이탈리아,임대업; 부동산 제외,3
2025-04,이탈리아,자동차 및 부품 판매업,2
2025-04,이탈리아,자동차 및 트레일러 제조업,2
2025-04,이탈리아,전기  가스  증기 및 공기조절 공급업,2
2025-04,이탈리아,전기장비 제조업,2
2025-04,이탈리아,전문 서비스업,2
2025-04,이탈리아,전문직별 공사업,2
2025-04,이탈리아,전자부품  컴퓨터  영상  음향 및 통신장비 제조업,2
2025-04,이탈리아,종합 건설업,2
2025-04,이탈리아,창고 및 운송관련 서비스업,2
2025-04,이탈리아,출판업,2
2025-04,이탈리아,컴퓨터 프로그래밍  시스템 통합 및 관리업,2
2025-04,이탈리아,코크스  연탄 및 석유정제품 제조업,2
2025-04,이탈리아,펄프  종이 및 종이제품 제조업,2
2025-04,이탈리아,화학물질 및 화학제품 제조업; 의약품 제외,2
2025-04,인도,1차 금속 제조업,4
2025-04,인도,가구 제조업,4
2025-04,인도,가죽  가방 및 신발 제조업,4
2025-04,인도,개인 및 소비용품 수리업,4
2025-04,인도,건축기술  엔지니어링 및 기타 과학기술 서비스업,4
2025-04,인도,고무 및 플라스틱제품 제조업,4
2025-04,인도,교육 서비스업,4
2025-04,인도,금속가공제품 제조업; 기계 및 가구 제외,4
2025-04,인도,금융 및 보험 관련 서비스업,4
2025-04,인도,기타 개인 서비스업,5
2025-04,인도,기타 기계 및 장비 제조업,4
2025-04,인도,기타 운송장비 제조업,4
2025-04,인도,기타 제품 제조업,4
2025-04,인도,농업,4
2025-04,인도,도매 및 상품 중개업,4
2025-04,인도,방송업,4
2025-04,인도,보건업,4
2025-04,인도,부동산업,4
2025-04,인도,비금속 광물제품 제조업,4
2025-04,인도,섬유제품 제조업; 의복제외,4
2025-04,인도,소매업; 자동차 제외,4
2025-04,인도,수상 운송업,4
2025-04,인도,숙박업,4
2025-04,인도,식료품 제조업,4
2025-04,인도,우편 및 통신업,4
2025-04,인도,음료 제조업,4
2025-04,인도,의료  정밀  광학기기 및 시계 제조업,4
2025-04,인도,의료용 물질 및 의약품 제조업,4
2025-04,인도,의복  의복 액세서리 및 모피제품 제조업,4
2025-04,인도,인쇄 및 기록매체 복제업,4
2025-04,인도,자동차 및 부품 판매업,4
2025-04,인도,자동차 및 트레일러 제조업,4
2025-04,인도,전기장비 제조업,4
2025-04,인도,전문직별 공사업,4
2025-04,인도,전자부품  컴퓨터  영상  음향 및 통신장비 제조업,4
2025-04,인도,종합 건설업,4
2025-04,인도,창고 및 운송관련 서비스업,4
2025-04,인도,출판업,4
2025-04,인도,컴퓨터 프로그래밍  시스템 통합 및 관리업,5
2025-04,인도,코크스  연탄 및 석유정제품 제조업,4
2025-04,인도,펄프  종이 및 종이제품 제조업,4
2025-04,인도,화학물질 및 화학제품 제조업; 의약품 제외,4
2025-04,인도네시아,1차 금속 제조업,4
2025-04,인도네시아,가죽  가방 및 신발 제조업,3
2025-04,인도네시아,건축기술  엔지니어링 및 기타 과학기술 서비스업,3
2025-04,인도네시아,고무 및 플라스틱제품 제조업,4
2025-04,인도네시아,금속 광업,4
2025-04,인도네시아,금속가공제품 제조업; 기계 및 가구 제외,4
2025-04,인도네시아,기타 기계 및 장비 제조업,3
2025-04,인도네시아,담배 제조업,3
2025-04,인도네시아,도매 및 상품 중개업,4
2025-04,인도네시아,비금속 광물제품 제조업,4
2025-04,인도네시아,사업시설 관리 및 조경 서비스업,3
2025-04,인도네시아,석탄  원유 및 천연가스 광업,4
2025-04,인도네시아,섬유제품 제조업; 의복제외,4
2025-04,인도네시아,소매업; 자동차 제외,3
2025-04,인도네시아,식료품 제조업,3
2025-04,인도네시아,음료 제조업,4
2025-04,인도네시아,의료용 물질 및 의약품 제조업,3
2025-04,인도네시아,의복  의복 액세서리 및 모피제품 제조업,4
2025-04,인도네시아,인쇄 및 기록매체 복제업,4
2025-04,인도네시아,임대업; 부동산 제외,4
2025-04,인도네시아,자동차 및 부품 판매업,3
2025-04,인도네시아,자동차 및 트레일러 제조업,3
2025-04,인도네시아,전기장비 제조업,3
2025-04,인도네시아,전문직별 공사업,4
2025-04,인도네시아,전자부품  컴퓨터  영상  음향 및 통신장비 제조업,3
2025-04,인도네시아,종합 건설업,4
2025-04,인도네시아,창고 및 운송관련 서비스업,3
2025-04,인도네시아,펄프  종이 및 종이제품 제조업,3
2025-04,인도네시아,화학물질 및 화학제품 제조업; 의약품 제외,4
2025-04,일본,1차 금속 제조업,2
2025-04,일본,가죽  가방 및 신발 제조업,2
2025-04,일본,개인 및 소비용품 수리업,2
2025-04,일본,건축기술  엔지니어링 및 기타 과학기술 서비스업,2
2025-04,일본,고무 및 플라스틱제품 제조업,2
2025-04,일본,금속가공제품 제조업; 기계 및 가구 제외,2
2025-04,일본,금융업,2
2025-04,일본,기타 개인 서비스업,2
2025-04,일본,기타 기계 및 장비 제조업,2
2025-04,일본,기타 운송장비 제조업,2
2025-04,일본,기타 제품 제조업,2
2025-04,일본,농업,2
2025-04,일본,도매 및 상품 중개업,2
2025-04,일본,부동산업,2
2025-04,일본,비금속 광물제품 제조업,2
2025-04,일본,사업지원 서비스업,2
2025-04,일본,섬유제품 제조업; 의복제외,2
2025-04,일본,소매업; 자동차 제외,2
2025-04,일본,수상 운송업,2
2025-04,일본,식료품 제조업,2
2025-04,일본,우편 및 통신업,2
2025-04,일본,육상운송 및 파이프라인 운송업,2
2025-04,일본,음료 제조업,2
2025-04,일본,의료  정밀  광학기기 및 시계 제조업,2
2025-04,일본,의료용 물질 및 의약품 제조업,2
2025-04,일본,의복  의복 액세서리 및 모피제품 제조업,2
2025-04,일본,인쇄 및 기록매체 복제업,2
2025-04,일본,자동차 및 부품 판매업,2
2025-04,일본,자동차 및 트레일러 제조업,2
2025-04,일본,전기  가스  증기 및 공기조절 공급업,2
2025-04,일본,전기장비 제조업,2
2025-04,일본,전문 서비스업,2
2025-04,일본,전문직별 공사업,2
2025-04,일본,전자부품  컴퓨터  영상  음향 및 통신장비 제조업,2
2025-04,일본,종합 건설업,2
2025-04,일본,창고 및 운송관련 서비스업,2
2025-04,일본,출판업,2
2025-04,일본,코크스  연탄 및 석유정제품 제조업,2
2025-04,일본,펄프  종이 및 종이제품 제조업,2
2025-04,일본,협회 및 단체,2
2025-04,일본,화학물질 및 화학제품 제조업; 의약품 제외,2
2025-04,자메이카,도매 및 상품 중개업,5
2025-04,자메이카,소매업; 자동차 제외,4
2025-04,자메이카,자동차 및 부품 판매업,4
2025-04,조지아,고무 및 플라스틱제품 제조업,4
2025-04,조지아,도매 및 상품 중개업,4
2025-04,조지아,소매업; 자동차 제외,4
2025-04,조지아,자동차 및 부품 판매업,4
2025-04,조지아,전문직별 공사업,4
2025-04,조지아,출판업,4
2025-04,중국,1차 금속 제조업,4
2025-04,중국,가구 제조업,4
2025-04,중국,가죽  가방 및 신발 제조업,4
2025-04,중국,개인 및 소비용품 수리업,4
2025-04,중국,건축기술  엔지니어링 및 기타 과학기술 서비스업,4
2025-04,중국,고무 및 플라스틱제품 제조업,4
2025-04,중국,공공행정  국방 및 사회보장 행정,4
2025-04,중국,교육 서비스업,4
2025-04,중국,금속가공제품 제조업; 기계 및 가구 제외,4
2025-04,중국,금융업,4
2025-04,중국,기타 기계 및 장비 제조업,4
2025-04,중국,기타 운송장비 제조업,4
2025-04,중국,기타 전문  과학 및 기술 서비스업,4
2025-04,중국,기타 제품 제조업,4
2025-04,중국,담배 제조업,4
2025-04,중국,도매 및 상품 중개업,4
2025-04,중국,보건업,4
2025-04,중국,부동산업,4
2025-04,중국,비금속 광물제품 제조업,4
2025-04,중국,사업시설 관리 및 조경 서비스업,4
2025-04,중국,산업용 기계 및 장비 수리업,4
2025-04,중국,석탄  원유 및 천연가스 광업,4
2025-04,중국,섬유제품 제조업; 의복제외,4
2025-04,중국,소매업; 자동차 제외,4
2025-04,중국,수상 운송업,4
2025-04,중국,숙박업,4
2025-04,중국,스포츠 및 오락관련 서비스업,4
2025-04,중국,식료품 제조업,4
2025-04,중국,연구개발업,4
2025-04,중국,영상ㆍ오디오 기록물 제작 및 배급업,4
2025-04,중국,우편 및 통신업,4
2025-04,중국,육상운송 및 파이프라인 운송업,4
2025-04,중국,음료 제조업,4
2025-04,중국,의료  정밀  광학기기 및 시계 제조업,4
2025-04,중국,의료용 물질 및 의약품 제조업,4
2025-04,중국,의복  의복 액세서리 및 모피제품 제조업,4
2025-04,중국,인쇄 및 기록매체 복제업,4
2025-04,중국,자동차 및 부품 판매업,4
2025-04,중국,자동차 및 트레일러 제조업,4
2025-04,중국,전기  가스  증기 및 공기조절 공급업,4
2025-04,중국,전기장비 제조업,4
2025-04,중국,전문 서비스업,4
2025-04,중국,전문직별 공사업,4
2025-04,중국,전자부품  컴퓨터  영상  음향 및 통신장비 제조업,4
2025-04,중국,정보서비스업,4
2025-04,중국,종합 건설업,4
2025-04,중국,창고 및 운송관련 서비스업,4
2025-04,중국,출판업,4
2025-04,중국,컴퓨터 프로그래밍  시스템 통합 및 관리업,4
2025-04,중국,코크스  연탄 및 석유정제품 제조업,4
2025-04,중국,펄프  종이 및 종이제품 제조업,4
2025-04,중국,항공 운송업,4
2025-04,중국,화학물질 및 화학제품 제조업; 의약품 제외,4
2025-04,지부티,도매 및 상품 중개업,5
2025-04,지부티,자동차 및 부품 판매업,5
2025-04,체코,1차 금속 제조업,2
2025-04,체코,고무 및 플라스틱제품 제조업,2
2025-04,체코,금속가공제품 제조업; 기계 및 가구 제외,2
2025-04,체코,기타 기계 및 장비 제조업,2
2025-04,체코,도매 및 상품 중개업,2
2025-04,체코,목재 및 나무제품 제조업; 가구 제외,2
2025-04,체코,비금속 광물제품 제조업,2
2025-04,체코,비금속광물 광업; 연료용 제외,2
2025-04,체코,섬유제품 제조업; 의복제외,2
2025-04,체코,소매업; 자동차 제외,4
2025-04,체코,식료품 제조업,2
2025-04,체코,의료용 물질 및 의약품 제조업,2
2025-04,체코,의복  의복 액세서리 및 모피제품 제조업,2
2025-04,체코,인쇄 및 기록매체 복제업,2
2025-04,체코,자동차 및 부품 판매업,2
2025-04,체코,자동차 및 트레일러 제조업,2
2025-04,체코,전기장비 제조업,2
2025-04,체코,전문 서비스업,2
2025-04,체코,전자부품  컴퓨터  영상  음향 및 통신장비 제조업,2
2025-04,체코,화학물질 및 화학제품 제조업; 의약품 제외,2
2025-04,칠레,1차 금속 제조업,5
2025-04,칠레,가구 제조업,3
2025-04,칠레,개인 및 소비용품 수리업,3
2025-04,칠레,고무 및 플라스틱제품 제조업,5
2025-04,칠레,금속 광업,5
2025-04,칠레,금속가공제품 제조업; 기계 및 가구 제외,4
2025-04,칠레,기타 기계 및 장비 제조업,3
2025-04,칠레,농업,3
2025-04,칠레,도매 및 상품 중개업,3
2025-04,칠레,비금속 광물제품 제조업,3
2025-04,칠레,사업지원 서비스업,3
2025-04,칠레,섬유제품 제조업; 의복제외,3
2025-04,칠레,소매업; 자동차 제외,3
2025-04,칠레,식료품 제조업,3
2025-04,칠레,의료  정밀  광학기기 및 시계 제조업,3
2025-04,칠레,의료용 물질 및 의약품 제조업,3
2025-04,칠레,자동차 및 부품 판매업,3
2025-04,칠레,전기장비 제조업,3
2025-04,칠레,전문직별 공사업,4
2025-04,칠레,컴퓨터 프로그래밍  시스템 통합 및 관리업,3
2025-04,칠레,펄프  종이 및 종이제품 제조업,4
2025-04,칠레,화학물질 및 화학제품 제조업; 의약품 제외,3
2025-04,카메룬,금융업,5
2025-04,카보베르데,도매 및 상품 중개업,5
2025-04,카자흐스탄,고무 및 플라스틱제품 제조업,4
2025-04,카자흐스탄,금속 광업,5
2025-04,카자흐스탄,도매 및 상품 중개업,4
2025-04,카자흐스탄,비금속 광물제품 제조업,4
2025-04,카자흐스탄,소매업; 자동차 제외,4
2025-04,카자흐스탄,음료 제조업,4
2025-04,카자흐스탄,자동차 및 부품 판매업,4
2025-04,카자흐스탄,자동차 및 트레일러 제조업,4
2025-04,카자흐스탄,전자부품  컴퓨터  영상  음향 및 통신장비 제조업,4
2025-04,카자흐스탄,컴퓨터 프로그래밍  시스템 통합 및 관리업,4
2025-04,카타르,건축기술  엔지니어링 및 기타 과학기술 서비스업,4
2025-04,카타르,고무 및 플라스틱제품 제조업,2
2025-04,카타르,도매 및 상품 중개업,2
2025-04,카타르,석탄  원유 및 천연가스 광업,2
2025-04,카타르,소매업; 자동차 제외,2
2025-04,카타르,수상 운송업,2
2025-04,카타르,임대업; 부동산 제외,2
2025-04,카타르,자동차 및 부품 판매업,2
2025-04,카타르,전기장비 제조업,2
2025-04,카타르,전자부품  컴퓨터  영상  음향 및 통신장비 제조업,2
2025-04,카타르,종합 건설업,5
2025-04,카타르,화학물질 및 화학제품 제조업; 의약품 제외,2
2025-04,캄보디아,고무 및 플라스틱제품 제조업,5
2025-04,캄보디아,도매 및 상품 중개업,5
2025-04,캄보디아,소매업; 자동차 제외,5
2025-04,캄보디아,식료품 제조업,5
2025-04,캄보디아,의료용 물질 및 의약품 제조업,5
2025-04,캄보디아,자동차 및 부품 판매업,5
2025-04,캄보디아,자동차 및 트레일러 제조업,5
2025-04,캄보디아,전기장비 제조업,5
2025-04,캄보디아,전문직별 공사업,5
2025-04,캐나다,1차 금속 제조업,2
2025-04,캐나다,개인 및 소비용품 수리업,2
2025-04,캐나다,건축기술  엔지니어링 및 기타 과학기술 서비스업,2
2025-04,캐나다,고무 및 플라스틱제품 제조업,2
2025-04,캐나다,금속가공제품 제조업; 기계 및 가구 제외,2
2025-04,캐나다,금융업,2
2025-04,캐나다,기타 기계 및 장비 제조업,2
2025-04,캐나다,기타 운송장비 제조업,2
2025-04,캐나다,기타 제품 제조업,2
2025-04,캐나다,도매 및 상품 중개업,2
2025-04,캐나다,목재 및 나무제품 제조업; 가구 제외,2
2025-04,캐나다,보건업,2
2025-04,캐나다,비금속 광물제품 제조업,4
2025-04,캐나다,사업지원 서비스업,2
2025-04,캐나다,산업용 기계 및 장비 수리업,2
2025-04,캐나다,섬유제품 제조업; 의복제외,2
2025-04,캐나다,소매업; 자동차 제외,3
2025-04,캐나다,수상 운송업,2
2025-04,캐나다,식료품 제조업,2
2025-04,캐나다,연구개발업,2
2025-04,캐나다,우편 및 통신업,2
2025-04,캐나다,육상운송 및 파이프라인 운송업,5
2025-04,캐나다,의료  정밀  광학기기 및 시계 제조업,2
2025-04,캐나다,의료용 물질 및 의약품 제조업,2
2025-04,캐나다,의복  의복 액세서리 및 모피제품 제조업,2
2025-04,캐나다,인쇄 및 기록매체 복제업,2
2025-04,캐나다,자동차 및 부품 판매업,2
2025-04,캐나다,자동차 및 트레일러 제조업,2
2025-04,캐나다,전기  가스  증기 및 공기조절 공급업,2
2025-04,캐나다,전기장비 제조업,2
2025-04,캐나다,전문 서비스업,2
2025-04,캐나다,전문직별 공사업,2
2025-04,캐나다,전자부품  컴퓨터  영상  음향 및 통신장비 제조업,2
2025-04,캐나다,정보서비스업,2
2025-04,캐나다,출판업,2
2025-04,캐나다,코크스  연탄 및 석유정제품 제조업,2
2025-04,캐나다,펄프  종이 및 종이제품 제조업,2
2025-04,캐나다,화학물질 및 화학제품 제조업; 의약품 제외,2
2025-04,케냐,1차 금속 제조업,4
2025-04,케냐,가구 제조업,5
2025-04,케냐,가죽  가방 및 신발 제조업,4
2025-04,케냐,고무 및 플라스틱제품 제조업,5
2025-04,케냐,기타 기계 및 장비 제조업,4
2025-04,케냐,도매 및 상품 중개업,4
2025-04,케냐,섬유제품 제조업; 의복제외,5
2025-04,케냐,소매업; 자동차 제외,4
2025-04,케냐,식료품 제조업,4
2025-04,케냐,우편 및 통신업,4
2025-04,케냐,의복  의복 액세서리 및 모피제품 제조업,4
2025-04,케냐,전기장비 제조업,4
2025-04,케냐,출판업,4
2025-04,케냐,화학물질 및 화학제품 제조업; 의약품 제외,5
2025-04,코소보,자동차 및 부품 판매업,4
2025-04,코스타리카,고무 및 플라스틱제품 제조업,4
2025-04,코스타리카,금속가공제품 제조업; 기계 및 가구 제외,4
2025-04,코스타리카,기타 기계 및 장비 제조업,4
2025-04,코스타리카,도매 및 상품 중개업,4
2025-04,코스타리카,소매업; 자동차 제외,4
2025-04,코스타리카,자동차 및 부품 판매업,4
2025-04,코스타리카,전기장비 제조업,4
2025-04,코스타리카,컴퓨터 프로그래밍  시스템 통합 및 관리업,4
2025-04,코스타리카,화학물질 및 화학제품 제조업; 의약품 제외,4
2025-04,코트디부아르,고무 및 플라스틱제품 제조업,4
2025-04,코트디부아르,금속 광업,4
2025-04,코트디부아르,도매 및 상품 중개업,4
2025-04,코트디부아르,식료품 제조업,4
2025-04,코트디부아르,화학물질 및 화학제품 제조업; 의약품 제외,4
2025-04,콜롬비아,1차 금속 제조업,5
2025-04,콜롬비아,가구 제조업,4
2025-04,콜롬비아,개인 및 소비용품 수리업,4
2025-04,콜롬비아,건축기술  엔지니어링 및 기타 과학기술 서비스업,4
2025-04,콜롬비아,고무 및 플라스틱제품 제조업,4
2025-04,콜롬비아,금속 광업,4
2025-04,콜롬비아,금속가공제품 제조업; 기계 및 가구 제외,4
2025-04,콜롬비아,기타 기계 및 장비 제조업,4
2025-04,콜롬비아,기타 운송장비 제조업,4
2025-04,콜롬비아,기타 제품 제조업,4
2025-04,콜롬비아,농업,4
2025-04,콜롬비아,도매 및 상품 중개업,4
2025-04,콜롬비아,비금속 광물제품 제조업,4
2025-04,콜롬비아,산업용 기계 및 장비 수리업,5
2025-04,콜롬비아,섬유제품 제조업; 의복제외,4
2025-04,콜롬비아,소매업; 자동차 제외,4
2025-04,콜롬비아,식료품 제조업,4
2025-04,콜롬비아,육상운송 및 파이프라인 운송업,4
2025-04,콜롬비아,의료용 물질 및 의약품 제조업,4
2025-04,콜롬비아,의복  의복 액세서리 및 모피제품 제조업,4
2025-04,콜롬비아,인쇄 및 기록매체 복제업,4
2025-04,콜롬비아,자동차 및 부품 판매업,4
2025-04,콜롬비아,자동차 및 트레일러 제조업,4
2025-04,콜롬비아,전기장비 제조업,4
2025-04,콜롬비아,종합 건설업,5
2025-04,콜롬비아,출판업,5
2025-04,콜롬비아,펄프  종이 및 종이제품 제조업,4
2025-04,콜롬비아,화학물질 및 화학제품 제조업; 의약품 제외,4
2025-04,콩고,도매 및 상품 중개업,5
2025-04,콩고민주공화국,도매 및 상품 중개업,5
2025-04,콩고민주공화국,소매업; 자동차 제외,5
2025-04,쿠웨이트,가구 제조업,3
2025-04,쿠웨이트,금속가공제품 제조업; 기계 및 가구 제외,3
2025-04,쿠웨이트,기타 기계 및 장비 제조업,3
2025-04,쿠웨이트,도매 및 상품 중개업,3
2025-04,쿠웨이트,사업지원 서비스업,3
2025-04,쿠웨이트,소매업; 자동차 제외,3
2025-04,쿠웨이트,수도업,3
2025-04,쿠웨이트,자동차 및 부품 판매업,3
2025-04,쿠웨이트,전기장비 제조업,4
2025-04,쿠웨이트,출판업,3
2025-04,쿠웨이트,화학물질 및 화학제품 제조업; 의약품 제외,3
2025-04,크로아티아,개인 및 소비용품 수리업,3
2025-04,크로아티아,고무 및 플라스틱제품 제조업,3
2025-04,크로아티아,금속가공제품 제조업; 기계 및 가구 제외,3
2025-04,크로아티아,도매 및 상품 중개업,3
2025-04,크로아티아,섬유제품 제조업; 의복제외,3
2025-04,크로아티아,자동차 및 부품 판매업,3
2025-04,크로아티아,전기장비 제조업,3
2025-04,크로아티아,전문직별 공사업,3
2025-04,크로아티아,컴퓨터 프로그래밍  시스템 통합 및 관리업,3
2025-04,크로아티아,펄프  종이 및 종이제품 제조업,3
2025-04,크로아티아,화학물질 및 화학제품 제조업; 의약품 제외,3
2025-04,키르기즈공화국,도매 및 상품 중개업,5
2025-04,키르기즈공화국,자동차 및 부품 판매업,5
2025-04,타지키스탄,가구 제조업,5
2025-04,타지키스탄,고무 및 플라스틱제품 제조업,5
2025-04,타지키스탄,도매 및 상품 중개업,5
2025-04,탄자니아,1차 금속 제조업,5
2025-04,탄자니아,가구 제조업,5
2025-04,탄자니아,고무 및 플라스틱제품 제조업,5
2025-04,탄자니아,도매 및 상품 중개업,5
2025-04,탄자니아,섬유제품 제조업; 의복제외,5
2025-04,탄자니아,소매업; 자동차 제외,5
2025-04,탄자니아,자동차 및 부품 판매업,5
2025-04,탄자니아,전기장비 제조업,5
2025-04,탄자니아,전문직별 공사업,5
2025-04,태국,1차 금속 제조업,4
2025-04,태국,가구 제조업,3
2025-04,태국,가죽  가방 및 신발 제조업,3
2025-04,태국,고무 및 플라스틱제품 제조업,3
2025-04,태국,금속가공제품 제조업; 기계 및 가구 제외,4
2025-04,태국,기타 기계 및 장비 제조업,4
2025-04,태국,기타 제품 제조업,3
2025-04,태국,도매 및 상품 중개업,4
2025-04,태국,비금속 광물제품 제조업,3
2025-04,태국,섬유제품 제조업; 의복제외,3
2025-04,태국,소매업; 자동차 제외,3
2025-04,태국,수상 운송업,4
2025-04,태국,식료품 제조업,3
2025-04,태국,의료  정밀  광학기기 및 시계 제조업,4
2025-04,태국,의복  의복 액세서리 및 모피제품 제조업,3
2025-04,태국,인쇄 및 기록매체 복제업,3
2025-04,태국,자동차 및 부품 판매업,3
2025-04,태국,자동차 및 트레일러 제조업,3
2025-04,태국,전기장비 제조업,4
2025-04,태국,전문 서비스업,3
2025-04,태국,전자부품  컴퓨터  영상  음향 및 통신장비 제조업,4
2025-04,태국,종합 건설업,5
2025-04,태국,출판업,4
2025-04,태국,코크스  연탄 및 석유정제품 제조업,3
2025-04,태국,펄프  종이 및 종이제품 제조업,3
2025-04,태국,화학물질 및 화학제품 제조업; 의약품 제외,4
2025-04,토고,가구 제조업,5
2025-04,토고,도매 및 상품 중개업,5
2025-04,투르크메니스탄,공공행정  국방 및 사회보장 행정,5
2025-04,튀니지,가구 제조업,4
2025-04,튀니지,개인 및 소비용품 수리업,4
2025-04,튀니지,고무 및 플라스틱제품 제조업,4
2025-04,튀니지,도매 및 상품 중개업,4
2025-04,튀니지,비금속광물 광업; 연료용 제외,4
2025-04,튀니지,섬유제품 제조업; 의복제외,4
2025-04,튀니지,의료  정밀  광학기기 및 시계 제조업,4
2025-04,튀니지,의료용 물질 및 의약품 제조업,4
2025-04,튀니지,자동차 및 부품 판매업,5
2025-04,튀니지,자동차 및 트레일러 제조업,4
2025-04,튀니지,전기장비 제조업,4
2025-04,튀니지,전문직별 공사업,4
2025-04,튀니지,전자부품  컴퓨터  영상  음향 및 통신장비 제조업,4
2025-04,튀니지,펄프  종이 및 종이제품 제조업,5
2025-04,튀니지,화학물질 및 화학제품 제조업; 의약품 제외,4
2025-04,튀르키예(구 터키),1차 금속 제조업,5
2025-04,튀르키예(구 터키),가구 제조업,4
2025-04,튀르키예(구 터키),가죽  가방 및 신발 제조업,4
2025-04,튀르키예(구 터키),고무 및 플라스틱제품 제조업,4
2025-04,튀르키예(구 터키),금속가공제품 제조업; 기계 및 가구 제외,4
2025-04,튀르키예(구 터키),기타 기계 및 장비 제조업,4
2025-04,튀르키예(구 터키),기타 운송장비 제조업,5
2025-04,튀르키예(구 터키),기타 제품 제조업,4
2025-04,튀르키예(구 터키),농업,5
2025-04,튀르키예(구 터키),도매 및 상품 중개업,4
2025-04,튀르키예(구 터키),목재 및 나무제품 제조업; 가구 제외,4
2025-04,튀르키예(구 터키),방송업,4
2025-04,튀르키예(구 터키),비금속 광물제품 제조업,4
2025-04,튀르키예(구 터키),사업지원 서비스업,4
2025-04,튀르키예(구 터키),산업용 기계 및 장비 수리업,4
2025-04,튀르키예(구 터키),섬유제품 제조업; 의복제외,4
2025-04,튀르키예(구 터키),소매업; 자동차 제외,4
2025-04,튀르키예(구 터키),식료품 제조업,4
2025-04,튀르키예(구 터키),육상운송 및 파이프라인 운송업,4
2025-04,튀르키예(구 터키),의료  정밀  광학기기 및 시계 제조업,4
2025-04,튀르키예(구 터키),의료용 물질 및 의약품 제조업,4
2025-04,튀르키예(구 터키),의복  의복 액세서리 및 모피제품 제조업,4
2025-04,튀르키예(구 터키),인쇄 및 기록매체 복제업,4
2025-04,튀르키예(구 터키),자동차 및 부품 판매업,4
2025-04,튀르키예(구 터키),자동차 및 트레일러 제조업,4
2025-04,튀르키예(구 터키),전기장비 제조업,4
2025-04,튀르키예(구 터키),전문직별 공사업,5
2025-04,튀르키예(구 터키),전자부품  컴퓨터  영상  음향 및 통신장비 제조업,5
2025-04,튀르키예(구 터키),출판업,4
2025-04,튀르키예(구 터키),컴퓨터 프로그래밍  시스템 통합 및 관리업,4
2025-04,튀르키예(구 터키),코크스  연탄 및 석유정제품 제조업,4
2025-04,튀르키예(구 터키),펄프  종이 및 종이제품 제조업,4
2025-04,튀르키예(구 터키),화학물질 및 화학제품 제조업; 의약품 제외,4
2025-04,트리니다드토바고,금속가공제품 제조업; 기계 및 가구 제외,3
2025-04,트리니다드토바고,도매 및 상품 중개업,3
2025-04,트리니다드토바고,소매업; 자동차 제외,3
2025-04,트리니다드토바고,자동차 및 부품 판매업,3
2025-04,파나마,1차 금속 제조업,4
2025-04,파나마,금속가공제품 제조업; 기계 및 가구 제외,4
2025-04,파나마,금융업,4
2025-04,파나마,도매 및 상품 중개업,4
2025-04,파나마,소매업; 자동차 제외,4
2025-04,파나마,자동차 및 부품 판매업,4
2025-04,파나마,화학물질 및 화학제품 제조업; 의약품 제외,4
2025-04,파라과이,도매 및 상품 중개업,4
2025-04,파라과이,섬유제품 제조업; 의복제외,4
2025-04,파라과이,소매업; 자동차 제외,4
2025-04,파라과이,자동차 및 부품 판매업,5
2025-04,파라과이,전기장비 제조업,4
2025-04,파라과이,전문직별 공사업,4
2025-04,파라과이,화학물질 및 화학제품 제조업; 의약품 제외,4
2025-04,파키스탄,1차 금속 제조업,5
2025-04,파키스탄,가죽  가방 및 신발 제조업,5
2025-04,파키스탄,고무 및 플라스틱제품 제조업,5
2025-04,파키스탄,기타 기계 및 장비 제조업,5
2025-04,파키스탄,기타 제품 제조업,5
2025-04,파키스탄,담배 제조업,5
2025-04,파키스탄,도매 및 상품 중개업,5
2025-04,파키스탄,사업지원 서비스업,5
2025-04,파키스탄,섬유제품 제조업; 의복제외,5
2025-04,파키스탄,식료품 제조업,5
2025-04,파키스탄,의료  정밀  광학기기 및 시계 제조업,5
2025-04,파키스탄,의료용 물질 및 의약품 제조업,5
2025-04,파키스탄,의복  의복 액세서리 및 모피제품 제조업,5
2025-04,파키스탄,자동차 및 트레일러 제조업,5
2025-04,파키스탄,전기장비 제조업,5
2025-04,파키스탄,창고 및 운송관련 서비스업,5
2025-04,파키스탄,펄프  종이 및 종이제품 제조업,5
2025-04,파키스탄,화학물질 및 화학제품 제조업; 의약품 제외,5
2025-04,파푸아뉴기니,금속 광업,4
2025-04,파푸아뉴기니,식료품 제조업,4
2025-04,페루,1차 금속 제조업,4
2025-04,페루,가구 제조업,4
2025-04,페루,고무 및 플라스틱제품 제조업,4
2025-04,페루,광업 지원 서비스업,3
2025-04,페루,금속 광업,3
2025-04,페루,금속가공제품 제조업; 기계 및 가구 제외,4
2025-04,페루,농업,3
2025-04,페루,도매 및 상품 중개업,4
2025-04,페루,보건업,4
2025-04,페루,사업지원 서비스업,4
2025-04,페루,섬유제품 제조업; 의복제외,3
2025-04,페루,소매업; 자동차 제외,3
2025-04,페루,식료품 제조업,3
2025-04,페루,우편 및 통신업,4
2025-04,페루,의료용 물질 및 의약품 제조업,3
2025-04,페루,인쇄 및 기록매체 복제업,4
2025-04,페루,임대업; 부동산 제외,4
2025-04,페루,자동차 및 부품 판매업,4
2025-04,페루,자동차 및 트레일러 제조업,3
2025-04,페루,전기장비 제조업,3
2025-04,페루,전문직별 공사업,3
2025-04,페루,코크스  연탄 및 석유정제품 제조업,5
2025-04,페루,펄프  종이 및 종이제품 제조업,5
2025-04,페루,화학물질 및 화학제품 제조업; 의약품 제외,3
2025-04,포르투갈,1차 금속 제조업,2
2025-04,포르투갈,개인 및 소비용품 수리업,2
2025-04,포르투갈,고무 및 플라스틱제품 제조업,2
2025-04,포르투갈,금속가공제품 제조업; 기계 및 가구 제외,2
2025-04,포르투갈,금융업,2
2025-04,포르투갈,기타 기계 및 장비 제조업,2
2025-04,포르투갈,도매 및 상품 중개업,2
2025-04,포르투갈,비금속 광물제품 제조업,2
2025-04,포르투갈,산업용 기계 및 장비 수리업,2
2025-04,포르투갈,섬유제품 제조업; 의복제외,2
2025-04,포르투갈,소매업; 자동차 제외,2
2025-04,포르투갈,우편 및 통신업,2
2025-04,포르투갈,의료  정밀  광학기기 및 시계 제조업,2
2025-04,포르투갈,의료용 물질 및 의약품 제조업,2
2025-04,포르투갈,자동차 및 부품 판매업,2
2025-04,포르투갈,자동차 및 트레일러 제조업,2
2025-04,포르투갈,전기장비 제조업,2
2025-04,포르투갈,전문직별 공사업,2
2025-04,포르투갈,전자부품  컴퓨터  영상  음향 및 통신장비 제조업,2
2025-04,포르투갈,컴퓨터 프로그래밍  시스템 통합 및 관리업,2
2025-04,포르투갈,펄프  종이 및 종이제품 제조업,2
2025-04,포르투갈,화학물질 및 화학제품 제조업; 의약품 제외,2
2025-04,폴란드,1차 금속 제조업,4
2025-04,폴란드,개인 및 소비용품 수리업,3
2025-04,폴란드,건축기술  엔지니어링 및 기타 과학기술 서비스업,3
2025-04,폴란드,고무 및 플라스틱제품 제조업,3
2025-04,폴란드,금속가공제품 제조업; 기계 및 가구 제외,3
2025-04,폴란드,금융 및 보험 관련 서비스업,3
2025-04,폴란드,기타 기계 및 장비 제조업,3
2025-04,폴란드,도매 및 상품 중개업,3
2025-04,폴란드,목재 및 나무제품 제조업; 가구 제외,3
2025-04,폴란드,비금속 광물제품 제조업,3
2025-04,폴란드,사업지원 서비스업,3
2025-04,폴란드,산업용 기계 및 장비 수리업,3
2025-04,폴란드,섬유제품 제조업; 의복제외,3
2025-04,폴란드,소매업; 자동차 제외,3
2025-04,폴란드,식료품 제조업,3
2025-04,폴란드,우편 및 통신업,3
2025-04,폴란드,육상운송 및 파이프라인 운송업,3
2025-04,폴란드,의료  정밀  광학기기 및 시계 제조업,3
2025-04,폴란드,의료용 물질 및 의약품 제조업,3
2025-04,폴란드,의복  의복 액세서리 및 모피제품 제조업,3
2025-04,폴란드,자동차 및 부품 판매업,3
2025-04,폴란드,자동차 및 트레일러 제조업,3
2025-04,폴란드,전기장비 제조업,3
2025-04,폴란드,전문 서비스업,3
2025-04,폴란드,전문직별 공사업,3
2025-04,폴란드,전자부품  컴퓨터  영상  음향 및 통신장비 제조업,4
2025-04,폴란드,컴퓨터 프로그래밍  시스템 통합 및 관리업,3
2025-04,폴란드,코크스  연탄 및 석유정제품 제조업,3
2025-04,폴란드,펄프  종이 및 종이제품 제조업,3
2025-04,폴란드,화학물질 및 화학제품 제조업; 의약품 제외,3
2025-04,푸에르토리코,도매 및 상품 중개업,4
2025-04,푸에르토리코,자동차 및 부품 판매업,4
2025-04,프랑스,건축기술  엔지니어링 및 기타 과학기술 서비스업,2
2025-04,프랑스,고무 및 플라스틱제품 제조업,2
2025-04,프랑스,금속가공제품 제조업; 기계 및 가구 제외,2
2025-04,프랑스,금융업,2
2025-04,프랑스,기타 기계 및 장비 제조업,3
2025-04,프랑스,기타 전문  과학 및 기술 서비스업,2
2025-04,프랑스,기타 제품 제조업,2
2025-04,프랑스,도매 및 상품 중개업,2
2025-04,프랑스,목재 및 나무제품 제조업; 가구 제외,3
2025-04,프랑스,부동산업,2
2025-04,프랑스,비금속 광물제품 제조업,2
2025-04,프랑스,비금속광물 광업; 연료용 제외,2
2025-04,프랑스,사업지원 서비스업,2
2025-04,프랑스,산업용 기계 및 장비 수리업,2
2025-04,프랑스,섬유제품 제조업; 의복제외,2
2025-04,프랑스,소매업; 자동차 제외,3
2025-04,프랑스,수상 운송업,2
2025-04,프랑스,연구개발업,2
2025-04,프랑스,우편 및 통신업,2
2025-04,프랑스,의료  정밀  광학기기 및 시계 제조업,2
2025-04,프랑스,의료용 물질 및 의약품 제조업,2
2025-04,프랑스,의복  의복 액세서리 및 모피제품 제조업,2
2025-04,프랑스,자동차 및 부품 판매업,2
2025-04,프랑스,자동차 및 트레일러 제조업,2
2025-04,프랑스,전기장비 제조업,2
2025-04,프랑스,전문 서비스업,2
2025-04,프랑스,전문직별 공사업,2
2025-04,프랑스,전자부품  컴퓨터  영상  음향 및 통신장비 제조업,2
2025-04,프랑스,종합 건설업,2
2025-04,프랑스,출판업,2
2025-04,프랑스,컴퓨터 프로그래밍  시스템 통합 및 관리업,2
2025-04,프랑스,코크스  연탄 및 석유정제품 제조업,2
2025-04,프랑스,펄프  종이 및 종이제품 제조업,2
2025-04,프랑스,화학물질 및 화학제품 제조업; 의약품 제외,2
2025-04,피지,금속 광업,4
2025-04,피지,인쇄 및 기록매체 복제업,4
2025-04,핀란드,건축기술  엔지니어링 및 기타 과학기술 서비스업,1
2025-04,핀란드,고무 및 플라스틱제품 제조업,1
2025-04,핀란드,금속가공제품 제조업; 기계 및 가구 제외,1
2025-04,핀란드,금융업,1
2025-04,핀란드,기타 기계 및 장비 제조업,1
2025-04,핀란드,도매 및 상품 중개업,1
2025-04,핀란드,비금속 광물제품 제조업,1
2025-04,핀란드,사업지원 서비스업,1
2025-04,핀란드,산업용 기계 및 장비 수리업,1
2025-04,핀란드,소매업; 자동차 제외,1
2025-04,핀란드,의료용 물질 및 의약품 제조업,1
2025-04,핀란드,의복  의복 액세서리 및 모피제품 제조업,1
2025-04,핀란드,자동차 및 부품 판매업,1
2025-04,핀란드,자동차 및 트레일러 제조업,1
2025-04,핀란드,전기  가스  증기 및 공기조절 공급업,1
2025-04,핀란드,전기장비 제조업,1
2025-04,핀란드,전자부품  컴퓨터  영상  음향 및 통신장비 제조업,1
2025-04,핀란드,컴퓨터 프로그래밍  시스템 통합 및 관리업,1
2025-04,핀란드,화학물질 및 화학제품 제조업; 의약품 제외,1
2025-04,필리핀,1차 금속 제조업,5
2025-04,필리핀,개인 및 소비용품 수리업,4
2025-04,필리핀,고무 및 플라스틱제품 제조업,4
2025-04,필리핀,금속가공제품 제조업; 기계 및 가구 제외,5
2025-04,필리핀,금융업,4
2025-04,필리핀,기타 기계 및 장비 제조업,4
2025-04,필리핀,기타 운송장비 제조업,4
2025-04,필리핀,기타 제품 제조업,4
2025-04,필리핀,농업,4
2025-04,필리핀,담배 제조업,4
2025-04,필리핀,도매 및 상품 중개업,4
2025-04,필리핀,비금속 광물제품 제조업,4
2025-04,필리핀,사업지원 서비스업,4
2025-04,필리핀,소매업; 자동차 제외,4
2025-04,필리핀,숙박업,4
2025-04,필리핀,식료품 제조업,4
2025-04,필리핀,우편 및 통신업,4
2025-04,필리핀,음료 제조업,4
2025-04,필리핀,의료용 물질 및 의약품 제조업,4
2025-04,필리핀,인쇄 및 기록매체 복제업,4
2025-04,필리핀,자동차 및 부품 판매업,4
2025-04,필리핀,자동차 및 트레일러 제조업,4
2025-04,필리핀,전기  가스  증기 및 공기조절 공급업,4
2025-04,필리핀,전기장비 제조업,4
2025-04,필리핀,전문 서비스업,4
2025-04,필리핀,전문직별 공사업,4
2025-04,필리핀,전자부품  컴퓨터  영상  음향 및 통신장비 제조업,4
2025-04,필리핀,종합 건설업,4
2025-04,필리핀,창고 및 운송관련 서비스업,4
2025-04,필리핀,펄프  종이 및 종이제품 제조업,4
2025-04,필리핀,화학물질 및 화학제품 제조업; 의약품 제외,5
2025-04,헝가리,고무 및 플라스틱제품 제조업,3
2025-04,헝가리,기타 기계 및 장비 제조업,3
2025-04,헝가리,기타 제품 제조업,3
2025-04,헝가리,도매 및 상품 중개업,3
2025-04,헝가리,섬유제품 제조업; 의복제외,3
2025-04,헝가리,소매업; 자동차 제외,3
2025-04,헝가리,식료품 제조업,3
2025-04,헝가리,연구개발업,3
2025-04,헝가리,의료  정밀  광학기기 및 시계 제조업,3
2025-04,헝가리,의료용 물질 및 의약품 제조업,3
2025-04,헝가리,자동차 및 부품 판매업,3
2025-04,헝가리,자동차 및 트레일러 제조업,3
2025-04,헝가리,전기장비 제조업,3
2025-04,헝가리,전문직별 공사업,3
2025-04,헝가리,전자부품  컴퓨터  영상  음향 및 통신장비 제조업,3
2025-04,헝가리,폐기물 수집  운반  처리 및 원료 재생업,3
2025-04,헝가리,화학물질 및 화학제품 제조업; 의약품 제외,3
2025-04,호주,1차 금속 제조업,3
2025-04,호주,개인 및 소비용품 수리업,5
2025-04,호주,고무 및 플라스틱제품 제조업,1
2025-04,호주,교육 서비스업,1
2025-04,호주,금속가공제품 제조업; 기계 및 가구 제외,1
2025-04,호주,금융업,1
2025-04,호주,기타 기계 및 장비 제조업,2
2025-04,호주,기타 제품 제조업,1
2025-04,호주,도매 및 상품 중개업,1
2025-04,호주,방송업,2
2025-04,호주,섬유제품 제조업; 의복제외,2
2025-04,호주,소매업; 자동차 제외,4
2025-04,호주,식료품 제조업,1
2025-04,호주,의료  정밀  광학기기 및 시계 제조업,1
2025-04,호주,의료용 물질 및 의약품 제조업,1
2025-04,호주,인쇄 및 기록매체 복제업,1
2025-04,호주,자동차 및 부품 판매업,1
2025-04,호주,자동차 및 트레일러 제조업,1
2025-04,호주,전기  가스  증기 및 공기조절 공급업,1
2025-04,호주,전기장비 제조업,1
2025-04,호주,전문 서비스업,1
2025-04,호주,전자부품  컴퓨터  영상  음향 및 통신장비 제조업,1
2025-04,호주,출판업,1
2025-04,호주,펄프  종이 및 종이제품 제조업,1
2025-04,호주,화학물질 및 화학제품 제조업; 의약품 제외,1
2025-04,홍콩,개인 및 소비용품 수리업,2
2025-04,홍콩,교육 서비스업,3
2025-04,홍콩,기타 기계 및 장비 제조업,3
2025-04,홍콩,도매 및 상품 중개업,3
2025-04,홍콩,방송업,2
2025-04,홍콩,사업지원 서비스업,3
2025-04,홍콩,산업용 기계 및 장비 수리업,2
2025-04,홍콩,섬유제품 제조업; 의복제외,3
2025-04,홍콩,소매업; 자동차 제외,3
2025-04,홍콩,수상 운송업,2
2025-04,홍콩,숙박업,3
2025-04,홍콩,식료품 제조업,2
2025-04,홍콩,연구개발업,2
2025-04,홍콩,음료 제조업,3
2025-04,홍콩,인쇄 및 기록매체 복제업,2
2025-04,홍콩,자동차 및 부품 판매업,3
2025-04,홍콩,전기장비 제조업,2
2025-04,홍콩,전문 서비스업,2
2025-04,홍콩,전문직별 공사업,2
2025-04,홍콩,종합 건설업,2
2025-04,홍콩,창고 및 운송관련 서비스업,2
2025-04,홍콩,출판업,2
2025-04,홍콩,컴퓨터 프로그래밍  시스템 통합 및 관리업,3
2025-04,홍콩,항공 운송업,2
2025-04,홍콩,화학물질 및 화학제품 제조업; 의약품 제외,5
2025-03,가나,고무 및 플라스틱제품 제조업,5
2025-03,가나,금속 광업,5
2025-03,가나,도매 및 상품 중개업,4
2025-03,가나,자동차 및 트레일러 제조업,4
2025-03,가나,화학물질 및 화학제품 제조업; 의약품 제외,5
2025-03,감비아,도매 및 상품 중개업,4
2025-03,감비아,정보서비스업,4
2025-03,과달루프,자동차 및 부품 판매업,4
2025-03,과테말라,1차 금속 제조업,4
2025-03,과테말라,고무 및 플라스틱제품 제조업,4
2025-03,과테말라,금속가공제품 제조업; 기계 및 가구 제외,4
2025-03,과테말라,도매 및 상품 중개업,4
2025-03,과테말라,섬유제품 제조업; 의복제외,4
2025-03,과테말라,소매업; 자동차 제외,4
2025-03,과테말라,식료품 제조업,4
2025-03,과테말라,자동차 및 부품 판매업,4
2025-03,과테말라,펄프  종이 및 종이제품 제조업,4
2025-03,과테말라,화학물질 및 화학제품 제조업; 의약품 제외,4
2025-03,괌,우편 및 통신업,4
2025-03,그리스,1차 금속 제조업,3
2025-03,그리스,고무 및 플라스틱제품 제조업,3
2025-03,그리스,금속가공제품 제조업; 기계 및 가구 제외,3
2025-03,그리스,기타 기계 및 장비 제조업,3
2025-03,그리스,도매 및 상품 중개업,3
2025-03,그리스,소매업; 자동차 제외,3
2025-03,그리스,식료품 제조업,3
2025-03,그리스,우편 및 통신업,3
2025-03,그리스,의료  정밀  광학기기 및 시계 제조업,3
2025-03,그리스,인쇄 및 기록매체 복제업,3
2025-03,그리스,자동차 및 부품 판매업,3
2025-03,그리스,자동차 및 트레일러 제조업,3
2025-03,그리스,전기장비 제조업,3
2025-03,그리스,전문직별 공사업,3
2025-03,그리스,종합 건설업,4
2025-03,그리스,컴퓨터 프로그래밍  시스템 통합 및 관리업,3
2025-03,그리스,펄프  종이 및 종이제품 제조업,3
2025-03,그리스,화학물질 및 화학제품 제조업; 의약품 제외,3
2025-03,기니,도매 및 상품 중개업,5
2025-03,기니,화학물질 및 화학제품 제조업; 의약품 제외,5
2025-03,나이지리아,가구 제조업,5
2025-03,나이지리아,도매 및 상품 중개업,5
2025-03,나이지리아,석탄  원유 및 천연가스 광업,5
2025-03,나이지리아,화학물질 및 화학제품 제조업; 의약품 제외,5
2025-03,남아프리카공화국,1차 금속 제조업,4
2025-03,남아프리카공화국,개인 및 소비용품 수리업,4
2025-03,남아프리카공화국,건축기술  엔지니어링 및 기타 과학기술 서비스업,4
2025-03,남아프리카공화국,고무 및 플라스틱제품 제조업,4
2025-03,남아프리카공화국,금속 광업,4
2025-03,남아프리카공화국,금속가공제품 제조업; 기계 및 가구 제외,4
2025-03,남아프리카공화국,기타 기계 및 장비 제조업,4
2025-03,남아프리카공화국,기타 운송장비 제조업,4
2025-03,남아프리카공화국,기타 제품 제조업,5
2025-03,남아프리카공화국,도매 및 상품 중개업,4
2025-03,남아프리카공화국,비금속 광물제품 제조업,4
2025-03,남아프리카공화국,사업지원 서비스업,4
2025-03,남아프리카공화국,섬유제품 제조업; 의복제외,4
2025-03,남아프리카공화국,소매업; 자동차 제외,4
2025-03,남아프리카공화국,수도업,4
2025-03,남아프리카공화국,식료품 제조업,4
2025-03,남아프리카공화국,우편 및 통신업,4
2025-03,남아프리카공화국,의료  정밀  광학기기 및 시계 제조업,4
2025-03,남아프리카공화국,인쇄 및 기록매체 복제업,4
2025-03,남아프리카공화국,임대업; 부동산 제외,4
2025-03,남아프리카공화국,자동차 및 부품 판매업,4
2025-03,남아프리카공화국,자동차 및 트레일러 제조업,4
2025-03,남아프리카공화국,전기  가스  증기 및 공기조절 공급업,4
2025-03,남아프리카공화국,전기장비 제조업,4
2025-03,남아프리카공화국,종합 건설업,4
2025-03,남아프리카공화국,창고 및 운송관련 서비스업,4
2025-03,남아프리카공화국,출판업,4
2025-03,남아프리카공화국,컴퓨터 프로그래밍  시스템 통합 및 관리업,4
2025-03,남아프리카공화국,펄프  종이 및 종이제품 제조업,4
2025-03,남아프리카공화국,화학물질 및 화학제품 제조업; 의약품 제외,4
2025-03,남아프리카공화국,환경 정화 및 복원업,4
2025-03,네덜란드,건축기술  엔지니어링 및 기타 과학기술 서비스업,1
2025-03,네덜란드,고무 및 플라스틱제품 제조업,1
2025-03,네덜란드,금속가공제품 제조업; 기계 및 가구 제외,3
2025-03,네덜란드,금융업,1
2025-03,네덜란드,기타 기계 및 장비 제조업,2
2025-03,네덜란드,도매 및 상품 중개업,1
2025-03,네덜란드,비금속 광물제품 제조업,1
2025-03,네덜란드,사업지원 서비스업,2
2025-03,네덜란드,섬유제품 제조업; 의복제외,2
2025-03,네덜란드,식료품 제조업,1
2025-03,네덜란드,육상운송 및 파이프라인 운송업,1
2025-03,네덜란드,의료  정밀  광학기기 및 시계 제조업,1
2025-03,네덜란드,임대업; 부동산 제외,1
2025-03,네덜란드,자동차 및 부품 판매업,2
2025-03,네덜란드,자동차 및 트레일러 제조업,2
2025-03,네덜란드,전기장비 제조업,2
2025-03,네덜란드,전문 서비스업,4
2025-03,네덜란드,전자부품  컴퓨터  영상  음향 및 통신장비 제조업,2
2025-03,네덜란드,정보서비스업,1
2025-03,네덜란드,창고 및 운송관련 서비스업,1
2025-03,네덜란드,출판업,1
2025-03,네덜란드,컴퓨터 프로그래밍  시스템 통합 및 관리업,1
2025-03,네덜란드,코크스  연탄 및 석유정제품 제조업,1
2025-03,네덜란드,펄프  종이 및 종이제품 제조업,1
2025-03,네덜란드,화학물질 및 화학제품 제조업; 의약품 제외,1
2025-03,네팔,고무 및 플라스틱제품 제조업,4
2025-03,네팔,도매 및 상품 중개업,4
2025-03,네팔,식료품 제조업,4
2025-03,네팔,의료  정밀  광학기기 및 시계 제조업,4
2025-03,네팔,의료용 물질 및 의약품 제조업,4
2025-03,네팔,자동차 및 부품 판매업,4
2025-03,노르웨이,기타 기계 및 장비 제조업,2
2025-03,노르웨이,도매 및 상품 중개업,2
2025-03,노르웨이,소매업; 자동차 제외,2
2025-03,노르웨이,수상 운송업,2
2025-03,노르웨이,식료품 제조업,2
2025-03,노르웨이,의료  정밀  광학기기 및 시계 제조업,2
2025-03,노르웨이,의복  의복 액세서리 및 모피제품 제조업,2
2025-03,노르웨이,자동차 및 부품 판매업,2
2025-03,노르웨이,전기  가스  증기 및 공기조절 공급업,2
2025-03,노르웨이,전기장비 제조업,2
2025-03,노르웨이,전문 서비스업,2
2025-03,노르웨이,전자부품  컴퓨터  영상  음향 및 통신장비 제조업,2
2025-03,노르웨이,창고 및 운송관련 서비스업,2
2025-03,노르웨이,컴퓨터 프로그래밍  시스템 통합 및 관리업,2
2025-03,노르웨이,펄프  종이 및 종이제품 제조업,2
2025-03,노르웨이,화학물질 및 화학제품 제조업; 의약품 제외,2
2025-03,뉴질랜드,1차 금속 제조업,2
2025-03,뉴질랜드,기타 기계 및 장비 제조업,2
2025-03,뉴질랜드,도매 및 상품 중개업,2
2025-03,뉴질랜드,목재 및 나무제품 제조업; 가구 제외,2
2025-03,뉴질랜드,소매업; 자동차 제외,2
2025-03,뉴질랜드,식료품 제조업,2
2025-03,뉴질랜드,우편 및 통신업,2
2025-03,뉴질랜드,의료용 물질 및 의약품 제조업,2
2025-03,뉴질랜드,의복  의복 액세서리 및 모피제품 제조업,2
2025-03,뉴질랜드,인쇄 및 기록매체 복제업,2
2025-03,뉴질랜드,자동차 및 부품 판매업,2
2025-03,뉴질랜드,전기  가스  증기 및 공기조절 공급업,2
2025-03,뉴질랜드,전기장비 제조업,2
2025-03,뉴질랜드,펄프  종이 및 종이제품 제조업,2
2025-03,뉴질랜드,화학물질 및 화학제품 제조업; 의약품 제외,2
2025-03,뉴칼레도니아,광업 지원 서비스업,4
2025-03,뉴칼레도니아,도매 및 상품 중개업,4
2025-03,니카라과,도매 및 상품 중개업,5
2025-03,니카라과,소매업; 자동차 제외,5
2025-03,니카라과,우편 및 통신업,5
2025-03,니카라과,자동차 및 부품 판매업,5
2025-03,니카라과,화학물질 및 화학제품 제조업; 의약품 제외,5
2025-03,대만,1차 금속 제조업,2
2025-03,대만,가죽  가방 및 신발 제조업,2
2025-03,대만,건축기술  엔지니어링 및 기타 과학기술 서비스업,2
2025-03,대만,고무 및 플라스틱제품 제조업,2
2025-03,대만,금속가공제품 제조업; 기계 및 가구 제외,2
2025-03,대만,금융업,2
2025-03,대만,기타 기계 및 장비 제조업,2
2025-03,대만,기타 운송장비 제조업,2
2025-03,대만,기타 제품 제조업,2
2025-03,대만,도매 및 상품 중개업,2
2025-03,대만,방송업,2
2025-03,대만,비금속 광물제품 제조업,2
2025-03,대만,섬유제품 제조업; 의복제외,2
2025-03,대만,소매업; 자동차 제외,2
2025-03,대만,수상 운송업,2
2025-03,대만,식료품 제조업,2
2025-03,대만,우편 및 통신업,2
2025-03,대만,의료  정밀  광학기기 및 시계 제조업,2
2025-03,대만,의료용 물질 및 의약품 제조업,2
2025-03,대만,의복  의복 액세서리 및 모피제품 제조업,2
2025-03,대만,자동차 및 부품 판매업,2
2025-03,대만,자동차 및 트레일러 제조업,2
2025-03,대만,전기장비 제조업,2
2025-03,대만,전문직별 공사업,2
2025-03,대만,전자부품  컴퓨터  영상  음향 및 통신장비 제조업,2
2025-03,대만,종합 건설업,2
2025-03,대만,창고 및 운송관련 서비스업,2
2025-03,대만,출판업,2
2025-03,대만,코크스  연탄 및 석유정제품 제조업,2
2025-03,대만,펄프  종이 및 종이제품 제조업,2
2025-03,대만,화학물질 및 화학제품 제조업; 의약품 제외,2
2025-03,덴마크,개인 및 소비용품 수리업,1
2025-03,덴마크,고무 및 플라스틱제품 제조업,2
2025-03,덴마크,금속가공제품 제조업; 기계 및 가구 제외,1
2025-03,덴마크,기타 기계 및 장비 제조업,1
2025-03,덴마크,도매 및 상품 중개업,2
2025-03,덴마크,섬유제품 제조업; 의복제외,1
2025-03,덴마크,수상 운송업,1
2025-03,덴마크,식료품 제조업,1
2025-03,덴마크,의료  정밀  광학기기 및 시계 제조업,1
2025-03,덴마크,의료용 물질 및 의약품 제조업,1
2025-03,덴마크,의복  의복 액세서리 및 모피제품 제조업,1
2025-03,덴마크,자동차 및 부품 판매업,1
2025-03,덴마크,전문직별 공사업,2
2025-03,덴마크,전자부품  컴퓨터  영상  음향 및 통신장비 제조업,1
2025-03,덴마크,창고 및 운송관련 서비스업,1
2025-03,덴마크,컴퓨터 프로그래밍  시스템 통합 및 관리업,1
2025-03,덴마크,펄프  종이 및 종이제품 제조업,1
2025-03,덴마크,화학물질 및 화학제품 제조업; 의약품 제외,2
2025-03,도미니카공화국,1차 금속 제조업,4
2025-03,도미니카공화국,고무 및 플라스틱제품 제조업,4
2025-03,도미니카공화국,도매 및 상품 중개업,4
2025-03,도미니카공화국,비금속 광물제품 제조업,4
2025-03,도미니카공화국,소매업; 자동차 제외,4
2025-03,도미니카공화국,식료품 제조업,4
2025-03,도미니카공화국,우편 및 통신업,4
2025-03,도미니카공화국,자동차 및 부품 판매업,4
2025-03,도미니카공화국,화학물질 및 화학제품 제조업; 의약품 제외,4
2025-03,독일,1차 금속 제조업,2
2025-03,독일,가구 제조업,2
2025-03,독일,개인 및 소비용품 수리업,2
2025-03,독일,건축기술  엔지니어링 및 기타 과학기술 서비스업,2
2025-03,독일,고무 및 플라스틱제품 제조업,2
2025-03,독일,금속가공제품 제조업; 기계 및 가구 제외,2
2025-03,독일,금융업,2
2025-03,독일,기타 기계 및 장비 제조업,2
2025-03,독일,기타 운송장비 제조업,2
2025-03,독일,기타 제품 제조업,2
2025-03,독일,도매 및 상품 중개업,2
2025-03,독일,비금속 광물제품 제조업,2
2025-03,독일,산업용 기계 및 장비 수리업,2
2025-03,독일,섬유제품 제조업; 의복제외,2
2025-03,독일,소매업; 자동차 제외,2
2025-03,독일,수상 운송업,2
2025-03,독일,우편 및 통신업,2
2025-03,독일,음료 제조업,2
2025-03,독일,의료  정밀  광학기기 및 시계 제조업,2
2025-03,독일,의료용 물질 및 의약품 제조업,2
2025-03,독일,의복  의복 액세서리 및 모피제품 제조업,2
2025-03,독일,인쇄 및 기록매체 복제업,2
2025-03,독일,자동차 및 부품 판매업,2
2025-03,독일,자동차 및 트레일러 제조업,2
2025-03,독일,전기  가스  증기 및 공기조절 공급업,2
2025-03,독일,전기장비 제조업,2
2025-03,독일,전문 서비스업,2
2025-03,독일,전자부품  컴퓨터  영상  음향 및 통신장비 제조업,2
2025-03,독일,창고 및 운송관련 서비스업,2
2025-03,독일,출판업,2
2025-03,독일,컴퓨터 프로그래밍  시스템 통합 및 관리업,2
2025-03,독일,코크스  연탄 및 석유정제품 제조업,2
2025-03,독일,펄프  종이 및 종이제품 제조업,2
2025-03,독일,화학물질 및 화학제품 제조업; 의약품 제외,2
2025-03,라오스,금속 광업,5
2025-03,라오스,도매 및 상품 중개업,5
2025-03,라오스,식료품 제조업,5
2025-03,라오스,자동차 및 부품 판매업,5
2025-03,라오스,항공 운송업,5
2025-03,라이베리아,도매 및 상품 중개업,5
2025-03,라트비아,고무 및 플라스틱제품 제조업,3
2025-03,라트비아,금속가공제품 제조업; 기계 및 가구 제외,3
2025-03,라트비아,도매 및 상품 중개업,3
2025-03,라트비아,목재 및 나무제품 제조업; 가구 제외,3
2025-03,라트비아,섬유제품 제조업; 의복제외,3
2025-03,라트비아,소매업; 자동차 제외,3
2025-03,라트비아,의료용 물질 및 의약품 제조업,3
2025-03,라트비아,자동차 및 부품 판매업,3
2025-03,라트비아,전자부품  컴퓨터  영상  음향 및 통신장비 제조업,3
2025-03,라트비아,펄프  종이 및 종이제품 제조업,3
2025-03,러시아,고무 및 플라스틱제품 제조업,5
2025-03,러시아,금속 광업,5
2025-03,러시아,금속가공제품 제조업; 기계 및 가구 제외,5
2025-03,러시아,기타 운송장비 제조업,5
2025-03,러시아,도매 및 상품 중개업,5
2025-03,러시아,목재 및 나무제품 제조업; 가구 제외,5
2025-03,러시아,소매업; 자동차 제외,5
2025-03,러시아,식료품 제조업,5
2025-03,러시아,의료용 물질 및 의약품 제조업,5
2025-03,러시아,자동차 및 부품 판매업,5
2025-03,러시아,전기장비 제조업,5
2025-03,러시아,펄프  종이 및 종이제품 제조업,5
2025-03,러시아,화학물질 및 화학제품 제조업; 의약품 제외,5
2025-03,레바논,도매 및 상품 중개업,4
2025-03,레바논,자동차 및 부품 판매업,4
2025-03,레바논,펄프  종이 및 종이제품 제조업,4
2025-03,레위니옹,자동차 및 부품 판매업,4
2025-03,루마니아,1차 금속 제조업,5
2025-03,루마니아,개인 및 소비용품 수리업,3
2025-03,루마니아,건축기술  엔지니어링 및 기타 과학기술 서비스업,3
2025-03,루마니아,고무 및 플라스틱제품 제조업,3
2025-03,루마니아,금속가공제품 제조업; 기계 및 가구 제외,3
2025-03,루마니아,기타 기계 및 장비 제조업,3
2025-03,루마니아,기타 운송장비 제조업,3
2025-03,루마니아,기타 제품 제조업,3
2025-03,루마니아,농업,5
2025-03,루마니아,도매 및 상품 중개업,3
2025-03,루마니아,부동산업,3
2025-03,루마니아,사업지원 서비스업,3
2025-03,루마니아,섬유제품 제조업; 의복제외,3
2025-03,루마니아,소매업; 자동차 제외,3
2025-03,루마니아,음료 제조업,3
2025-03,루마니아,의료용 물질 및 의약품 제조업,3
2025-03,루마니아,의복  의복 액세서리 및 모피제품 제조업,3
2025-03,루마니아,인쇄 및 기록매체 복제업,3
2025-03,루마니아,자동차 및 부품 판매업,3
2025-03,루마니아,자동차 및 트레일러 제조업,3
2025-03,루마니아,전기장비 제조업,3
2025-03,루마니아,전문 서비스업,3
2025-03,루마니아,전문직별 공사업,3
2025-03,루마니아,전자부품  컴퓨터  영상  음향 및 통신장비 제조업,3
2025-03,루마니아,종합 건설업,3
2025-03,루마니아,펄프  종이 및 종이제품 제조업,3
2025-03,루마니아,화학물질 및 화학제품 제조업; 의약품 제외,3
2025-03,룩셈부르크,고무 및 플라스틱제품 제조업,3
2025-03,룩셈부르크,금융업,3
2025-03,룩셈부르크,도매 및 상품 중개업,3
2025-03,룩셈부르크,목재 및 나무제품 제조업; 가구 제외,3
2025-03,룩셈부르크,비금속 광물제품 제조업,3
2025-03,룩셈부르크,자동차 및 부품 판매업,3
2025-03,룩셈부르크,전기  가스  증기 및 공기조절 공급업,3
2025-03,르완다,가구 제조업,4
2025-03,르완다,도매 및 상품 중개업,4
2025-03,리비아,자동차 및 부품 판매업,5
2025-03,리투아니아,개인 및 소비용품 수리업,2
2025-03,리투아니아,고무 및 플라스틱제품 제조업,2
2025-03,리투아니아,금속가공제품 제조업; 기계 및 가구 제외,2
2025-03,리투아니아,도매 및 상품 중개업,2
2025-03,리투아니아,사업지원 서비스업,2
2025-03,리투아니아,소매업; 자동차 제외,2
2025-03,리투아니아,자동차 및 부품 판매업,2
2025-03,리투아니아,자동차 및 트레일러 제조업,2
2025-03,리투아니아,전문직별 공사업,2
2025-03,리투아니아,펄프  종이 및 종이제품 제조업,2
2025-03,리투아니아,화학물질 및 화학제품 제조업; 의약품 제외,2
2025-03,리히텐슈타인,금속가공제품 제조업; 기계 및 가구 제외,4
2025-03,리히텐슈타인,기타 기계 및 장비 제조업,4
2025-03,마샬군도,도매 및 상품 중개업,4
2025-03,마카오,도매 및 상품 중개업,2
2025-03,마카오,사업지원 서비스업,2
2025-03,마카오,소매업; 자동차 제외,2
2025-03,마카오,스포츠 및 오락관련 서비스업,2
2025-03,마카오,우편 및 통신업,2
2025-03,마카오,출판업,2
2025-03,말레이시아,1차 금속 제조업,3
2025-03,말레이시아,개인 및 소비용품 수리업,3
2025-03,말레이시아,고무 및 플라스틱제품 제조업,3
2025-03,말레이시아,금속가공제품 제조업; 기계 및 가구 제외,3
2025-03,말레이시아,금융업,3
2025-03,말레이시아,기타 기계 및 장비 제조업,3
2025-03,말레이시아,기타 제품 제조업,3
2025-03,말레이시아,도매 및 상품 중개업,3
2025-03,말레이시아,목재 및 나무제품 제조업; 가구 제외,3
2025-03,말레이시아,비금속 광물제품 제조업,3
2025-03,말레이시아,사업지원 서비스업,3
2025-03,말레이시아,섬유제품 제조업; 의복제외,3
2025-03,말레이시아,소매업; 자동차 제외,3
2025-03,말레이시아,식료품 제조업,3
2025-03,말레이시아,음료 제조업,3
2025-03,말레이시아,의료용 물질 및 의약품 제조업,3
2025-03,말레이시아,인쇄 및 기록매체 복제업,3
2025-03,말레이시아,자동차 및 부품 판매업,3
2025-03,말레이시아,자동차 및 트레일러 제조업,3
2025-03,말레이시아,전기장비 제조업,3
2025-03,말레이시아,전문직별 공사업,3
2025-03,말레이시아,전자부품  컴퓨터  영상  음향 및 통신장비 제조업,3
2025-03,말레이시아,창고 및 운송관련 서비스업,3
2025-03,말레이시아,출판업,3
2025-03,말레이시아,코크스  연탄 및 석유정제품 제조업,3
2025-03,말레이시아,펄프  종이 및 종이제품 제조업,3
2025-03,말레이시아,화학물질 및 화학제품 제조업; 의약품 제외,3
2025-03,말리,도매 및 상품 중개업,5
2025-03,말리,전문직별 공사업,5
2025-03,말리,컴퓨터 프로그래밍  시스템 통합 및 관리업,5
2025-03,멕시코,1차 금속 제조업,4
2025-03,멕시코,개인 및 소비용품 수리업,4
2025-03,멕시코,고무 및 플라스틱제품 제조업,4
2025-03,멕시코,금속가공제품 제조업; 기계 및 가구 제외,4
2025-03,멕시코,기타 기계 및 장비 제조업,4
2025-03,멕시코,기타 제품 제조업,4
2025-03,멕시코,도매 및 상품 중개업,4
2025-03,멕시코,비금속 광물제품 제조업,4
2025-03,멕시코,사업지원 서비스업,4
2025-03,멕시코,섬유제품 제조업; 의복제외,4
2025-03,멕시코,소매업; 자동차 제외,4
2025-03,멕시코,식료품 제조업,4
2025-03,멕시코,우편 및 통신업,4
2025-03,멕시코,의료용 물질 및 의약품 제조업,4
2025-03,멕시코,의복  의복 액세서리 및 모피제품 제조업,5
2025-03,멕시코,인쇄 및 기록매체 복제업,4
2025-03,멕시코,자동차 및 부품 판매업,4
2025-03,멕시코,자동차 및 트레일러 제조업,4
2025-03,멕시코,전기장비 제조업,5
2025-03,멕시코,전문 서비스업,4
2025-03,멕시코,전자부품  컴퓨터  영상  음향 및 통신장비 제조업,4
2025-03,멕시코,종합 건설업,5
2025-03,멕시코,창고 및 운송관련 서비스업,4
2025-03,멕시코,코크스  연탄 및 석유정제품 제조업,4
2025-03,멕시코,펄프  종이 및 종이제품 제조업,4
2025-03,멕시코,하수  폐수 및 분뇨 처리업,4
2025-03,멕시코,화학물질 및 화학제품 제조업; 의약품 제외,4
2025-03,모나코,도매 및 상품 중개업,4
2025-03,모로코,1차 금속 제조업,3
2025-03,모로코,가구 제조업,3
2025-03,모로코,개인 및 소비용품 수리업,4
2025-03,모로코,건축기술  엔지니어링 및 기타 과학기술 서비스업,3
2025-03,모로코,고무 및 플라스틱제품 제조업,4
2025-03,모로코,금속가공제품 제조업; 기계 및 가구 제외,4
2025-03,모로코,금융업,3
2025-03,모로코,기타 기계 및 장비 제조업,3
2025-03,모로코,도매 및 상품 중개업,4
2025-03,모로코,사업시설 관리 및 조경 서비스업,3
2025-03,모로코,사업지원 서비스업,3
2025-03,모로코,산업용 기계 및 장비 수리업,3
2025-03,모로코,소매업; 자동차 제외,3
2025-03,모로코,우편 및 통신업,4
2025-03,모로코,음료 제조업,3
2025-03,모로코,의료용 물질 및 의약품 제조업,3
2025-03,모로코,임대업; 부동산 제외,4
2025-03,모로코,자동차 및 부품 판매업,3
2025-03,모로코,전기장비 제조업,3
2025-03,모로코,전문직별 공사업,3
2025-03,모로코,컴퓨터 프로그래밍  시스템 통합 및 관리업,3
2025-03,모로코,펄프  종이 및 종이제품 제조업,4
2025-03,모로코,화학물질 및 화학제품 제조업; 의약품 제외,3
2025-03,모리셔스,도매 및 상품 중개업,2
2025-03,모리셔스,자동차 및 부품 판매업,3
2025-03,모리셔스,펄프  종이 및 종이제품 제조업,2
2025-03,모리타니아,도매 및 상품 중개업,4
2025-03,모리타니아,컴퓨터 프로그래밍  시스템 통합 및 관리업,5
2025-03,모잠비크,도매 및 상품 중개업,5
2025-03,몬테네그로,도매 및 상품 중개업,3
2025-03,몰도바,금속가공제품 제조업; 기계 및 가구 제외,4
2025-03,몰도바,도매 및 상품 중개업,4
2025-03,몰도바,소매업; 자동차 제외,4
2025-03,몰도바,우편 및 통신업,4
2025-03,몰도바,자동차 및 부품 판매업,4
2025-03,몰도바,코크스  연탄 및 석유정제품 제조업,4
2025-03,몰디브,창고 및 운송관련 서비스업,4
2025-03,몰타,도매 및 상품 중개업,2
2025-03,몰타,섬유제품 제조업; 의복제외,2
2025-03,몰타,자동차 및 부품 판매업,2
2025-03,몰타,전자부품  컴퓨터  영상  음향 및 통신장비 제조업,2
2025-03,몽골,도매 및 상품 중개업,4
2025-03,몽골,소매업; 자동차 제외,4
2025-03,몽골,음료 제조업,5
2025-03,몽골,인쇄 및 기록매체 복제업,4
2025-03,몽골,자동차 및 부품 판매업,4
2025-03,몽골,펄프  종이 및 종이제품 제조업,4
2025-03,미국,1차 금속 제조업,2
2025-03,미국,가구 제조업,2
2025-03,미국,가죽  가방 및 신발 제조업,2
2025-03,미국,개인 및 소비용품 수리업,2
2025-03,미국,건축기술  엔지니어링 및 기타 과학기술 서비스업,2
2025-03,미국,고무 및 플라스틱제품 제조업,2
2025-03,미국,공공행정  국방 및 사회보장 행정,2
2025-03,미국,광업 지원 서비스업,2
2025-03,미국,금속가공제품 제조업; 기계 및 가구 제외,2
2025-03,미국,기타 개인 서비스업,2
2025-03,미국,기타 기계 및 장비 제조업,2
2025-03,미국,기타 운송장비 제조업,2
2025-03,미국,기타 전문  과학 및 기술 서비스업,5
2025-03,미국,기타 제품 제조업,2
2025-03,미국,도매 및 상품 중개업,2
2025-03,미국,목재 및 나무제품 제조업; 가구 제외,2
2025-03,미국,방송업,2
2025-03,미국,비금속 광물제품 제조업,3
2025-03,미국,사업지원 서비스업,2
2025-03,미국,산업용 기계 및 장비 수리업,2
2025-03,미국,섬유제품 제조업; 의복제외,2
2025-03,미국,소매업; 자동차 제외,3
2025-03,미국,수상 운송업,2
2025-03,미국,식료품 제조업,2
2025-03,미국,우편 및 통신업,2
2025-03,미국,육상운송 및 파이프라인 운송업,4
2025-03,미국,음식점 및 주점업,2
2025-03,미국,의료  정밀  광학기기 및 시계 제조업,2
2025-03,미국,의료용 물질 및 의약품 제조업,2
2025-03,미국,의복  의복 액세서리 및 모피제품 제조업,2
2025-03,미국,인쇄 및 기록매체 복제업,2
2025-03,미국,임대업; 부동산 제외,2
2025-03,미국,자동차 및 부품 판매업,2
2025-03,미국,자동차 및 트레일러 제조업,2
2025-03,미국,전기  가스  증기 및 공기조절 공급업,2
2025-03,미국,전기장비 제조업,2
2025-03,미국,전문 서비스업,2
2025-03,미국,전문직별 공사업,2
2025-03,미국,전자부품  컴퓨터  영상  음향 및 통신장비 제조업,2
2025-03,미국,정보서비스업,2
2025-03,미국,종합 건설업,2
2025-03,미국,창고 및 운송관련 서비스업,2
2025-03,미국,출판업,2
2025-03,미국,컴퓨터 프로그래밍  시스템 통합 및 관리업,2
2025-03,미국,코크스  연탄 및 석유정제품 제조업,2
2025-03,미국,펄프  종이 및 종이제품 제조업,2
2025-03,미국,항공 운송업,2
2025-03,미국,협회 및 단체,2
2025-03,미국,화학물질 및 화학제품 제조업; 의약품 제외,2
2025-03,미얀마,고무 및 플라스틱제품 제조업,5
2025-03,미얀마,도매 및 상품 중개업,5
2025-03,미얀마,식료품 제조업,5
2025-03,미얀마,인쇄 및 기록매체 복제업,5
2025-03,미얀마,자동차 및 부품 판매업,5
2025-03,바레인,가구 제조업,3
2025-03,바레인,건축기술  엔지니어링 및 기타 과학기술 서비스업,3
2025-03,바레인,기타 기계 및 장비 제조업,3
2025-03,바레인,도매 및 상품 중개업,3
2025-03,바레인,자동차 및 부품 판매업,3
2025-03,바레인,출판업,3
2025-03,바레인,화학물질 및 화학제품 제조업; 의약품 제외,3
2025-03,바베이도스,금융 및 보험 관련 서비스업,4
2025-03,방글라데시,1차 금속 제조업,4
2025-03,방글라데시,가죽  가방 및 신발 제조업,4
2025-03,방글라데시,고무 및 플라스틱제품 제조업,4
2025-03,방글라데시,금속가공제품 제조업; 기계 및 가구 제외,4
2025-03,방글라데시,기타 제품 제조업,4
2025-03,방글라데시,도매 및 상품 중개업,4
2025-03,방글라데시,보건업,4
2025-03,방글라데시,비금속 광물제품 제조업,4
2025-03,방글라데시,섬유제품 제조업; 의복제외,4
2025-03,방글라데시,식료품 제조업,4
2025-03,방글라데시,음료 제조업,5
2025-03,방글라데시,의료  정밀  광학기기 및 시계 제조업,4
2025-03,방글라데시,의료용 물질 및 의약품 제조업,4
2025-03,방글라데시,의복  의복 액세서리 및 모피제품 제조업,4
2025-03,방글라데시,인쇄 및 기록매체 복제업,4
2025-03,방글라데시,자동차 및 부품 판매업,4
2025-03,방글라데시,전기장비 제조업,4
2025-03,방글라데시,출판업,5
2025-03,방글라데시,코크스  연탄 및 석유정제품 제조업,4
2025-03,방글라데시,펄프  종이 및 종이제품 제조업,4
2025-03,방글라데시,화학물질 및 화학제품 제조업; 의약품 제외,4
2025-03,베네수엘라,소매업; 자동차 제외,5
2025-03,베넹,도매 및 상품 중개업,5
2025-03,베트남,1차 금속 제조업,4
2025-03,베트남,가구 제조업,5
2025-03,베트남,가죽  가방 및 신발 제조업,4
2025-03,베트남,개인 및 소비용품 수리업,4
2025-03,베트남,고무 및 플라스틱제품 제조업,4
2025-03,베트남,금속 광업,4
2025-03,베트남,금속가공제품 제조업; 기계 및 가구 제외,4
2025-03,베트남,기타 기계 및 장비 제조업,4
2025-03,베트남,기타 운송장비 제조업,4
2025-03,베트남,기타 전문  과학 및 기술 서비스업,4
2025-03,베트남,기타 제품 제조업,4
2025-03,베트남,농업,4
2025-03,베트남,도매 및 상품 중개업,4
2025-03,베트남,목재 및 나무제품 제조업; 가구 제외,4
2025-03,베트남,비금속 광물제품 제조업,4
2025-03,베트남,산업용 기계 및 장비 수리업,4
2025-03,베트남,섬유제품 제조업; 의복제외,4
2025-03,베트남,소매업; 자동차 제외,4
2025-03,베트남,식료품 제조업,4
2025-03,베트남,음료 제조업,4
2025-03,베트남,의료  정밀  광학기기 및 시계 제조업,4
2025-03,베트남,의료용 물질 및 의약품 제조업,4
2025-03,베트남,의복  의복 액세서리 및 모피제품 제조업,4
2025-03,베트남,인쇄 및 기록매체 복제업,4
2025-03,베트남,자동차 및 부품 판매업,4
2025-03,베트남,자동차 및 트레일러 제조업,4
2025-03,베트남,전기장비 제조업,4
2025-03,베트남,전문 서비스업,4
2025-03,베트남,전문직별 공사업,4
2025-03,베트남,전자부품  컴퓨터  영상  음향 및 통신장비 제조업,4
2025-03,베트남,종합 건설업,4
2025-03,베트남,창고 및 운송관련 서비스업,4
2025-03,베트남,코크스  연탄 및 석유정제품 제조업,4
2025-03,베트남,펄프  종이 및 종이제품 제조업,4
2025-03,베트남,폐기물 수집  운반  처리 및 원료 재생업,4
2025-03,베트남,화학물질 및 화학제품 제조업; 의약품 제외,4
2025-03,벨기에,1차 금속 제조업,4
2025-03,벨기에,고무 및 플라스틱제품 제조업,2
2025-03,벨기에,금속가공제품 제조업; 기계 및 가구 제외,2
2025-03,벨기에,금융업,2
2025-03,벨기에,기타 기계 및 장비 제조업,2
2025-03,벨기에,도매 및 상품 중개업,2
2025-03,벨기에,목재 및 나무제품 제조업; 가구 제외,2
2025-03,벨기에,비금속 광물제품 제조업,2
2025-03,벨기에,사업지원 서비스업,2
2025-03,벨기에,산업용 기계 및 장비 수리업,2
2025-03,벨기에,섬유제품 제조업; 의복제외,2
2025-03,벨기에,소매업; 자동차 제외,2
2025-03,벨기에,수상 운송업,2
2025-03,벨기에,식료품 제조업,2
2025-03,벨기에,의료  정밀  광학기기 및 시계 제조업,2
2025-03,벨기에,의복  의복 액세서리 및 모피제품 제조업,2
2025-03,벨기에,자동차 및 부품 판매업,2
2025-03,벨기에,자동차 및 트레일러 제조업,2
2025-03,벨기에,전기장비 제조업,2
2025-03,벨기에,전문 서비스업,2
2025-03,벨기에,전자부품  컴퓨터  영상  음향 및 통신장비 제조업,2
2025-03,벨기에,창고 및 운송관련 서비스업,2
2025-03,벨기에,컴퓨터 프로그래밍  시스템 통합 및 관리업,2
2025-03,벨기에,코크스  연탄 및 석유정제품 제조업,2
2025-03,벨기에,펄프  종이 및 종이제품 제조업,2
2025-03,벨기에,화학물질 및 화학제품 제조업; 의약품 제외,2
2025-03,벨라루스,도매 및 상품 중개업,5
2025-03,벨리즈,도매 및 상품 중개업,5
2025-03,벨리즈,소매업; 자동차 제외,4
2025-03,벨리즈,자동차 및 부품 판매업,4
2025-03,보스니아-헤르체코비나,도매 및 상품 중개업,3
2025-03,보스니아-헤르체코비나,소매업; 자동차 제외,3
2025-03,보스니아-헤르체코비나,자동차 및 부품 판매업,3
2025-03,볼리비아,금속 광업,4
2025-03,볼리비아,도매 및 상품 중개업,5
2025-03,볼리비아,육상운송 및 파이프라인 운송업,4
2025-03,볼리비아,자동차 및 부품 판매업,4
2025-03,볼리비아,화학물질 및 화학제품 제조업; 의약품 제외,4
2025-03,부룬디,가구 제조업,5
2025-03,부르키나파소,금속 광업,5
2025-03,부르키나파소,기타 운송장비 제조업,5
2025-03,부르키나파소,도매 및 상품 중개업,5
2025-03,부르키나파소,비금속광물 광업; 연료용 제외,5
2025-03,북마케도니아,도매 및 상품 중개업,3
2025-03,북마케도니아,소매업; 자동차 제외,3
2025-03,북마케도니아,자동차 및 트레일러 제조업,3
2025-03,북마케도니아,전기장비 제조업,3
2025-03,북마케도니아,펄프  종이 및 종이제품 제조업,3
2025-03,불가리아,개인 및 소비용품 수리업,3
2025-03,불가리아,고무 및 플라스틱제품 제조업,3
2025-03,불가리아,금속가공제품 제조업; 기계 및 가구 제외,3
2025-03,불가리아,기타 기계 및 장비 제조업,3
2025-03,불가리아,기타 제품 제조업,3
2025-03,불가리아,담배 제조업,3
2025-03,불가리아,도매 및 상품 중개업,3
2025-03,불가리아,사업지원 서비스업,3
2025-03,불가리아,섬유제품 제조업; 의복제외,3
2025-03,불가리아,식료품 제조업,3
2025-03,불가리아,우편 및 통신업,3
2025-03,불가리아,의료용 물질 및 의약품 제조업,3
2025-03,불가리아,인쇄 및 기록매체 복제업,3
2025-03,불가리아,자동차 및 부품 판매업,3
2025-03,불가리아,자동차 및 트레일러 제조업,3
2025-03,불가리아,전기장비 제조업,3
2025-03,불가리아,펄프  종이 및 종이제품 제조업,3
2025-03,불가리아,화학물질 및 화학제품 제조업; 의약품 제외,3
2025-03,브라질,1차 금속 제조업,4
2025-03,브라질,가구 제조업,4
2025-03,브라질,가죽  가방 및 신발 제조업,4
2025-03,브라질,고무 및 플라스틱제품 제조업,4
2025-03,브라질,금속가공제품 제조업; 기계 및 가구 제외,4
2025-03,브라질,금융 및 보험 관련 서비스업,4
2025-03,브라질,금융업,4
2025-03,브라질,기타 기계 및 장비 제조업,4
2025-03,브라질,기타 운송장비 제조업,4
2025-03,브라질,기타 제품 제조업,4
2025-03,브라질,도매 및 상품 중개업,4
2025-03,브라질,목재 및 나무제품 제조업; 가구 제외,4
2025-03,브라질,비금속 광물제품 제조업,4
2025-03,브라질,사업지원 서비스업,4
2025-03,브라질,섬유제품 제조업; 의복제외,4
2025-03,브라질,소매업; 자동차 제외,4
2025-03,브라질,숙박업,4
2025-03,브라질,식료품 제조업,4
2025-03,브라질,연구개발업,4
2025-03,브라질,의료  정밀  광학기기 및 시계 제조업,4
2025-03,브라질,의료용 물질 및 의약품 제조업,4
2025-03,브라질,의복  의복 액세서리 및 모피제품 제조업,4
2025-03,브라질,인쇄 및 기록매체 복제업,4
2025-03,브라질,자동차 및 부품 판매업,4
2025-03,브라질,자동차 및 트레일러 제조업,4
2025-03,브라질,전기장비 제조업,4
2025-03,브라질,전문 서비스업,4
2025-03,브라질,전문직별 공사업,4
2025-03,브라질,전자부품  컴퓨터  영상  음향 및 통신장비 제조업,4
2025-03,브라질,창고 및 운송관련 서비스업,4
2025-03,브라질,코크스  연탄 및 석유정제품 제조업,4
2025-03,브라질,펄프  종이 및 종이제품 제조업,4
2025-03,브라질,화학물질 및 화학제품 제조업; 의약품 제외,4
2025-03,사우디아라비아,1차 금속 제조업,3
2025-03,사우디아라비아,가구 제조업,3
2025-03,사우디아라비아,건축기술  엔지니어링 및 기타 과학기술 서비스업,3
2025-03,사우디아라비아,고무 및 플라스틱제품 제조업,3
2025-03,사우디아라비아,광업 지원 서비스업,3
2025-03,사우디아라비아,금속가공제품 제조업; 기계 및 가구 제외,4
2025-03,사우디아라비아,금융업,3
2025-03,사우디아라비아,기타 기계 및 장비 제조업,3
2025-03,사우디아라비아,도매 및 상품 중개업,3
2025-03,사우디아라비아,비금속 광물제품 제조업,3
2025-03,사우디아라비아,사업시설 관리 및 조경 서비스업,3
2025-03,사우디아라비아,사업지원 서비스업,3
2025-03,사우디아라비아,섬유제품 제조업; 의복제외,3
2025-03,사우디아라비아,소매업; 자동차 제외,3
2025-03,사우디아라비아,수도업,3
2025-03,사우디아라비아,수상 운송업,5
2025-03,사우디아라비아,식료품 제조업,3
2025-03,사우디아라비아,우편 및 통신업,3
2025-03,사우디아라비아,의료  정밀  광학기기 및 시계 제조업,3
2025-03,사우디아라비아,의료용 물질 및 의약품 제조업,3
2025-03,사우디아라비아,의복  의복 액세서리 및 모피제품 제조업,4
2025-03,사우디아라비아,자동차 및 부품 판매업,3
2025-03,사우디아라비아,전기  가스  증기 및 공기조절 공급업,3
2025-03,사우디아라비아,전기장비 제조업,3
2025-03,사우디아라비아,전문직별 공사업,3
2025-03,사우디아라비아,종합 건설업,3
2025-03,사우디아라비아,창고 및 운송관련 서비스업,3
2025-03,사우디아라비아,컴퓨터 프로그래밍  시스템 통합 및 관리업,3
2025-03,사우디아라비아,코크스  연탄 및 석유정제품 제조업,3
2025-03,사우디아라비아,펄프  종이 및 종이제품 제조업,3
2025-03,사우디아라비아,화학물질 및 화학제품 제조업; 의약품 제외,3
2025-03,사이프러스,도매 및 상품 중개업,2
2025-03,사이프러스,수상 운송업,2
2025-03,사이프러스,자동차 및 부품 판매업,2
2025-03,산 마리노,1차 금속 제조업,5
2025-03,산 마리노,고무 및 플라스틱제품 제조업,2
2025-03,세네갈,가구 제조업,5
2025-03,세네갈,도매 및 상품 중개업,4
2025-03,세르비아,고무 및 플라스틱제품 제조업,3
2025-03,세르비아,도매 및 상품 중개업,3
2025-03,세르비아,사업지원 서비스업,3
2025-03,세르비아,섬유제품 제조업; 의복제외,3
2025-03,세르비아,자동차 및 부품 판매업,3
2025-03,세르비아,자동차 및 트레일러 제조업,3
2025-03,세르비아,전기장비 제조업,3
2025-03,세르비아,전문직별 공사업,3
2025-03,세르비아,전자부품  컴퓨터  영상  음향 및 통신장비 제조업,3
2025-03,세르비아,컴퓨터 프로그래밍  시스템 통합 및 관리업,3
2025-03,세르비아,화학물질 및 화학제품 제조업; 의약품 제외,3
2025-03,세이셸,소매업; 자동차 제외,4
2025-03,세인트 빈센트 그레나딘,도매 및 상품 중개업,4
2025-03,수리남,금속 광업,5
2025-03,스리랑카,고무 및 플라스틱제품 제조업,4
2025-03,스리랑카,금속가공제품 제조업; 기계 및 가구 제외,4
2025-03,스리랑카,도매 및 상품 중개업,4
2025-03,스리랑카,비금속 광물제품 제조업,4
2025-03,스리랑카,섬유제품 제조업; 의복제외,4
2025-03,스리랑카,식료품 제조업,4
2025-03,스리랑카,의복  의복 액세서리 및 모피제품 제조업,4
2025-03,스리랑카,자동차 및 부품 판매업,4
2025-03,스리랑카,전기장비 제조업,4
2025-03,스리랑카,화학물질 및 화학제품 제조업; 의약품 제외,4
2025-03,스웨덴,1차 금속 제조업,2
2025-03,스웨덴,개인 및 소비용품 수리업,2
2025-03,스웨덴,건축기술  엔지니어링 및 기타 과학기술 서비스업,4
2025-03,스웨덴,고무 및 플라스틱제품 제조업,2
2025-03,스웨덴,금속가공제품 제조업; 기계 및 가구 제외,2
2025-03,스웨덴,기타 기계 및 장비 제조업,2
2025-03,스웨덴,도매 및 상품 중개업,2
2025-03,스웨덴,섬유제품 제조업; 의복제외,2
2025-03,스웨덴,소매업; 자동차 제외,2
2025-03,스웨덴,연구개발업,2
2025-03,스웨덴,자동차 및 부품 판매업,2
2025-03,스웨덴,자동차 및 트레일러 제조업,2
2025-03,스웨덴,전기장비 제조업,2
2025-03,스웨덴,전문 서비스업,2
2025-03,스웨덴,전자부품  컴퓨터  영상  음향 및 통신장비 제조업,2
2025-03,스웨덴,컴퓨터 프로그래밍  시스템 통합 및 관리업,2
2025-03,스웨덴,코크스  연탄 및 석유정제품 제조업,2
2025-03,스웨덴,펄프  종이 및 종이제품 제조업,2
2025-03,스웨덴,화학물질 및 화학제품 제조업; 의약품 제외,2
2025-03,스위스,1차 금속 제조업,2
2025-03,스위스,가죽  가방 및 신발 제조업,1
2025-03,스위스,고무 및 플라스틱제품 제조업,1
2025-03,스위스,금속가공제품 제조업; 기계 및 가구 제외,1
2025-03,스위스,금융 및 보험 관련 서비스업,1
2025-03,스위스,기타 기계 및 장비 제조업,1
2025-03,스위스,기타 운송장비 제조업,1
2025-03,스위스,기타 제품 제조업,1
2025-03,스위스,담배 제조업,1
2025-03,스위스,도매 및 상품 중개업,2
2025-03,스위스,비금속 광물제품 제조업,1
2025-03,스위스,사업지원 서비스업,1
2025-03,스위스,소매업; 자동차 제외,1
2025-03,스위스,수도업,1
2025-03,스위스,수상 운송업,1
2025-03,스위스,의료  정밀  광학기기 및 시계 제조업,1
2025-03,스위스,의료용 물질 및 의약품 제조업,1
2025-03,스위스,의복  의복 액세서리 및 모피제품 제조업,2
2025-03,스위스,자동차 및 부품 판매업,1
2025-03,스위스,전기장비 제조업,2
2025-03,스위스,전문 서비스업,1
2025-03,스위스,전문직별 공사업,2
2025-03,스위스,전자부품  컴퓨터  영상  음향 및 통신장비 제조업,2
2025-03,스위스,코크스  연탄 및 석유정제품 제조업,1
2025-03,스위스,화학물질 및 화학제품 제조업; 의약품 제외,1
2025-03,스페인,1차 금속 제조업,2
2025-03,스페인,개인 및 소비용품 수리업,2
2025-03,스페인,건축기술  엔지니어링 및 기타 과학기술 서비스업,2
2025-03,스페인,고무 및 플라스틱제품 제조업,2
2025-03,스페인,금속가공제품 제조업; 기계 및 가구 제외,2
2025-03,스페인,금융업,2
2025-03,스페인,기타 기계 및 장비 제조업,2
2025-03,스페인,기타 운송장비 제조업,5
2025-03,스페인,기타 제품 제조업,2
2025-03,스페인,도매 및 상품 중개업,2
2025-03,스페인,비금속 광물제품 제조업,2
2025-03,스페인,비금속광물 광업; 연료용 제외,2
2025-03,스페인,사업지원 서비스업,2
2025-03,스페인,산업용 기계 및 장비 수리업,2
2025-03,스페인,섬유제품 제조업; 의복제외,2
2025-03,스페인,소매업; 자동차 제외,2
2025-03,스페인,식료품 제조업,2
2025-03,스페인,우편 및 통신업,2
2025-03,스페인,의료  정밀  광학기기 및 시계 제조업,2
2025-03,스페인,의료용 물질 및 의약품 제조업,2
2025-03,스페인,인쇄 및 기록매체 복제업,2
2025-03,스페인,자동차 및 부품 판매업,2
2025-03,스페인,자동차 및 트레일러 제조업,3
2025-03,스페인,전기  가스  증기 및 공기조절 공급업,5
2025-03,스페인,전기장비 제조업,2
2025-03,스페인,전문 서비스업,2
2025-03,스페인,전문직별 공사업,2
2025-03,스페인,전자부품  컴퓨터  영상  음향 및 통신장비 제조업,2
2025-03,스페인,종합 건설업,2
2025-03,스페인,컴퓨터 프로그래밍  시스템 통합 및 관리업,2
2025-03,스페인,코크스  연탄 및 석유정제품 제조업,2
2025-03,스페인,펄프  종이 및 종이제품 제조업,2
2025-03,스페인,하수  폐수 및 분뇨 처리업,2
2025-03,스페인,화학물질 및 화학제품 제조업; 의약품 제외,2
2025-03,슬로바키아,고무 및 플라스틱제품 제조업,2
2025-03,슬로바키아,기타 기계 및 장비 제조업,3
2025-03,슬로바키아,도매 및 상품 중개업,2
2025-03,슬로바키아,목재 및 나무제품 제조업; 가구 제외,2
2025-03,슬로바키아,부동산업,3
2025-03,슬로바키아,비금속 광물제품 제조업,2
2025-03,슬로바키아,산업용 기계 및 장비 수리업,2
2025-03,슬로바키아,섬유제품 제조업; 의복제외,2
2025-03,슬로바키아,소매업; 자동차 제외,2
2025-03,슬로바키아,의료  정밀  광학기기 및 시계 제조업,2
2025-03,슬로바키아,의복  의복 액세서리 및 모피제품 제조업,2
2025-03,슬로바키아,인쇄 및 기록매체 복제업,2
2025-03,슬로바키아,자동차 및 부품 판매업,2
2025-03,슬로바키아,자동차 및 트레일러 제조업,2
2025-03,슬로바키아,전기장비 제조업,2
2025-03,슬로바키아,전문직별 공사업,2
2025-03,슬로바키아,전자부품  컴퓨터  영상  음향 및 통신장비 제조업,2
2025-03,슬로바키아,화학물질 및 화학제품 제조업; 의약품 제외,2
2025-03,슬로베니아,기타 기계 및 장비 제조업,2
2025-03,슬로베니아,기타 제품 제조업,2
2025-03,슬로베니아,도매 및 상품 중개업,2
2025-03,슬로베니아,섬유제품 제조업; 의복제외,2
2025-03,슬로베니아,소매업; 자동차 제외,2
2025-03,슬로베니아,자동차 및 부품 판매업,2
2025-03,슬로베니아,전기장비 제조업,2
2025-03,슬로베니아,전문직별 공사업,2
2025-03,슬로베니아,화학물질 및 화학제품 제조업; 의약품 제외,2
2025-03,시에라리온,도매 및 상품 중개업,5
2025-03,싱가포르,1차 금속 제조업,1
2025-03,싱가포르,가죽  가방 및 신발 제조업,1
2025-03,싱가포르,건축기술  엔지니어링 및 기타 과학기술 서비스업,1
2025-03,싱가포르,고무 및 플라스틱제품 제조업,1
2025-03,싱가포르,광업 지원 서비스업,1
2025-03,싱가포르,금속가공제품 제조업; 기계 및 가구 제외,1
2025-03,싱가포르,금융업,1
2025-03,싱가포르,기타 기계 및 장비 제조업,1
2025-03,싱가포르,기타 운송장비 제조업,1
2025-03,싱가포르,담배 제조업,1
2025-03,싱가포르,도매 및 상품 중개업,1
2025-03,싱가포르,비금속 광물제품 제조업,1
2025-03,싱가포르,사업지원 서비스업,1
2025-03,싱가포르,석탄  원유 및 천연가스 광업,1
2025-03,싱가포르,섬유제품 제조업; 의복제외,2
2025-03,싱가포르,소매업; 자동차 제외,1
2025-03,싱가포르,수상 운송업,1
2025-03,싱가포르,식료품 제조업,3
2025-03,싱가포르,음료 제조업,1
2025-03,싱가포르,의료  정밀  광학기기 및 시계 제조업,1
2025-03,싱가포르,인쇄 및 기록매체 복제업,1
2025-03,싱가포르,임대업; 부동산 제외,1
2025-03,싱가포르,자동차 및 부품 판매업,1
2025-03,싱가포르,자동차 및 트레일러 제조업,1
2025-03,싱가포르,전기장비 제조업,1
2025-03,싱가포르,전문 서비스업,4
2025-03,싱가포르,전문직별 공사업,1
2025-03,싱가포르,전자부품  컴퓨터  영상  음향 및 통신장비 제조업,1
2025-03,싱가포르,종합 건설업,1
2025-03,싱가포르,창고 및 운송관련 서비스업,1
2025-03,싱가포르,출판업,1
2025-03,싱가포르,코크스  연탄 및 석유정제품 제조업,1
2025-03,싱가포르,펄프  종이 및 종이제품 제조업,1
2025-03,싱가포르,화학물질 및 화학제품 제조업; 의약품 제외,1
2025-03,아랍에미리트 연합,1차 금속 제조업,4
2025-03,아랍에미리트 연합,가구 제조업,2
2025-03,아랍에미리트 연합,고무 및 플라스틱제품 제조업,3
2025-03,아랍에미리트 연합,광업 지원 서비스업,2
2025-03,아랍에미리트 연합,금속 광업,2
2025-03,아랍에미리트 연합,금속가공제품 제조업; 기계 및 가구 제외,3
2025-03,아랍에미리트 연합,기타 기계 및 장비 제조업,3
2025-03,아랍에미리트 연합,도매 및 상품 중개업,3
2025-03,아랍에미리트 연합,비금속 광물제품 제조업,3
2025-03,아랍에미리트 연합,석탄  원유 및 천연가스 광업,3
2025-03,아랍에미리트 연합,소매업; 자동차 제외,3
2025-03,아랍에미리트 연합,수상 운송업,2
2025-03,아랍에미리트 연합,식료품 제조업,2
2025-03,아랍에미리트 연합,우편 및 통신업,2
2025-03,아랍에미리트 연합,육상운송 및 파이프라인 운송업,2
2025-03,아랍에미리트 연합,의료용 물질 및 의약품 제조업,3
2025-03,아랍에미리트 연합,의복  의복 액세서리 및 모피제품 제조업,3
2025-03,아랍에미리트 연합,인쇄 및 기록매체 복제업,2
2025-03,아랍에미리트 연합,자동차 및 부품 판매업,2
2025-03,아랍에미리트 연합,자동차 및 트레일러 제조업,3
2025-03,아랍에미리트 연합,전기  가스  증기 및 공기조절 공급업,4
2025-03,아랍에미리트 연합,전기장비 제조업,3
2025-03,아랍에미리트 연합,전문 서비스업,3
2025-03,아랍에미리트 연합,전문직별 공사업,3
2025-03,아랍에미리트 연합,종합 건설업,4
2025-03,아랍에미리트 연합,창고 및 운송관련 서비스업,2
2025-03,아랍에미리트 연합,출판업,3
2025-03,아랍에미리트 연합,펄프  종이 및 종이제품 제조업,3
2025-03,아랍에미리트 연합,항공 운송업,2
2025-03,아랍에미리트 연합,화학물질 및 화학제품 제조업; 의약품 제외,3
2025-03,아루바,자동차 및 부품 판매업,4
2025-03,아르메니아,가구 제조업,5
2025-03,아르메니아,고무 및 플라스틱제품 제조업,5
2025-03,아르메니아,도매 및 상품 중개업,5
2025-03,아르메니아,펄프  종이 및 종이제품 제조업,5
2025-03,아르헨티나,1차 금속 제조업,5
2025-03,아르헨티나,가구 제조업,4
2025-03,아르헨티나,고무 및 플라스틱제품 제조업,4
2025-03,아르헨티나,기타 개인 서비스업,4
2025-03,아르헨티나,기타 기계 및 장비 제조업,4
2025-03,아르헨티나,도매 및 상품 중개업,4
2025-03,아르헨티나,비금속 광물제품 제조업,4
2025-03,아르헨티나,석탄  원유 및 천연가스 광업,5
2025-03,아르헨티나,섬유제품 제조업; 의복제외,4
2025-03,아르헨티나,소매업; 자동차 제외,4
2025-03,아르헨티나,우편 및 통신업,5
2025-03,아르헨티나,의료  정밀  광학기기 및 시계 제조업,4
2025-03,아르헨티나,의료용 물질 및 의약품 제조업,4
2025-03,아르헨티나,의복  의복 액세서리 및 모피제품 제조업,4
2025-03,아르헨티나,인쇄 및 기록매체 복제업,4
2025-03,아르헨티나,자동차 및 부품 판매업,4
2025-03,아르헨티나,자동차 및 트레일러 제조업,4
2025-03,아르헨티나,전기장비 제조업,4
2025-03,아르헨티나,전자부품  컴퓨터  영상  음향 및 통신장비 제조업,4
2025-03,아르헨티나,펄프  종이 및 종이제품 제조업,4
2025-03,아르헨티나,화학물질 및 화학제품 제조업; 의약품 제외,4
2025-03,아이슬란드,개인 및 소비용품 수리업,2
2025-03,아이슬란드,고무 및 플라스틱제품 제조업,2
2025-03,아이슬란드,기타 전문  과학 및 기술 서비스업,2
2025-03,아이슬란드,자동차 및 부품 판매업,2
2025-03,아이슬란드,전문직별 공사업,2
2025-03,아이티,자동차 및 부품 판매업,5
2025-03,아일랜드,고무 및 플라스틱제품 제조업,1
2025-03,아일랜드,금속가공제품 제조업; 기계 및 가구 제외,1
2025-03,아일랜드,금융업,5
2025-03,아일랜드,기타 개인 서비스업,1
2025-03,아일랜드,기타 제품 제조업,2
2025-03,아일랜드,농업,1
2025-03,아일랜드,도매 및 상품 중개업,2
2025-03,아일랜드,비금속 광물제품 제조업,1
2025-03,아일랜드,소매업; 자동차 제외,2
2025-03,아일랜드,식료품 제조업,1
2025-03,아일랜드,의료  정밀  광학기기 및 시계 제조업,1
2025-03,아일랜드,의료용 물질 및 의약품 제조업,1
2025-03,아일랜드,자동차 및 부품 판매업,2
2025-03,아일랜드,자동차 및 트레일러 제조업,2
2025-03,아일랜드,전기장비 제조업,2
2025-03,아일랜드,전문직별 공사업,1
2025-03,아일랜드,전자부품  컴퓨터  영상  음향 및 통신장비 제조업,2
2025-03,아일랜드,컴퓨터 프로그래밍  시스템 통합 및 관리업,1
2025-03,아일랜드,코크스  연탄 및 석유정제품 제조업,2
2025-03,아일랜드,펄프  종이 및 종이제품 제조업,2
2025-03,아일랜드,화학물질 및 화학제품 제조업; 의약품 제외,1
2025-03,아제르바이잔,1차 금속 제조업,4
2025-03,아제르바이잔,개인 및 소비용품 수리업,4
2025-03,아제르바이잔,도매 및 상품 중개업,5
2025-03,아제르바이잔,부동산업,4
2025-03,아제르바이잔,비금속 광물제품 제조업,4
2025-03,아제르바이잔,소매업; 자동차 제외,4
2025-03,아제르바이잔,자동차 및 부품 판매업,4
2025-03,아제르바이잔,컴퓨터 프로그래밍  시스템 통합 및 관리업,4
2025-03,안도라,개인 및 소비용품 수리업,4
2025-03,안도라,도매 및 상품 중개업,4
2025-03,알제리,가죽  가방 및 신발 제조업,4
2025-03,알제리,고무 및 플라스틱제품 제조업,5
2025-03,알제리,기타 제품 제조업,4
2025-03,알제리,도매 및 상품 중개업,4
2025-03,알제리,비금속 광물제품 제조업,4
2025-03,알제리,의료용 물질 및 의약품 제조업,4
2025-03,알제리,의복  의복 액세서리 및 모피제품 제조업,4
2025-03,알제리,자동차 및 부품 판매업,4
2025-03,알제리,전기장비 제조업,5
2025-03,알제리,전문직별 공사업,4
2025-03,알제리,전자부품  컴퓨터  영상  음향 및 통신장비 제조업,4
2025-03,알제리,펄프  종이 및 종이제품 제조업,4
2025-03,알제리,화학물질 및 화학제품 제조업; 의약품 제외,5
2025-03,에스토니아,개인 및 소비용품 수리업,2
2025-03,에스토니아,금속가공제품 제조업; 기계 및 가구 제외,2
2025-03,에스토니아,기타 기계 및 장비 제조업,2
2025-03,에스토니아,도매 및 상품 중개업,2
2025-03,에스토니아,산업용 기계 및 장비 수리업,2
2025-03,에스토니아,섬유제품 제조업; 의복제외,2
2025-03,에스토니아,소매업; 자동차 제외,4
2025-03,에스토니아,임대업; 부동산 제외,2
2025-03,에스토니아,자동차 및 부품 판매업,2
2025-03,에스토니아,전자부품  컴퓨터  영상  음향 및 통신장비 제조업,2
2025-03,에스토니아,화학물질 및 화학제품 제조업; 의약품 제외,2
2025-03,에콰도르,1차 금속 제조업,4
2025-03,에콰도르,가구 제조업,4
2025-03,에콰도르,고무 및 플라스틱제품 제조업,5
2025-03,에콰도르,금속가공제품 제조업; 기계 및 가구 제외,4
2025-03,에콰도르,도매 및 상품 중개업,4
2025-03,에콰도르,섬유제품 제조업; 의복제외,4
2025-03,에콰도르,소매업; 자동차 제외,4
2025-03,에콰도르,식료품 제조업,4
2025-03,에콰도르,어업,4
2025-03,에콰도르,의료용 물질 및 의약품 제조업,4
2025-03,에콰도르,자동차 및 부품 판매업,4
2025-03,에콰도르,자동차 및 트레일러 제조업,4
2025-03,에콰도르,전기장비 제조업,4
2025-03,에콰도르,펄프  종이 및 종이제품 제조업,4
2025-03,에콰도르,화학물질 및 화학제품 제조업; 의약품 제외,4
2025-03,에티오피아,도매 및 상품 중개업,5
2025-03,엘살바도르,고무 및 플라스틱제품 제조업,4
2025-03,엘살바도르,도매 및 상품 중개업,4
2025-03,엘살바도르,섬유제품 제조업; 의복제외,4
2025-03,엘살바도르,소매업; 자동차 제외,4
2025-03,엘살바도르,우편 및 통신업,4
2025-03,엘살바도르,자동차 및 부품 판매업,4
2025-03,엘살바도르,화학물질 및 화학제품 제조업; 의약품 제외,4
2025-03,영국,1차 금속 제조업,2
2025-03,영국,개인 및 소비용품 수리업,3
2025-03,영국,고무 및 플라스틱제품 제조업,2
2025-03,영국,금속가공제품 제조업; 기계 및 가구 제외,2
2025-03,영국,금융업,2
2025-03,영국,기타 개인 서비스업,2
2025-03,영국,기타 기계 및 장비 제조업,2
2025-03,영국,기타 운송장비 제조업,2
2025-03,영국,기타 전문  과학 및 기술 서비스업,2
2025-03,영국,기타 제품 제조업,2
2025-03,영국,도매 및 상품 중개업,2
2025-03,영국,비금속 광물제품 제조업,2
2025-03,영국,사업지원 서비스업,2
2025-03,영국,산업용 기계 및 장비 수리업,2
2025-03,영국,섬유제품 제조업; 의복제외,2
2025-03,영국,소매업; 자동차 제외,2
2025-03,영국,수상 운송업,2
2025-03,영국,스포츠 및 오락관련 서비스업,2
2025-03,영국,식료품 제조업,2
2025-03,영국,우편 및 통신업,2
2025-03,영국,의료  정밀  광학기기 및 시계 제조업,2
2025-03,영국,의료용 물질 및 의약품 제조업,2
2025-03,영국,의복  의복 액세서리 및 모피제품 제조업,2
2025-03,영국,인쇄 및 기록매체 복제업,2
2025-03,영국,자동차 및 부품 판매업,2
2025-03,영국,자동차 및 트레일러 제조업,2
2025-03,영국,전기  가스  증기 및 공기조절 공급업,2
2025-03,영국,전기장비 제조업,2
2025-03,영국,전문 서비스업,4
2025-03,영국,전자부품  컴퓨터  영상  음향 및 통신장비 제조업,2
2025-03,영국,종합 건설업,2
2025-03,영국,창고 및 운송관련 서비스업,2
2025-03,영국,출판업,2
2025-03,영국,컴퓨터 프로그래밍  시스템 통합 및 관리업,2
2025-03,영국,코크스  연탄 및 석유정제품 제조업,2
2025-03,영국,펄프  종이 및 종이제품 제조업,2
2025-03,영국,화학물질 및 화학제품 제조업; 의약품 제외,2
2025-03,영국령 버진군도,금융 및 보험 관련 서비스업,4
2025-03,영국령 버진군도,금융업,4
2025-03,오만,1차 금속 제조업,3
2025-03,오만,가구 제조업,5
2025-03,오만,건축기술  엔지니어링 및 기타 과학기술 서비스업,2
2025-03,오만,고무 및 플라스틱제품 제조업,3
2025-03,오만,도매 및 상품 중개업,3
2025-03,오만,식료품 제조업,2
2025-03,오만,자동차 및 부품 판매업,3
2025-03,오만,종합 건설업,2
2025-03,오만,컴퓨터 프로그래밍  시스템 통합 및 관리업,5
2025-03,오만,화학물질 및 화학제품 제조업; 의약품 제외,2
2025-03,오스트리아,1차 금속 제조업,2
2025-03,오스트리아,가구 제조업,2
2025-03,오스트리아,고무 및 플라스틱제품 제조업,2
2025-03,오스트리아,기타 기계 및 장비 제조업,3
2025-03,오스트리아,도매 및 상품 중개업,2
2025-03,오스트리아,비금속 광물제품 제조업,2
2025-03,오스트리아,산업용 기계 및 장비 수리업,2
2025-03,오스트리아,섬유제품 제조업; 의복제외,2
2025-03,오스트리아,식료품 제조업,2
2025-03,오스트리아,음료 제조업,2
2025-03,오스트리아,의료  정밀  광학기기 및 시계 제조업,2
2025-03,오스트리아,자동차 및 부품 판매업,2
2025-03,오스트리아,자동차 및 트레일러 제조업,2
2025-03,오스트리아,전기장비 제조업,2
2025-03,오스트리아,전문직별 공사업,2
2025-03,오스트리아,펄프  종이 및 종이제품 제조업,2
2025-03,온두라스,1차 금속 제조업,4
2025-03,온두라스,건축기술  엔지니어링 및 기타 과학기술 서비스업,4
2025-03,온두라스,고무 및 플라스틱제품 제조업,4
2025-03,온두라스,금속가공제품 제조업; 기계 및 가구 제외,4
2025-03,온두라스,농업,4
2025-03,온두라스,도매 및 상품 중개업,4
2025-03,온두라스,섬유제품 제조업; 의복제외,4
2025-03,온두라스,소매업; 자동차 제외,4
2025-03,온두라스,식료품 제조업,4
2025-03,온두라스,자동차 및 부품 판매업,5
2025-03,온두라스,화학물질 및 화학제품 제조업; 의약품 제외,4
2025-03,요르단,가구 제조업,3
2025-03,요르단,고무 및 플라스틱제품 제조업,3
2025-03,요르단,금속가공제품 제조업; 기계 및 가구 제외,3
2025-03,요르단,금융업,3
2025-03,요르단,기타 기계 및 장비 제조업,3
2025-03,요르단,농업,3
2025-03,요르단,도매 및 상품 중개업,4
2025-03,요르단,비금속 광물제품 제조업,3
2025-03,요르단,소매업; 자동차 제외,3
2025-03,요르단,식료품 제조업,3
2025-03,요르단,의료용 물질 및 의약품 제조업,3
2025-03,요르단,자동차 및 부품 판매업,3
2025-03,요르단,전기장비 제조업,3
2025-03,요르단,펄프  종이 및 종이제품 제조업,5
2025-03,요르단,협회 및 단체,3
2025-03,요르단,화학물질 및 화학제품 제조업; 의약품 제외,3
2025-03,우간다,1차 금속 제조업,5
2025-03,우간다,가구 제조업,5
2025-03,우간다,도매 및 상품 중개업,5
2025-03,우루과이,도매 및 상품 중개업,4
2025-03,우루과이,음료 제조업,4
2025-03,우루과이,의료용 물질 및 의약품 제조업,4
2025-03,우루과이,자동차 및 부품 판매업,4
2025-03,우루과이,자동차 및 트레일러 제조업,4
2025-03,우루과이,전문직별 공사업,4
2025-03,우루과이,컴퓨터 프로그래밍  시스템 통합 및 관리업,4
2025-03,우루과이,펄프  종이 및 종이제품 제조업,4
2025-03,우루과이,화학물질 및 화학제품 제조업; 의약품 제외,4
2025-03,우즈베키스탄,1차 금속 제조업,4
2025-03,우즈베키스탄,고무 및 플라스틱제품 제조업,5
2025-03,우즈베키스탄,도매 및 상품 중개업,5
2025-03,우즈베키스탄,소매업; 자동차 제외,4
2025-03,우즈베키스탄,음식점 및 주점업,4
2025-03,우즈베키스탄,의료용 물질 및 의약품 제조업,4
2025-03,우즈베키스탄,자동차 및 부품 판매업,5
2025-03,우즈베키스탄,자동차 및 트레일러 제조업,5
2025-03,우즈베키스탄,전기장비 제조업,5
2025-03,우즈베키스탄,펄프  종이 및 종이제품 제조업,4
2025-03,우크라이나,고무 및 플라스틱제품 제조업,4
2025-03,우크라이나,도매 및 상품 중개업,5
2025-03,우크라이나,자동차 및 부품 판매업,4
2025-03,우크라이나,전기장비 제조업,4
2025-03,이라크,도매 및 상품 중개업,5
2025-03,이라크,자동차 및 부품 판매업,5
2025-03,이스라엘,고무 및 플라스틱제품 제조업,3
2025-03,이스라엘,금속가공제품 제조업; 기계 및 가구 제외,3
2025-03,이스라엘,금융업,3
2025-03,이스라엘,기타 기계 및 장비 제조업,3
2025-03,이스라엘,도매 및 상품 중개업,3
2025-03,이스라엘,비금속 광물제품 제조업,3
2025-03,이스라엘,산업용 기계 및 장비 수리업,3
2025-03,이스라엘,섬유제품 제조업; 의복제외,3
2025-03,이스라엘,소매업; 자동차 제외,3
2025-03,이스라엘,식료품 제조업,3
2025-03,이스라엘,우편 및 통신업,3
2025-03,이스라엘,의료  정밀  광학기기 및 시계 제조업,3
2025-03,이스라엘,의료용 물질 및 의약품 제조업,3
2025-03,이스라엘,의복  의복 액세서리 및 모피제품 제조업,3
2025-03,이스라엘,자동차 및 부품 판매업,3
2025-03,이스라엘,전기장비 제조업,3
2025-03,이스라엘,전문직별 공사업,3
2025-03,이스라엘,전자부품  컴퓨터  영상  음향 및 통신장비 제조업,3
2025-03,이스라엘,컴퓨터 프로그래밍  시스템 통합 및 관리업,3
2025-03,이스라엘,펄프  종이 및 종이제품 제조업,3
2025-03,이스라엘,화학물질 및 화학제품 제조업; 의약품 제외,3
2025-03,이집트,1차 금속 제조업,4
2025-03,이집트,가구 제조업,5
2025-03,이집트,고무 및 플라스틱제품 제조업,4
2025-03,이집트,금속가공제품 제조업; 기계 및 가구 제외,5
2025-03,이집트,기타 기계 및 장비 제조업,4
2025-03,이집트,도매 및 상품 중개업,5
2025-03,이집트,부동산업,4
2025-03,이집트,비금속 광물제품 제조업,4
2025-03,이집트,사업지원 서비스업,4
2025-03,이집트,섬유제품 제조업; 의복제외,4
2025-03,이집트,소매업; 자동차 제외,4
2025-03,이집트,식료품 제조업,4
2025-03,이집트,우편 및 통신업,4
2025-03,이집트,의료  정밀  광학기기 및 시계 제조업,4
2025-03,이집트,의료용 물질 및 의약품 제조업,4
2025-03,이집트,의복  의복 액세서리 및 모피제품 제조업,4
2025-03,이집트,자동차 및 부품 판매업,5
2025-03,이집트,자동차 및 트레일러 제조업,4
2025-03,이집트,전기장비 제조업,5
2025-03,이집트,전문직별 공사업,4
2025-03,이집트,전자부품  컴퓨터  영상  음향 및 통신장비 제조업,4
2025-03,이집트,출판업,4
2025-03,이집트,코크스  연탄 및 석유정제품 제조업,4
2025-03,이집트,펄프  종이 및 종이제품 제조업,5
2025-03,이집트,화학물질 및 화학제품 제조업; 의약품 제외,4
2025-03,이탈리아,1차 금속 제조업,3
2025-03,이탈리아,가구 제조업,2
2025-03,이탈리아,가죽  가방 및 신발 제조업,2
2025-03,이탈리아,개인 및 소비용품 수리업,2
2025-03,이탈리아,고무 및 플라스틱제품 제조업,2
2025-03,이탈리아,금속가공제품 제조업; 기계 및 가구 제외,2
2025-03,이탈리아,금융업,2
2025-03,이탈리아,기타 기계 및 장비 제조업,2
2025-03,이탈리아,기타 운송장비 제조업,2
2025-03,이탈리아,기타 제품 제조업,3
2025-03,이탈리아,농업,3
2025-03,이탈리아,도매 및 상품 중개업,2
2025-03,이탈리아,비금속 광물제품 제조업,2
2025-03,이탈리아,산업용 기계 및 장비 수리업,2
2025-03,이탈리아,섬유제품 제조업; 의복제외,2
2025-03,이탈리아,소매업; 자동차 제외,3
2025-03,이탈리아,수상 운송업,2
2025-03,이탈리아,식료품 제조업,2
2025-03,이탈리아,우편 및 통신업,2
2025-03,이탈리아,음료 제조업,2
2025-03,이탈리아,의료  정밀  광학기기 및 시계 제조업,2
2025-03,이탈리아,의료용 물질 및 의약품 제조업,2
2025-03,이탈리아,의복  의복 액세서리 및 모피제품 제조업,2
2025-03,이탈리아,인쇄 및 기록매체 복제업,2
2025-03,이탈리아,임대업; 부동산 제외,3
2025-03,이탈리아,자동차 및 부품 판매업,2
2025-03,이탈리아,자동차 및 트레일러 제조업,2
2025-03,이탈리아,전기  가스  증기 및 공기조절 공급업,2
2025-03,이탈리아,전기장비 제조업,2
2025-03,이탈리아,전문 서비스업,2
2025-03,이탈리아,전문직별 공사업,2
2025-03,이탈리아,전자부품  컴퓨터  영상  음향 및 통신장비 제조업,2
2025-03,이탈리아,종합 건설업,2
2025-03,이탈리아,창고 및 운송관련 서비스업,2
2025-03,이탈리아,출판업,2
2025-03,이탈리아,컴퓨터 프로그래밍  시스템 통합 및 관리업,2
2025-03,이탈리아,코크스  연탄 및 석유정제품 제조업,2
2025-03,이탈리아,펄프  종이 및 종이제품 제조업,2
2025-03,이탈리아,화학물질 및 화학제품 제조업; 의약품 제외,2
2025-03,인도,1차 금속 제조업,4
2025-03,인도,가구 제조업,4
2025-03,인도,가죽  가방 및 신발 제조업,4
2025-03,인도,개인 및 소비용품 수리업,4
2025-03,인도,건축기술  엔지니어링 및 기타 과학기술 서비스업,4
2025-03,인도,고무 및 플라스틱제품 제조업,4
2025-03,인도,교육 서비스업,4
2025-03,인도,금속가공제품 제조업; 기계 및 가구 제외,4
2025-03,인도,금융 및 보험 관련 서비스업,4
2025-03,인도,기타 개인 서비스업,4
2025-03,인도,기타 기계 및 장비 제조업,4
2025-03,인도,기타 운송장비 제조업,4
2025-03,인도,기타 제품 제조업,4
2025-03,인도,농업,4
2025-03,인도,도매 및 상품 중개업,4
2025-03,인도,방송업,4
2025-03,인도,보건업,4
2025-03,인도,부동산업,4
2025-03,인도,비금속 광물제품 제조업,4
2025-03,인도,섬유제품 제조업; 의복제외,4
2025-03,인도,소매업; 자동차 제외,4
2025-03,인도,수상 운송업,4
2025-03,인도,숙박업,4
2025-03,인도,식료품 제조업,4
2025-03,인도,우편 및 통신업,4
2025-03,인도,음료 제조업,4
2025-03,인도,의료  정밀  광학기기 및 시계 제조업,4
2025-03,인도,의료용 물질 및 의약품 제조업,4
2025-03,인도,의복  의복 액세서리 및 모피제품 제조업,4
2025-03,인도,인쇄 및 기록매체 복제업,4
2025-03,인도,자동차 및 부품 판매업,4
2025-03,인도,자동차 및 트레일러 제조업,4
2025-03,인도,전기장비 제조업,4
2025-03,인도,전문직별 공사업,4
2025-03,인도,전자부품  컴퓨터  영상  음향 및 통신장비 제조업,4
2025-03,인도,종합 건설업,4
2025-03,인도,창고 및 운송관련 서비스업,4
2025-03,인도,출판업,4
2025-03,인도,컴퓨터 프로그래밍  시스템 통합 및 관리업,5
2025-03,인도,코크스  연탄 및 석유정제품 제조업,4
2025-03,인도,펄프  종이 및 종이제품 제조업,4
2025-03,인도,화학물질 및 화학제품 제조업; 의약품 제외,4
2025-03,인도네시아,1차 금속 제조업,4
2025-03,인도네시아,가죽  가방 및 신발 제조업,3
2025-03,인도네시아,건축기술  엔지니어링 및 기타 과학기술 서비스업,3
2025-03,인도네시아,고무 및 플라스틱제품 제조업,3
2025-03,인도네시아,금속 광업,4
2025-03,인도네시아,금속가공제품 제조업; 기계 및 가구 제외,3
2025-03,인도네시아,기타 기계 및 장비 제조업,3
2025-03,인도네시아,담배 제조업,3
2025-03,인도네시아,도매 및 상품 중개업,3
2025-03,인도네시아,비금속 광물제품 제조업,3
2025-03,인도네시아,사업시설 관리 및 조경 서비스업,3
2025-03,인도네시아,석탄  원유 및 천연가스 광업,3
2025-03,인도네시아,섬유제품 제조업; 의복제외,3
2025-03,인도네시아,소매업; 자동차 제외,3
2025-03,인도네시아,식료품 제조업,3
2025-03,인도네시아,음료 제조업,4
2025-03,인도네시아,의료용 물질 및 의약품 제조업,3
2025-03,인도네시아,의복  의복 액세서리 및 모피제품 제조업,4
2025-03,인도네시아,인쇄 및 기록매체 복제업,4
2025-03,인도네시아,임대업; 부동산 제외,4
2025-03,인도네시아,자동차 및 부품 판매업,3
2025-03,인도네시아,자동차 및 트레일러 제조업,3
2025-03,인도네시아,전기장비 제조업,3
2025-03,인도네시아,전문직별 공사업,4
2025-03,인도네시아,전자부품  컴퓨터  영상  음향 및 통신장비 제조업,3
2025-03,인도네시아,종합 건설업,4
2025-03,인도네시아,창고 및 운송관련 서비스업,3
2025-03,인도네시아,펄프  종이 및 종이제품 제조업,3
2025-03,인도네시아,화학물질 및 화학제품 제조업; 의약품 제외,3
2025-03,일본,1차 금속 제조업,2
2025-03,일본,가죽  가방 및 신발 제조업,2
2025-03,일본,개인 및 소비용품 수리업,2
2025-03,일본,건축기술  엔지니어링 및 기타 과학기술 서비스업,2
2025-03,일본,고무 및 플라스틱제품 제조업,2
2025-03,일본,금속가공제품 제조업; 기계 및 가구 제외,2
2025-03,일본,금융업,2
2025-03,일본,기타 개인 서비스업,2
2025-03,일본,기타 기계 및 장비 제조업,2
2025-03,일본,기타 운송장비 제조업,2
2025-03,일본,기타 제품 제조업,2
2025-03,일본,농업,2
2025-03,일본,도매 및 상품 중개업,2
2025-03,일본,부동산업,2
2025-03,일본,비금속 광물제품 제조업,2
2025-03,일본,사업지원 서비스업,2
2025-03,일본,섬유제품 제조업; 의복제외,2
2025-03,일본,소매업; 자동차 제외,2
2025-03,일본,수상 운송업,2
2025-03,일본,식료품 제조업,2
2025-03,일본,우편 및 통신업,2
2025-03,일본,육상운송 및 파이프라인 운송업,2
2025-03,일본,음료 제조업,2
2025-03,일본,의료  정밀  광학기기 및 시계 제조업,2
2025-03,일본,의료용 물질 및 의약품 제조업,2
2025-03,일본,의복  의복 액세서리 및 모피제품 제조업,2
2025-03,일본,인쇄 및 기록매체 복제업,2
2025-03,일본,자동차 및 부품 판매업,2
2025-03,일본,자동차 및 트레일러 제조업,2
2025-03,일본,전기  가스  증기 및 공기조절 공급업,2
2025-03,일본,전기장비 제조업,2
2025-03,일본,전문 서비스업,2
2025-03,일본,전문직별 공사업,2
2025-03,일본,전자부품  컴퓨터  영상  음향 및 통신장비 제조업,2
2025-03,일본,종합 건설업,2
2025-03,일본,창고 및 운송관련 서비스업,2
2025-03,일본,출판업,2
2025-03,일본,코크스  연탄 및 석유정제품 제조업,2
2025-03,일본,펄프  종이 및 종이제품 제조업,2
2025-03,일본,협회 및 단체,2
2025-03,일본,화학물질 및 화학제품 제조업; 의약품 제외,2
2025-03,자메이카,도매 및 상품 중개업,5
2025-03,자메이카,소매업; 자동차 제외,3
2025-03,자메이카,자동차 및 부품 판매업,4
2025-03,조지아,고무 및 플라스틱제품 제조업,4
2025-03,조지아,도매 및 상품 중개업,4
2025-03,조지아,소매업; 자동차 제외,4
2025-03,조지아,자동차 및 부품 판매업,4
2025-03,조지아,전문직별 공사업,4
2025-03,조지아,출판업,4
2025-03,중국,1차 금속 제조업,4
2025-03,중국,가구 제조업,4
2025-03,중국,가죽  가방 및 신발 제조업,4
2025-03,중국,개인 및 소비용품 수리업,4
2025-03,중국,건축기술  엔지니어링 및 기타 과학기술 서비스업,4
2025-03,중국,고무 및 플라스틱제품 제조업,4
2025-03,중국,공공행정  국방 및 사회보장 행정,4
2025-03,중국,교육 서비스업,4
2025-03,중국,금속가공제품 제조업; 기계 및 가구 제외,4
2025-03,중국,금융업,4
2025-03,중국,기타 기계 및 장비 제조업,4
2025-03,중국,기타 운송장비 제조업,4
2025-03,중국,기타 전문  과학 및 기술 서비스업,4
2025-03,중국,기타 제품 제조업,4
2025-03,중국,담배 제조업,4
2025-03,중국,도매 및 상품 중개업,4
2025-03,중국,보건업,4
2025-03,중국,부동산업,4
2025-03,중국,비금속 광물제품 제조업,4
2025-03,중국,사업시설 관리 및 조경 서비스업,4
2025-03,중국,산업용 기계 및 장비 수리업,4
2025-03,중국,석탄  원유 및 천연가스 광업,4
2025-03,중국,섬유제품 제조업; 의복제외,4
2025-03,중국,소매업; 자동차 제외,4
2025-03,중국,수상 운송업,4
2025-03,중국,숙박업,4
2025-03,중국,식료품 제조업,4
2025-03,중국,연구개발업,4
2025-03,중국,영상ㆍ오디오 기록물 제작 및 배급업,4
2025-03,중국,우편 및 통신업,4
2025-03,중국,육상운송 및 파이프라인 운송업,4
2025-03,중국,음료 제조업,4
2025-03,중국,의료  정밀  광학기기 및 시계 제조업,4
2025-03,중국,의료용 물질 및 의약품 제조업,4
2025-03,중국,의복  의복 액세서리 및 모피제품 제조업,4
2025-03,중국,인쇄 및 기록매체 복제업,4
2025-03,중국,자동차 및 부품 판매업,4
2025-03,중국,자동차 및 트레일러 제조업,4
2025-03,중국,전기  가스  증기 및 공기조절 공급업,4
2025-03,중국,전기장비 제조업,4
2025-03,중국,전문 서비스업,4
2025-03,중국,전문직별 공사업,4
2025-03,중국,전자부품  컴퓨터  영상  음향 및 통신장비 제조업,4
2025-03,중국,정보서비스업,4
2025-03,중국,종합 건설업,4
2025-03,중국,창고 및 운송관련 서비스업,4
2025-03,중국,출판업,4
2025-03,중국,컴퓨터 프로그래밍  시스템 통합 및 관리업,4
2025-03,중국,코크스  연탄 및 석유정제품 제조업,4
2025-03,중국,펄프  종이 및 종이제품 제조업,4
2025-03,중국,항공 운송업,4
2025-03,중국,화학물질 및 화학제품 제조업; 의약품 제외,4
2025-03,지부티,도매 및 상품 중개업,5
2025-03,지부티,자동차 및 부품 판매업,5
2025-03,체코,1차 금속 제조업,2
2025-03,체코,고무 및 플라스틱제품 제조업,2
2025-03,체코,금속가공제품 제조업; 기계 및 가구 제외,2
2025-03,체코,기타 기계 및 장비 제조업,2
2025-03,체코,도매 및 상품 중개업,2
2025-03,체코,목재 및 나무제품 제조업; 가구 제외,2
2025-03,체코,비금속 광물제품 제조업,2
2025-03,체코,비금속광물 광업; 연료용 제외,2
2025-03,체코,섬유제품 제조업; 의복제외,2
2025-03,체코,소매업; 자동차 제외,4
2025-03,체코,식료품 제조업,2
2025-03,체코,의료용 물질 및 의약품 제조업,2
2025-03,체코,의복  의복 액세서리 및 모피제품 제조업,2
2025-03,체코,인쇄 및 기록매체 복제업,2
2025-03,체코,자동차 및 부품 판매업,2
2025-03,체코,자동차 및 트레일러 제조업,2
2025-03,체코,전기장비 제조업,2
2025-03,체코,전문 서비스업,2
2025-03,체코,전자부품  컴퓨터  영상  음향 및 통신장비 제조업,2
2025-03,체코,화학물질 및 화학제품 제조업; 의약품 제외,2
2025-03,칠레,1차 금속 제조업,5
2025-03,칠레,가구 제조업,3
2025-03,칠레,개인 및 소비용품 수리업,3
2025-03,칠레,고무 및 플라스틱제품 제조업,4
2025-03,칠레,금속 광업,5
2025-03,칠레,금속가공제품 제조업; 기계 및 가구 제외,3
2025-03,칠레,기타 기계 및 장비 제조업,3
2025-03,칠레,농업,3
2025-03,칠레,도매 및 상품 중개업,3
2025-03,칠레,비금속 광물제품 제조업,3
2025-03,칠레,사업지원 서비스업,3
2025-03,칠레,섬유제품 제조업; 의복제외,3
2025-03,칠레,소매업; 자동차 제외,3
2025-03,칠레,식료품 제조업,3
2025-03,칠레,의료  정밀  광학기기 및 시계 제조업,3
2025-03,칠레,의료용 물질 및 의약품 제조업,3
2025-03,칠레,자동차 및 부품 판매업,3
2025-03,칠레,전기장비 제조업,3
2025-03,칠레,전문직별 공사업,4
2025-03,칠레,컴퓨터 프로그래밍  시스템 통합 및 관리업,3
2025-03,칠레,펄프  종이 및 종이제품 제조업,4
2025-03,칠레,화학물질 및 화학제품 제조업; 의약품 제외,3
2025-03,카메룬,금융업,5
2025-03,카보베르데,도매 및 상품 중개업,5
2025-03,카자흐스탄,고무 및 플라스틱제품 제조업,4
2025-03,카자흐스탄,금속 광업,5
2025-03,카자흐스탄,금속가공제품 제조업; 기계 및 가구 제외,4
2025-03,카자흐스탄,기타 기계 및 장비 제조업,4
2025-03,카자흐스탄,도매 및 상품 중개업,4
2025-03,카자흐스탄,비금속 광물제품 제조업,4
2025-03,카자흐스탄,소매업; 자동차 제외,4
2025-03,카자흐스탄,음료 제조업,4
2025-03,카자흐스탄,자동차 및 부품 판매업,4
2025-03,카자흐스탄,자동차 및 트레일러 제조업,4
2025-03,카자흐스탄,전자부품  컴퓨터  영상  음향 및 통신장비 제조업,4
2025-03,카자흐스탄,컴퓨터 프로그래밍  시스템 통합 및 관리업,4
2025-03,카타르,건축기술  엔지니어링 및 기타 과학기술 서비스업,4
2025-03,카타르,고무 및 플라스틱제품 제조업,2
2025-03,카타르,도매 및 상품 중개업,2
2025-03,카타르,석탄  원유 및 천연가스 광업,2
2025-03,카타르,소매업; 자동차 제외,2
2025-03,카타르,수상 운송업,2
2025-03,카타르,임대업; 부동산 제외,2
2025-03,카타르,자동차 및 부품 판매업,2
2025-03,카타르,전기장비 제조업,2
2025-03,카타르,전자부품  컴퓨터  영상  음향 및 통신장비 제조업,2
2025-03,카타르,종합 건설업,5
2025-03,카타르,화학물질 및 화학제품 제조업; 의약품 제외,3
2025-03,캄보디아,고무 및 플라스틱제품 제조업,5
2025-03,캄보디아,도매 및 상품 중개업,5
2025-03,캄보디아,소매업; 자동차 제외,5
2025-03,캄보디아,식료품 제조업,5
2025-03,캄보디아,의료용 물질 및 의약품 제조업,5
2025-03,캄보디아,자동차 및 부품 판매업,5
2025-03,캄보디아,자동차 및 트레일러 제조업,5
2025-03,캄보디아,전기장비 제조업,5
2025-03,캄보디아,전문직별 공사업,5
2025-03,캐나다,1차 금속 제조업,2
2025-03,캐나다,개인 및 소비용품 수리업,2
2025-03,캐나다,건축기술  엔지니어링 및 기타 과학기술 서비스업,2
2025-03,캐나다,고무 및 플라스틱제품 제조업,2
2025-03,캐나다,금속가공제품 제조업; 기계 및 가구 제외,2
2025-03,캐나다,금융업,2
2025-03,캐나다,기타 기계 및 장비 제조업,2
2025-03,캐나다,기타 운송장비 제조업,2
2025-03,캐나다,기타 제품 제조업,2
2025-03,캐나다,도매 및 상품 중개업,2
2025-03,캐나다,목재 및 나무제품 제조업; 가구 제외,2
2025-03,캐나다,보건업,2
2025-03,캐나다,비금속 광물제품 제조업,5
2025-03,캐나다,사업지원 서비스업,2
2025-03,캐나다,산업용 기계 및 장비 수리업,2
2025-03,캐나다,섬유제품 제조업; 의복제외,2
2025-03,캐나다,소매업; 자동차 제외,3
2025-03,캐나다,수상 운송업,2
2025-03,캐나다,식료품 제조업,2
2025-03,캐나다,연구개발업,2
2025-03,캐나다,우편 및 통신업,2
2025-03,캐나다,육상운송 및 파이프라인 운송업,5
2025-03,캐나다,의료  정밀  광학기기 및 시계 제조업,2
2025-03,캐나다,의료용 물질 및 의약품 제조업,2
2025-03,캐나다,의복  의복 액세서리 및 모피제품 제조업,2
2025-03,캐나다,인쇄 및 기록매체 복제업,2
2025-03,캐나다,자동차 및 부품 판매업,2
2025-03,캐나다,자동차 및 트레일러 제조업,2
2025-03,캐나다,전기  가스  증기 및 공기조절 공급업,2
2025-03,캐나다,전기장비 제조업,2
2025-03,캐나다,전문 서비스업,2
2025-03,캐나다,전문직별 공사업,3
2025-03,캐나다,전자부품  컴퓨터  영상  음향 및 통신장비 제조업,2
2025-03,캐나다,정보서비스업,2
2025-03,캐나다,종합 건설업,2
2025-03,캐나다,출판업,2
2025-03,캐나다,코크스  연탄 및 석유정제품 제조업,2
2025-03,캐나다,펄프  종이 및 종이제품 제조업,2
2025-03,캐나다,화학물질 및 화학제품 제조업; 의약품 제외,2
2025-03,케냐,1차 금속 제조업,4
2025-03,케냐,가구 제조업,5
2025-03,케냐,가죽  가방 및 신발 제조업,4
2025-03,케냐,고무 및 플라스틱제품 제조업,5
2025-03,케냐,기타 기계 및 장비 제조업,4
2025-03,케냐,도매 및 상품 중개업,4
2025-03,케냐,섬유제품 제조업; 의복제외,5
2025-03,케냐,소매업; 자동차 제외,4
2025-03,케냐,식료품 제조업,4
2025-03,케냐,우편 및 통신업,4
2025-03,케냐,의복  의복 액세서리 및 모피제품 제조업,4
2025-03,케냐,전기장비 제조업,4
2025-03,케냐,출판업,4
2025-03,케냐,화학물질 및 화학제품 제조업; 의약품 제외,5
2025-03,코소보,자동차 및 부품 판매업,4
2025-03,코스타리카,고무 및 플라스틱제품 제조업,4
2025-03,코스타리카,금속가공제품 제조업; 기계 및 가구 제외,4
2025-03,코스타리카,기타 기계 및 장비 제조업,4
2025-03,코스타리카,도매 및 상품 중개업,4
2025-03,코스타리카,소매업; 자동차 제외,4
2025-03,코스타리카,자동차 및 부품 판매업,4
2025-03,코스타리카,전기장비 제조업,4
2025-03,코스타리카,컴퓨터 프로그래밍  시스템 통합 및 관리업,4
2025-03,코스타리카,화학물질 및 화학제품 제조업; 의약품 제외,4
2025-03,코트디부아르,고무 및 플라스틱제품 제조업,4
2025-03,코트디부아르,금속 광업,4
2025-03,코트디부아르,금속가공제품 제조업; 기계 및 가구 제외,4
2025-03,코트디부아르,도매 및 상품 중개업,4
2025-03,코트디부아르,식료품 제조업,4
2025-03,코트디부아르,화학물질 및 화학제품 제조업; 의약품 제외,4
2025-03,콜롬비아,1차 금속 제조업,5
2025-03,콜롬비아,가구 제조업,4
2025-03,콜롬비아,개인 및 소비용품 수리업,4
2025-03,콜롬비아,건축기술  엔지니어링 및 기타 과학기술 서비스업,4
2025-03,콜롬비아,고무 및 플라스틱제품 제조업,5
2025-03,콜롬비아,금속 광업,4
2025-03,콜롬비아,금속가공제품 제조업; 기계 및 가구 제외,4
2025-03,콜롬비아,기타 기계 및 장비 제조업,4
2025-03,콜롬비아,기타 운송장비 제조업,4
2025-03,콜롬비아,기타 제품 제조업,4
2025-03,콜롬비아,농업,4
2025-03,콜롬비아,도매 및 상품 중개업,4
2025-03,콜롬비아,비금속 광물제품 제조업,4
2025-03,콜롬비아,산업용 기계 및 장비 수리업,5
2025-03,콜롬비아,섬유제품 제조업; 의복제외,4
2025-03,콜롬비아,소매업; 자동차 제외,4
2025-03,콜롬비아,식료품 제조업,4
2025-03,콜롬비아,육상운송 및 파이프라인 운송업,4
2025-03,콜롬비아,의료용 물질 및 의약품 제조업,4
2025-03,콜롬비아,의복  의복 액세서리 및 모피제품 제조업,4
2025-03,콜롬비아,인쇄 및 기록매체 복제업,4
2025-03,콜롬비아,자동차 및 부품 판매업,4
2025-03,콜롬비아,자동차 및 트레일러 제조업,4
2025-03,콜롬비아,전기장비 제조업,4
2025-03,콜롬비아,종합 건설업,5
2025-03,콜롬비아,출판업,4
2025-03,콜롬비아,펄프  종이 및 종이제품 제조업,4
2025-03,콜롬비아,화학물질 및 화학제품 제조업; 의약품 제외,4
2025-03,콩고,도매 및 상품 중개업,5
2025-03,콩고민주공화국,도매 및 상품 중개업,5
2025-03,콩고민주공화국,소매업; 자동차 제외,5
2025-03,쿠웨이트,가구 제조업,3
2025-03,쿠웨이트,금속가공제품 제조업; 기계 및 가구 제외,3
2025-03,쿠웨이트,기타 기계 및 장비 제조업,3
2025-03,쿠웨이트,도매 및 상품 중개업,3
2025-03,쿠웨이트,사업지원 서비스업,3
2025-03,쿠웨이트,소매업; 자동차 제외,3
2025-03,쿠웨이트,수도업,3
2025-03,쿠웨이트,자동차 및 부품 판매업,3
2025-03,쿠웨이트,자동차 및 트레일러 제조업,3
2025-03,쿠웨이트,전기장비 제조업,4
2025-03,쿠웨이트,출판업,3
2025-03,쿠웨이트,펄프  종이 및 종이제품 제조업,5
2025-03,쿠웨이트,화학물질 및 화학제품 제조업; 의약품 제외,3
2025-03,크로아티아,개인 및 소비용품 수리업,3
2025-03,크로아티아,고무 및 플라스틱제품 제조업,3
2025-03,크로아티아,금속가공제품 제조업; 기계 및 가구 제외,3
2025-03,크로아티아,도매 및 상품 중개업,3
2025-03,크로아티아,섬유제품 제조업; 의복제외,3
2025-03,크로아티아,자동차 및 부품 판매업,3
2025-03,크로아티아,전기장비 제조업,3
2025-03,크로아티아,전문직별 공사업,4
2025-03,크로아티아,컴퓨터 프로그래밍  시스템 통합 및 관리업,3
2025-03,크로아티아,펄프  종이 및 종이제품 제조업,3
2025-03,크로아티아,화학물질 및 화학제품 제조업; 의약품 제외,3
2025-03,키르기즈공화국,도매 및 상품 중개업,5
2025-03,키르기즈공화국,자동차 및 부품 판매업,5
2025-03,타지키스탄,가구 제조업,5
2025-03,타지키스탄,도매 및 상품 중개업,5
2025-03,탄자니아,1차 금속 제조업,5
2025-03,탄자니아,가구 제조업,5
2025-03,탄자니아,고무 및 플라스틱제품 제조업,5
2025-03,탄자니아,도매 및 상품 중개업,5
2025-03,탄자니아,섬유제품 제조업; 의복제외,5
2025-03,탄자니아,소매업; 자동차 제외,5
2025-03,탄자니아,전기장비 제조업,5
2025-03,탄자니아,전문직별 공사업,5
2025-03,태국,1차 금속 제조업,3
2025-03,태국,가구 제조업,3
2025-03,태국,가죽  가방 및 신발 제조업,3
2025-03,태국,고무 및 플라스틱제품 제조업,3
2025-03,태국,금속가공제품 제조업; 기계 및 가구 제외,4
2025-03,태국,기타 기계 및 장비 제조업,4
2025-03,태국,기타 제품 제조업,3
2025-03,태국,도매 및 상품 중개업,3
2025-03,태국,비금속 광물제품 제조업,3
2025-03,태국,섬유제품 제조업; 의복제외,3
2025-03,태국,소매업; 자동차 제외,3
2025-03,태국,수상 운송업,4
2025-03,태국,식료품 제조업,3
2025-03,태국,의료  정밀  광학기기 및 시계 제조업,3
2025-03,태국,의복  의복 액세서리 및 모피제품 제조업,3
2025-03,태국,인쇄 및 기록매체 복제업,3
2025-03,태국,자동차 및 부품 판매업,3
2025-03,태국,자동차 및 트레일러 제조업,3
2025-03,태국,전기장비 제조업,3
2025-03,태국,전문 서비스업,3
2025-03,태국,전자부품  컴퓨터  영상  음향 및 통신장비 제조업,4
2025-03,태국,종합 건설업,5
2025-03,태국,출판업,3
2025-03,태국,코크스  연탄 및 석유정제품 제조업,3
2025-03,태국,펄프  종이 및 종이제품 제조업,3
2025-03,태국,화학물질 및 화학제품 제조업; 의약품 제외,3
2025-03,토고,가구 제조업,5
2025-03,토고,도매 및 상품 중개업,5
2025-03,투르크메니스탄,공공행정  국방 및 사회보장 행정,5
2025-03,튀니지,가구 제조업,4
2025-03,튀니지,개인 및 소비용품 수리업,4
2025-03,튀니지,고무 및 플라스틱제품 제조업,4
2025-03,튀니지,도매 및 상품 중개업,4
2025-03,튀니지,비금속광물 광업; 연료용 제외,4
2025-03,튀니지,섬유제품 제조업; 의복제외,4
2025-03,튀니지,의료  정밀  광학기기 및 시계 제조업,4
2025-03,튀니지,의료용 물질 및 의약품 제조업,4
2025-03,튀니지,의복  의복 액세서리 및 모피제품 제조업,4
2025-03,튀니지,자동차 및 부품 판매업,5
2025-03,튀니지,자동차 및 트레일러 제조업,4
2025-03,튀니지,전기장비 제조업,4
2025-03,튀니지,전문직별 공사업,4
2025-03,튀니지,전자부품  컴퓨터  영상  음향 및 통신장비 제조업,4
2025-03,튀니지,펄프  종이 및 종이제품 제조업,5
2025-03,튀니지,화학물질 및 화학제품 제조업; 의약품 제외,4
2025-03,튀르키예(구 터키),1차 금속 제조업,5
2025-03,튀르키예(구 터키),가구 제조업,4
2025-03,튀르키예(구 터키),가죽  가방 및 신발 제조업,4
2025-03,튀르키예(구 터키),고무 및 플라스틱제품 제조업,4
2025-03,튀르키예(구 터키),금속가공제품 제조업; 기계 및 가구 제외,4
2025-03,튀르키예(구 터키),기타 기계 및 장비 제조업,4
2025-03,튀르키예(구 터키),기타 운송장비 제조업,5
2025-03,튀르키예(구 터키),기타 제품 제조업,5
2025-03,튀르키예(구 터키),농업,4
2025-03,튀르키예(구 터키),도매 및 상품 중개업,4
2025-03,튀르키예(구 터키),목재 및 나무제품 제조업; 가구 제외,4
2025-03,튀르키예(구 터키),방송업,4
2025-03,튀르키예(구 터키),비금속 광물제품 제조업,4
2025-03,튀르키예(구 터키),사업지원 서비스업,4
2025-03,튀르키예(구 터키),산업용 기계 및 장비 수리업,4
2025-03,튀르키예(구 터키),섬유제품 제조업; 의복제외,4
2025-03,튀르키예(구 터키),소매업; 자동차 제외,4
2025-03,튀르키예(구 터키),식료품 제조업,4
2025-03,튀르키예(구 터키),육상운송 및 파이프라인 운송업,4
2025-03,튀르키예(구 터키),의료  정밀  광학기기 및 시계 제조업,4
2025-03,튀르키예(구 터키),의료용 물질 및 의약품 제조업,4
2025-03,튀르키예(구 터키),의복  의복 액세서리 및 모피제품 제조업,4
2025-03,튀르키예(구 터키),인쇄 및 기록매체 복제업,4
2025-03,튀르키예(구 터키),자동차 및 부품 판매업,4
2025-03,튀르키예(구 터키),자동차 및 트레일러 제조업,4
2025-03,튀르키예(구 터키),전기장비 제조업,4
2025-03,튀르키예(구 터키),전문직별 공사업,5
2025-03,튀르키예(구 터키),전자부품  컴퓨터  영상  음향 및 통신장비 제조업,5
2025-03,튀르키예(구 터키),출판업,4
2025-03,튀르키예(구 터키),컴퓨터 프로그래밍  시스템 통합 및 관리업,4
2025-03,튀르키예(구 터키),코크스  연탄 및 석유정제품 제조업,4
2025-03,튀르키예(구 터키),펄프  종이 및 종이제품 제조업,4
2025-03,튀르키예(구 터키),화학물질 및 화학제품 제조업; 의약품 제외,4
2025-03,트리니다드토바고,금속가공제품 제조업; 기계 및 가구 제외,3
2025-03,트리니다드토바고,도매 및 상품 중개업,3
2025-03,트리니다드토바고,소매업; 자동차 제외,3
2025-03,트리니다드토바고,자동차 및 부품 판매업,3
2025-03,파나마,금속가공제품 제조업; 기계 및 가구 제외,5
2025-03,파나마,금융업,4
2025-03,파나마,도매 및 상품 중개업,4
2025-03,파나마,소매업; 자동차 제외,4
2025-03,파나마,자동차 및 부품 판매업,4
2025-03,파나마,화학물질 및 화학제품 제조업; 의약품 제외,4
2025-03,파라과이,도매 및 상품 중개업,4
2025-03,파라과이,섬유제품 제조업; 의복제외,4
2025-03,파라과이,소매업; 자동차 제외,4
2025-03,파라과이,자동차 및 부품 판매업,5
2025-03,파라과이,전기장비 제조업,4
2025-03,파라과이,화학물질 및 화학제품 제조업; 의약품 제외,5
2025-03,파키스탄,1차 금속 제조업,5
2025-03,파키스탄,가죽  가방 및 신발 제조업,5
2025-03,파키스탄,고무 및 플라스틱제품 제조업,5
2025-03,파키스탄,기타 기계 및 장비 제조업,5
2025-03,파키스탄,기타 제품 제조업,5
2025-03,파키스탄,담배 제조업,5
2025-03,파키스탄,도매 및 상품 중개업,5
2025-03,파키스탄,사업지원 서비스업,5
2025-03,파키스탄,섬유제품 제조업; 의복제외,5
2025-03,파키스탄,식료품 제조업,5
2025-03,파키스탄,의료  정밀  광학기기 및 시계 제조업,5
2025-03,파키스탄,의료용 물질 및 의약품 제조업,5
2025-03,파키스탄,의복  의복 액세서리 및 모피제품 제조업,5
2025-03,파키스탄,자동차 및 트레일러 제조업,5
2025-03,파키스탄,전기장비 제조업,5
2025-03,파키스탄,창고 및 운송관련 서비스업,5
2025-03,파키스탄,펄프  종이 및 종이제품 제조업,5
2025-03,파키스탄,화학물질 및 화학제품 제조업; 의약품 제외,5
2025-03,파푸아뉴기니,금속 광업,4
2025-03,파푸아뉴기니,식료품 제조업,4
2025-03,페루,1차 금속 제조업,4
2025-03,페루,가구 제조업,4
2025-03,페루,고무 및 플라스틱제품 제조업,3
2025-03,페루,광업 지원 서비스업,3
2025-03,페루,금속 광업,3
2025-03,페루,금속가공제품 제조업; 기계 및 가구 제외,4
2025-03,페루,농업,3
2025-03,페루,도매 및 상품 중개업,4
2025-03,페루,보건업,3
2025-03,페루,사업지원 서비스업,4
2025-03,페루,섬유제품 제조업; 의복제외,3
2025-03,페루,소매업; 자동차 제외,4
2025-03,페루,식료품 제조업,3
2025-03,페루,우편 및 통신업,4
2025-03,페루,의료용 물질 및 의약품 제조업,3
2025-03,페루,임대업; 부동산 제외,4
2025-03,페루,자동차 및 부품 판매업,3
2025-03,페루,자동차 및 트레일러 제조업,3
2025-03,페루,전기장비 제조업,3
2025-03,페루,전문직별 공사업,4
2025-03,페루,코크스  연탄 및 석유정제품 제조업,4
2025-03,페루,펄프  종이 및 종이제품 제조업,5
2025-03,페루,화학물질 및 화학제품 제조업; 의약품 제외,3
2025-03,포르투갈,1차 금속 제조업,2
2025-03,포르투갈,개인 및 소비용품 수리업,2
2025-03,포르투갈,고무 및 플라스틱제품 제조업,2
2025-03,포르투갈,금속가공제품 제조업; 기계 및 가구 제외,2
2025-03,포르투갈,금융업,2
2025-03,포르투갈,기타 기계 및 장비 제조업,2
2025-03,포르투갈,도매 및 상품 중개업,2
2025-03,포르투갈,비금속 광물제품 제조업,2
2025-03,포르투갈,산업용 기계 및 장비 수리업,2
2025-03,포르투갈,섬유제품 제조업; 의복제외,2
2025-03,포르투갈,소매업; 자동차 제외,2
2025-03,포르투갈,우편 및 통신업,2
2025-03,포르투갈,의료  정밀  광학기기 및 시계 제조업,2
2025-03,포르투갈,의료용 물질 및 의약품 제조업,2
2025-03,포르투갈,자동차 및 부품 판매업,2
2025-03,포르투갈,자동차 및 트레일러 제조업,2
2025-03,포르투갈,전기장비 제조업,2
2025-03,포르투갈,전문직별 공사업,2
2025-03,포르투갈,전자부품  컴퓨터  영상  음향 및 통신장비 제조업,2
2025-03,포르투갈,컴퓨터 프로그래밍  시스템 통합 및 관리업,2
2025-03,포르투갈,펄프  종이 및 종이제품 제조업,2
2025-03,포르투갈,화학물질 및 화학제품 제조업; 의약품 제외,2
2025-03,폴란드,1차 금속 제조업,4
2025-03,폴란드,개인 및 소비용품 수리업,3
2025-03,폴란드,건축기술  엔지니어링 및 기타 과학기술 서비스업,3
2025-03,폴란드,고무 및 플라스틱제품 제조업,3
2025-03,폴란드,금속가공제품 제조업; 기계 및 가구 제외,3
2025-03,폴란드,금융 및 보험 관련 서비스업,3
2025-03,폴란드,기타 기계 및 장비 제조업,3
2025-03,폴란드,도매 및 상품 중개업,3
2025-03,폴란드,목재 및 나무제품 제조업; 가구 제외,3
2025-03,폴란드,비금속 광물제품 제조업,3
2025-03,폴란드,사업지원 서비스업,3
2025-03,폴란드,산업용 기계 및 장비 수리업,3
2025-03,폴란드,섬유제품 제조업; 의복제외,3
2025-03,폴란드,소매업; 자동차 제외,3
2025-03,폴란드,식료품 제조업,3
2025-03,폴란드,우편 및 통신업,3
2025-03,폴란드,육상운송 및 파이프라인 운송업,3
2025-03,폴란드,의료  정밀  광학기기 및 시계 제조업,3
2025-03,폴란드,의료용 물질 및 의약품 제조업,3
2025-03,폴란드,의복  의복 액세서리 및 모피제품 제조업,3
2025-03,폴란드,자동차 및 부품 판매업,3
2025-03,폴란드,자동차 및 트레일러 제조업,3
2025-03,폴란드,전기장비 제조업,3
2025-03,폴란드,전문 서비스업,3
2025-03,폴란드,전문직별 공사업,3
2025-03,폴란드,전자부품  컴퓨터  영상  음향 및 통신장비 제조업,4
2025-03,폴란드,컴퓨터 프로그래밍  시스템 통합 및 관리업,3
2025-03,폴란드,코크스  연탄 및 석유정제품 제조업,3
2025-03,폴란드,펄프  종이 및 종이제품 제조업,3
2025-03,폴란드,화학물질 및 화학제품 제조업; 의약품 제외,3
2025-03,푸에르토리코,도매 및 상품 중개업,4
2025-03,푸에르토리코,자동차 및 부품 판매업,4
2025-03,프랑스,건축기술  엔지니어링 및 기타 과학기술 서비스업,2
2025-03,프랑스,고무 및 플라스틱제품 제조업,2
2025-03,프랑스,금속가공제품 제조업; 기계 및 가구 제외,2
2025-03,프랑스,금융업,3
2025-03,프랑스,기타 기계 및 장비 제조업,4
2025-03,프랑스,기타 전문  과학 및 기술 서비스업,2
2025-03,프랑스,기타 제품 제조업,2
2025-03,프랑스,도매 및 상품 중개업,2
2025-03,프랑스,목재 및 나무제품 제조업; 가구 제외,4
2025-03,프랑스,부동산업,2
2025-03,프랑스,비금속 광물제품 제조업,2
2025-03,프랑스,비금속광물 광업; 연료용 제외,2
2025-03,프랑스,사업지원 서비스업,2
2025-03,프랑스,산업용 기계 및 장비 수리업,2
2025-03,프랑스,섬유제품 제조업; 의복제외,2
2025-03,프랑스,소매업; 자동차 제외,3
2025-03,프랑스,수상 운송업,2
2025-03,프랑스,연구개발업,2
2025-03,프랑스,우편 및 통신업,2
2025-03,프랑스,의료  정밀  광학기기 및 시계 제조업,2
2025-03,프랑스,의료용 물질 및 의약품 제조업,2
2025-03,프랑스,의복  의복 액세서리 및 모피제품 제조업,2
2025-03,프랑스,자동차 및 부품 판매업,2
2025-03,프랑스,자동차 및 트레일러 제조업,2
2025-03,프랑스,전기장비 제조업,2
2025-03,프랑스,전문 서비스업,2
2025-03,프랑스,전문직별 공사업,2
2025-03,프랑스,전자부품  컴퓨터  영상  음향 및 통신장비 제조업,2
2025-03,프랑스,종합 건설업,2
2025-03,프랑스,출판업,2
2025-03,프랑스,컴퓨터 프로그래밍  시스템 통합 및 관리업,2
2025-03,프랑스,코크스  연탄 및 석유정제품 제조업,2
2025-03,프랑스,펄프  종이 및 종이제품 제조업,2
2025-03,프랑스,화학물질 및 화학제품 제조업; 의약품 제외,2
2025-03,피지,금속 광업,4
2025-03,피지,인쇄 및 기록매체 복제업,4
2025-03,핀란드,건축기술  엔지니어링 및 기타 과학기술 서비스업,1
2025-03,핀란드,고무 및 플라스틱제품 제조업,2
2025-03,핀란드,금속가공제품 제조업; 기계 및 가구 제외,1
2025-03,핀란드,금융업,2
2025-03,핀란드,기타 기계 및 장비 제조업,2
2025-03,핀란드,도매 및 상품 중개업,2
2025-03,핀란드,비금속 광물제품 제조업,2
2025-03,핀란드,사업지원 서비스업,2
2025-03,핀란드,산업용 기계 및 장비 수리업,1
2025-03,핀란드,소매업; 자동차 제외,2
2025-03,핀란드,의료용 물질 및 의약품 제조업,2
2025-03,핀란드,의복  의복 액세서리 및 모피제품 제조업,2
2025-03,핀란드,자동차 및 부품 판매업,2
2025-03,핀란드,자동차 및 트레일러 제조업,2
2025-03,핀란드,전기  가스  증기 및 공기조절 공급업,2
2025-03,핀란드,전기장비 제조업,2
2025-03,핀란드,전자부품  컴퓨터  영상  음향 및 통신장비 제조업,2
2025-03,핀란드,컴퓨터 프로그래밍  시스템 통합 및 관리업,1
2025-03,핀란드,화학물질 및 화학제품 제조업; 의약품 제외,1
2025-03,필리핀,1차 금속 제조업,5
2025-03,필리핀,개인 및 소비용품 수리업,4
2025-03,필리핀,고무 및 플라스틱제품 제조업,4
2025-03,필리핀,금속가공제품 제조업; 기계 및 가구 제외,5
2025-03,필리핀,금융업,4
2025-03,필리핀,기타 기계 및 장비 제조업,4
2025-03,필리핀,기타 운송장비 제조업,4
2025-03,필리핀,기타 제품 제조업,4
2025-03,필리핀,농업,5
2025-03,필리핀,담배 제조업,4
2025-03,필리핀,도매 및 상품 중개업,4
2025-03,필리핀,비금속 광물제품 제조업,4
2025-03,필리핀,사업지원 서비스업,4
2025-03,필리핀,소매업; 자동차 제외,4
2025-03,필리핀,숙박업,4
2025-03,필리핀,식료품 제조업,4
2025-03,필리핀,우편 및 통신업,4
2025-03,필리핀,음료 제조업,4
2025-03,필리핀,의료용 물질 및 의약품 제조업,4
2025-03,필리핀,인쇄 및 기록매체 복제업,4
2025-03,필리핀,자동차 및 부품 판매업,4
2025-03,필리핀,자동차 및 트레일러 제조업,4
2025-03,필리핀,전기  가스  증기 및 공기조절 공급업,4
2025-03,필리핀,전기장비 제조업,4
2025-03,필리핀,전문 서비스업,4
2025-03,필리핀,전문직별 공사업,4
2025-03,필리핀,전자부품  컴퓨터  영상  음향 및 통신장비 제조업,4
2025-03,필리핀,종합 건설업,4
2025-03,필리핀,창고 및 운송관련 서비스업,4
2025-03,필리핀,펄프  종이 및 종이제품 제조업,4
2025-03,필리핀,화학물질 및 화학제품 제조업; 의약품 제외,5
2025-03,헝가리,고무 및 플라스틱제품 제조업,3
2025-03,헝가리,기타 기계 및 장비 제조업,3
2025-03,헝가리,기타 제품 제조업,3
2025-03,헝가리,도매 및 상품 중개업,3
2025-03,헝가리,섬유제품 제조업; 의복제외,3
2025-03,헝가리,소매업; 자동차 제외,3
2025-03,헝가리,식료품 제조업,3
2025-03,헝가리,연구개발업,3
2025-03,헝가리,의료  정밀  광학기기 및 시계 제조업,3
2025-03,헝가리,의료용 물질 및 의약품 제조업,3
2025-03,헝가리,자동차 및 부품 판매업,3
2025-03,헝가리,자동차 및 트레일러 제조업,3
2025-03,헝가리,전기장비 제조업,3
2025-03,헝가리,전문직별 공사업,3
2025-03,헝가리,전자부품  컴퓨터  영상  음향 및 통신장비 제조업,3
2025-03,헝가리,폐기물 수집  운반  처리 및 원료 재생업,3
2025-03,헝가리,화학물질 및 화학제품 제조업; 의약품 제외,3
2025-03,호주,1차 금속 제조업,3
2025-03,호주,개인 및 소비용품 수리업,5
2025-03,호주,고무 및 플라스틱제품 제조업,2
2025-03,호주,금속가공제품 제조업; 기계 및 가구 제외,2
2025-03,호주,금융업,2
2025-03,호주,기타 기계 및 장비 제조업,2
2025-03,호주,도매 및 상품 중개업,2
2025-03,호주,방송업,2
2025-03,호주,섬유제품 제조업; 의복제외,2
2025-03,호주,소매업; 자동차 제외,3
2025-03,호주,의료  정밀  광학기기 및 시계 제조업,2
2025-03,호주,의료용 물질 및 의약품 제조업,2
2025-03,호주,인쇄 및 기록매체 복제업,2
2025-03,호주,자동차 및 부품 판매업,2
2025-03,호주,자동차 및 트레일러 제조업,2
2025-03,호주,전기  가스  증기 및 공기조절 공급업,2
2025-03,호주,전기장비 제조업,2
2025-03,호주,전문 서비스업,2
2025-03,호주,전문직별 공사업,2
2025-03,호주,전자부품  컴퓨터  영상  음향 및 통신장비 제조업,2
2025-03,호주,출판업,2
2025-03,호주,펄프  종이 및 종이제품 제조업,2
2025-03,호주,화학물질 및 화학제품 제조업; 의약품 제외,2
2025-03,홍콩,개인 및 소비용품 수리업,2
2025-03,홍콩,교육 서비스업,3
2025-03,홍콩,기타 기계 및 장비 제조업,2
2025-03,홍콩,도매 및 상품 중개업,2
2025-03,홍콩,방송업,2
2025-03,홍콩,사업지원 서비스업,3
2025-03,홍콩,산업용 기계 및 장비 수리업,2
2025-03,홍콩,섬유제품 제조업; 의복제외,3
2025-03,홍콩,소매업; 자동차 제외,3
2025-03,홍콩,수상 운송업,2
2025-03,홍콩,숙박업,3
2025-03,홍콩,식료품 제조업,2
2025-03,홍콩,연구개발업,2
2025-03,홍콩,음료 제조업,3
2025-03,홍콩,인쇄 및 기록매체 복제업,2
2025-03,홍콩,자동차 및 부품 판매업,3
2025-03,홍콩,전기장비 제조업,2
2025-03,홍콩,전문 서비스업,2
2025-03,홍콩,전문직별 공사업,2
2025-03,홍콩,종합 건설업,2
2025-03,홍콩,창고 및 운송관련 서비스업,2
2025-03,홍콩,출판업,2
2025-03,홍콩,컴퓨터 프로그래밍  시스템 통합 및 관리업,2
2025-03,홍콩,항공 운송업,2
2025-03,홍콩,화학물질 및 화학제품 제조업; 의약품 제외,5
2025-02,가나,고무 및 플라스틱제품 제조업,5
2025-02,가나,금속 광업,5
2025-02,가나,도매 및 상품 중개업,4
2025-02,가나,자동차 및 부품 판매업,5
2025-02,가나,자동차 및 트레일러 제조업,4
2025-02,가나,화학물질 및 화학제품 제조업; 의약품 제외,5
2025-02,감비아,도매 및 상품 중개업,5
2025-02,감비아,정보서비스업,5
2025-02,과달루프,자동차 및 부품 판매업,4
2025-02,과테말라,1차 금속 제조업,4
2025-02,과테말라,고무 및 플라스틱제품 제조업,4
2025-02,과테말라,금속가공제품 제조업; 기계 및 가구 제외,4
2025-02,과테말라,도매 및 상품 중개업,4
2025-02,과테말라,섬유제품 제조업; 의복제외,4
2025-02,과테말라,소매업; 자동차 제외,4
2025-02,과테말라,식료품 제조업,4
2025-02,과테말라,자동차 및 부품 판매업,4
2025-02,과테말라,펄프  종이 및 종이제품 제조업,4
2025-02,과테말라,화학물질 및 화학제품 제조업; 의약품 제외,4
2025-02,괌,우편 및 통신업,4
2025-02,그리스,1차 금속 제조업,3
2025-02,그리스,고무 및 플라스틱제품 제조업,3
2025-02,그리스,금속가공제품 제조업; 기계 및 가구 제외,3
2025-02,그리스,기타 기계 및 장비 제조업,3
2025-02,그리스,도매 및 상품 중개업,3
2025-02,그리스,소매업; 자동차 제외,3
2025-02,그리스,식료품 제조업,3
2025-02,그리스,우편 및 통신업,3
2025-02,그리스,의료  정밀  광학기기 및 시계 제조업,3
2025-02,그리스,인쇄 및 기록매체 복제업,3
2025-02,그리스,자동차 및 부품 판매업,3
2025-02,그리스,자동차 및 트레일러 제조업,3
2025-02,그리스,전기장비 제조업,3
2025-02,그리스,전문직별 공사업,3
2025-02,그리스,종합 건설업,4
2025-02,그리스,컴퓨터 프로그래밍  시스템 통합 및 관리업,3
2025-02,그리스,펄프  종이 및 종이제품 제조업,3
2025-02,그리스,화학물질 및 화학제품 제조업; 의약품 제외,3
2025-02,기니,도매 및 상품 중개업,5
2025-02,기니,화학물질 및 화학제품 제조업; 의약품 제외,5
2025-02,나이지리아,가구 제조업,5
2025-02,나이지리아,도매 및 상품 중개업,5
2025-02,나이지리아,석탄  원유 및 천연가스 광업,5
2025-02,나이지리아,화학물질 및 화학제품 제조업; 의약품 제외,5
2025-02,남아프리카공화국,1차 금속 제조업,4
2025-02,남아프리카공화국,개인 및 소비용품 수리업,4
2025-02,남아프리카공화국,건축기술  엔지니어링 및 기타 과학기술 서비스업,4
2025-02,남아프리카공화국,고무 및 플라스틱제품 제조업,4
2025-02,남아프리카공화국,금속가공제품 제조업; 기계 및 가구 제외,4
2025-02,남아프리카공화국,기타 기계 및 장비 제조업,4
2025-02,남아프리카공화국,기타 운송장비 제조업,4
2025-02,남아프리카공화국,기타 제품 제조업,5
2025-02,남아프리카공화국,도매 및 상품 중개업,4
2025-02,남아프리카공화국,비금속 광물제품 제조업,4
2025-02,남아프리카공화국,사업지원 서비스업,4
2025-02,남아프리카공화국,섬유제품 제조업; 의복제외,4
2025-02,남아프리카공화국,소매업; 자동차 제외,4
2025-02,남아프리카공화국,수도업,4
2025-02,남아프리카공화국,식료품 제조업,4
2025-02,남아프리카공화국,우편 및 통신업,4
2025-02,남아프리카공화국,의료  정밀  광학기기 및 시계 제조업,4
2025-02,남아프리카공화국,인쇄 및 기록매체 복제업,4
2025-02,남아프리카공화국,임대업; 부동산 제외,4
2025-02,남아프리카공화국,자동차 및 부품 판매업,4
2025-02,남아프리카공화국,자동차 및 트레일러 제조업,4
2025-02,남아프리카공화국,전기  가스  증기 및 공기조절 공급업,4
2025-02,남아프리카공화국,전기장비 제조업,4
2025-02,남아프리카공화국,종합 건설업,4
2025-02,남아프리카공화국,창고 및 운송관련 서비스업,4
2025-02,남아프리카공화국,출판업,4
2025-02,남아프리카공화국,컴퓨터 프로그래밍  시스템 통합 및 관리업,4
2025-02,남아프리카공화국,펄프  종이 및 종이제품 제조업,4
2025-02,남아프리카공화국,화학물질 및 화학제품 제조업; 의약품 제외,4
2025-02,남아프리카공화국,환경 정화 및 복원업,4
2025-02,네덜란드,건축기술  엔지니어링 및 기타 과학기술 서비스업,1
2025-02,네덜란드,고무 및 플라스틱제품 제조업,1
2025-02,네덜란드,금속가공제품 제조업; 기계 및 가구 제외,5
2025-02,네덜란드,금융업,1
2025-02,네덜란드,기타 기계 및 장비 제조업,2
2025-02,네덜란드,기타 전문  과학 및 기술 서비스업,1
2025-02,네덜란드,농업,1
2025-02,네덜란드,도매 및 상품 중개업,1
2025-02,네덜란드,비금속 광물제품 제조업,1
2025-02,네덜란드,사업지원 서비스업,1
2025-02,네덜란드,섬유제품 제조업; 의복제외,1
2025-02,네덜란드,식료품 제조업,1
2025-02,네덜란드,육상운송 및 파이프라인 운송업,1
2025-02,네덜란드,의료  정밀  광학기기 및 시계 제조업,1
2025-02,네덜란드,임대업; 부동산 제외,1
2025-02,네덜란드,자동차 및 부품 판매업,1
2025-02,네덜란드,자동차 및 트레일러 제조업,1
2025-02,네덜란드,전기장비 제조업,1
2025-02,네덜란드,전문 서비스업,4
2025-02,네덜란드,전자부품  컴퓨터  영상  음향 및 통신장비 제조업,1
2025-02,네덜란드,정보서비스업,2
2025-02,네덜란드,창고 및 운송관련 서비스업,1
2025-02,네덜란드,컴퓨터 프로그래밍  시스템 통합 및 관리업,1
2025-02,네덜란드,코크스  연탄 및 석유정제품 제조업,1
2025-02,네덜란드,펄프  종이 및 종이제품 제조업,1
2025-02,네덜란드,화학물질 및 화학제품 제조업; 의약품 제외,1
2025-02,네팔,가죽  가방 및 신발 제조업,4
2025-02,네팔,고무 및 플라스틱제품 제조업,4
2025-02,네팔,도매 및 상품 중개업,4
2025-02,네팔,식료품 제조업,5
2025-02,네팔,의료  정밀  광학기기 및 시계 제조업,5
2025-02,네팔,의료용 물질 및 의약품 제조업,4
2025-02,네팔,자동차 및 부품 판매업,4
2025-02,노르웨이,기타 기계 및 장비 제조업,1
2025-02,노르웨이,도매 및 상품 중개업,2
2025-02,노르웨이,소매업; 자동차 제외,1
2025-02,노르웨이,수상 운송업,1
2025-02,노르웨이,식료품 제조업,1
2025-02,노르웨이,의료  정밀  광학기기 및 시계 제조업,1
2025-02,노르웨이,의복  의복 액세서리 및 모피제품 제조업,1
2025-02,노르웨이,자동차 및 부품 판매업,1
2025-02,노르웨이,전기  가스  증기 및 공기조절 공급업,1
2025-02,노르웨이,전기장비 제조업,1
2025-02,노르웨이,전문 서비스업,1
2025-02,노르웨이,전자부품  컴퓨터  영상  음향 및 통신장비 제조업,1
2025-02,노르웨이,창고 및 운송관련 서비스업,1
2025-02,노르웨이,컴퓨터 프로그래밍  시스템 통합 및 관리업,1
2025-02,노르웨이,펄프  종이 및 종이제품 제조업,1
2025-02,노르웨이,화학물질 및 화학제품 제조업; 의약품 제외,1
2025-02,뉴질랜드,1차 금속 제조업,2
2025-02,뉴질랜드,금속가공제품 제조업; 기계 및 가구 제외,2
2025-02,뉴질랜드,기타 기계 및 장비 제조업,1
2025-02,뉴질랜드,도매 및 상품 중개업,2
2025-02,뉴질랜드,목재 및 나무제품 제조업; 가구 제외,2
2025-02,뉴질랜드,소매업; 자동차 제외,2
2025-02,뉴질랜드,식료품 제조업,2
2025-02,뉴질랜드,우편 및 통신업,1
2025-02,뉴질랜드,의료용 물질 및 의약품 제조업,3
2025-02,뉴질랜드,의복  의복 액세서리 및 모피제품 제조업,1
2025-02,뉴질랜드,인쇄 및 기록매체 복제업,2
2025-02,뉴질랜드,자동차 및 부품 판매업,1
2025-02,뉴질랜드,전기  가스  증기 및 공기조절 공급업,2
2025-02,뉴질랜드,전기장비 제조업,2
2025-02,뉴질랜드,펄프  종이 및 종이제품 제조업,1
2025-02,뉴질랜드,화학물질 및 화학제품 제조업; 의약품 제외,1
2025-02,뉴칼레도니아,광업 지원 서비스업,4
2025-02,뉴칼레도니아,도매 및 상품 중개업,4
2025-02,니카라과,도매 및 상품 중개업,5
2025-02,니카라과,소매업; 자동차 제외,5
2025-02,니카라과,우편 및 통신업,5
2025-02,니카라과,자동차 및 부품 판매업,5
2025-02,니카라과,화학물질 및 화학제품 제조업; 의약품 제외,5
2025-02,대만,1차 금속 제조업,2
2025-02,대만,가죽  가방 및 신발 제조업,2
2025-02,대만,건축기술  엔지니어링 및 기타 과학기술 서비스업,2
2025-02,대만,고무 및 플라스틱제품 제조업,2
2025-02,대만,금속가공제품 제조업; 기계 및 가구 제외,2
2025-02,대만,금융업,2
2025-02,대만,기타 기계 및 장비 제조업,2
2025-02,대만,기타 운송장비 제조업,2
2025-02,대만,기타 제품 제조업,2
2025-02,대만,도매 및 상품 중개업,2
2025-02,대만,방송업,2
2025-02,대만,비금속 광물제품 제조업,2
2025-02,대만,섬유제품 제조업; 의복제외,2
2025-02,대만,소매업; 자동차 제외,2
2025-02,대만,수상 운송업,2
2025-02,대만,식료품 제조업,2
2025-02,대만,우편 및 통신업,2
2025-02,대만,의료  정밀  광학기기 및 시계 제조업,2
2025-02,대만,의료용 물질 및 의약품 제조업,2
2025-02,대만,의복  의복 액세서리 및 모피제품 제조업,2
2025-02,대만,자동차 및 부품 판매업,2
2025-02,대만,자동차 및 트레일러 제조업,2
2025-02,대만,전기장비 제조업,2
2025-02,대만,전문직별 공사업,2
2025-02,대만,전자부품  컴퓨터  영상  음향 및 통신장비 제조업,2
2025-02,대만,종합 건설업,2
2025-02,대만,창고 및 운송관련 서비스업,2
2025-02,대만,출판업,2
2025-02,대만,코크스  연탄 및 석유정제품 제조업,2
2025-02,대만,펄프  종이 및 종이제품 제조업,2
2025-02,대만,화학물질 및 화학제품 제조업; 의약품 제외,2
2025-02,덴마크,개인 및 소비용품 수리업,1
2025-02,덴마크,고무 및 플라스틱제품 제조업,1
2025-02,덴마크,금속가공제품 제조업; 기계 및 가구 제외,1
2025-02,덴마크,기타 기계 및 장비 제조업,1
2025-02,덴마크,도매 및 상품 중개업,2
2025-02,덴마크,섬유제품 제조업; 의복제외,1
2025-02,덴마크,수상 운송업,1
2025-02,덴마크,식료품 제조업,1
2025-02,덴마크,의료  정밀  광학기기 및 시계 제조업,1
2025-02,덴마크,의료용 물질 및 의약품 제조업,1
2025-02,덴마크,의복  의복 액세서리 및 모피제품 제조업,1
2025-02,덴마크,자동차 및 부품 판매업,1
2025-02,덴마크,전문직별 공사업,1
2025-02,덴마크,전자부품  컴퓨터  영상  음향 및 통신장비 제조업,1
2025-02,덴마크,창고 및 운송관련 서비스업,1
2025-02,덴마크,컴퓨터 프로그래밍  시스템 통합 및 관리업,1
2025-02,덴마크,펄프  종이 및 종이제품 제조업,1
2025-02,덴마크,화학물질 및 화학제품 제조업; 의약품 제외,1
2025-02,도미니카공화국,1차 금속 제조업,4
2025-02,도미니카공화국,고무 및 플라스틱제품 제조업,4
2025-02,도미니카공화국,도매 및 상품 중개업,4
2025-02,도미니카공화국,비금속 광물제품 제조업,4
2025-02,도미니카공화국,소매업; 자동차 제외,4
2025-02,도미니카공화국,식료품 제조업,4
2025-02,도미니카공화국,우편 및 통신업,4
2025-02,도미니카공화국,자동차 및 부품 판매업,4
2025-02,도미니카공화국,화학물질 및 화학제품 제조업; 의약품 제외,4
2025-02,독일,1차 금속 제조업,2
2025-02,독일,가구 제조업,2
2025-02,독일,개인 및 소비용품 수리업,2
2025-02,독일,건축기술  엔지니어링 및 기타 과학기술 서비스업,2
2025-02,독일,고무 및 플라스틱제품 제조업,2
2025-02,독일,교육 서비스업,2
2025-02,독일,금속가공제품 제조업; 기계 및 가구 제외,2
2025-02,독일,금융업,2
2025-02,독일,기타 기계 및 장비 제조업,2
2025-02,독일,기타 운송장비 제조업,1
2025-02,독일,기타 제품 제조업,2
2025-02,독일,도매 및 상품 중개업,2
2025-02,독일,비금속 광물제품 제조업,1
2025-02,독일,사업지원 서비스업,2
2025-02,독일,산업용 기계 및 장비 수리업,2
2025-02,독일,섬유제품 제조업; 의복제외,2
2025-02,독일,소매업; 자동차 제외,2
2025-02,독일,수상 운송업,2
2025-02,독일,우편 및 통신업,2
2025-02,독일,음료 제조업,1
2025-02,독일,의료  정밀  광학기기 및 시계 제조업,1
2025-02,독일,의료용 물질 및 의약품 제조업,1
2025-02,독일,의복  의복 액세서리 및 모피제품 제조업,2
2025-02,독일,인쇄 및 기록매체 복제업,2
2025-02,독일,자동차 및 부품 판매업,2
2025-02,독일,자동차 및 트레일러 제조업,2
2025-02,독일,전기  가스  증기 및 공기조절 공급업,2
2025-02,독일,전기장비 제조업,2
2025-02,독일,전문 서비스업,2
2025-02,독일,전자부품  컴퓨터  영상  음향 및 통신장비 제조업,2
2025-02,독일,창고 및 운송관련 서비스업,2
2025-02,독일,출판업,2
2025-02,독일,컴퓨터 프로그래밍  시스템 통합 및 관리업,1
2025-02,독일,코크스  연탄 및 석유정제품 제조업,2
2025-02,독일,펄프  종이 및 종이제품 제조업,1
2025-02,독일,화학물질 및 화학제품 제조업; 의약품 제외,2
2025-02,라오스,도매 및 상품 중개업,5
2025-02,라오스,식료품 제조업,5
2025-02,라오스,자동차 및 부품 판매업,5
2025-02,라오스,항공 운송업,5
2025-02,라이베리아,도매 및 상품 중개업,5
2025-02,라트비아,고무 및 플라스틱제품 제조업,3
2025-02,라트비아,금속가공제품 제조업; 기계 및 가구 제외,3
2025-02,라트비아,도매 및 상품 중개업,3
2025-02,라트비아,목재 및 나무제품 제조업; 가구 제외,3
2025-02,라트비아,섬유제품 제조업; 의복제외,3
2025-02,라트비아,소매업; 자동차 제외,3
2025-02,라트비아,의료용 물질 및 의약품 제조업,3
2025-02,라트비아,자동차 및 부품 판매업,3
2025-02,라트비아,전자부품  컴퓨터  영상  음향 및 통신장비 제조업,3
2025-02,라트비아,펄프  종이 및 종이제품 제조업,2
2025-02,러시아,고무 및 플라스틱제품 제조업,5
2025-02,러시아,금속 광업,5
2025-02,러시아,금속가공제품 제조업; 기계 및 가구 제외,5
2025-02,러시아,금융업,5
2025-02,러시아,기타 기계 및 장비 제조업,5
2025-02,러시아,도매 및 상품 중개업,5
2025-02,러시아,목재 및 나무제품 제조업; 가구 제외,5
2025-02,러시아,비금속 광물제품 제조업,5
2025-02,러시아,소매업; 자동차 제외,5
2025-02,러시아,식료품 제조업,5
2025-02,러시아,의료용 물질 및 의약품 제조업,5
2025-02,러시아,자동차 및 부품 판매업,5
2025-02,러시아,전기장비 제조업,5
2025-02,러시아,펄프  종이 및 종이제품 제조업,5
2025-02,러시아,화학물질 및 화학제품 제조업; 의약품 제외,5
2025-02,레바논,도매 및 상품 중개업,4
2025-02,레바논,자동차 및 부품 판매업,4
2025-02,레바논,펄프  종이 및 종이제품 제조업,4
2025-02,레위니옹,자동차 및 부품 판매업,4
2025-02,루마니아,1차 금속 제조업,5
2025-02,루마니아,건축기술  엔지니어링 및 기타 과학기술 서비스업,3
2025-02,루마니아,고무 및 플라스틱제품 제조업,3
2025-02,루마니아,금속가공제품 제조업; 기계 및 가구 제외,3
2025-02,루마니아,기타 기계 및 장비 제조업,3
2025-02,루마니아,기타 운송장비 제조업,3
2025-02,루마니아,기타 제품 제조업,3
2025-02,루마니아,농업,3
2025-02,루마니아,도매 및 상품 중개업,3
2025-02,루마니아,부동산업,3
2025-02,루마니아,사업지원 서비스업,3
2025-02,루마니아,섬유제품 제조업; 의복제외,3
2025-02,루마니아,소매업; 자동차 제외,3
2025-02,루마니아,음료 제조업,3
2025-02,루마니아,의료용 물질 및 의약품 제조업,3
2025-02,루마니아,의복  의복 액세서리 및 모피제품 제조업,3
2025-02,루마니아,인쇄 및 기록매체 복제업,3
2025-02,루마니아,자동차 및 부품 판매업,3
2025-02,루마니아,자동차 및 트레일러 제조업,3
2025-02,루마니아,전기장비 제조업,3
2025-02,루마니아,전문 서비스업,3
2025-02,루마니아,전문직별 공사업,3
2025-02,루마니아,전자부품  컴퓨터  영상  음향 및 통신장비 제조업,3
2025-02,루마니아,종합 건설업,3
2025-02,루마니아,펄프  종이 및 종이제품 제조업,3
2025-02,루마니아,화학물질 및 화학제품 제조업; 의약품 제외,3
2025-02,룩셈부르크,고무 및 플라스틱제품 제조업,2
2025-02,룩셈부르크,금융업,2
2025-02,룩셈부르크,도매 및 상품 중개업,2
2025-02,룩셈부르크,목재 및 나무제품 제조업; 가구 제외,3
2025-02,룩셈부르크,비금속 광물제품 제조업,2
2025-02,룩셈부르크,자동차 및 부품 판매업,2
2025-02,룩셈부르크,전기  가스  증기 및 공기조절 공급업,3
2025-02,르완다,가구 제조업,4
2025-02,르완다,도매 및 상품 중개업,4
2025-02,리비아,자동차 및 부품 판매업,5
2025-02,리투아니아,개인 및 소비용품 수리업,2
2025-02,리투아니아,고무 및 플라스틱제품 제조업,2
2025-02,리투아니아,금속가공제품 제조업; 기계 및 가구 제외,2
2025-02,리투아니아,도매 및 상품 중개업,2
2025-02,리투아니아,사업지원 서비스업,2
2025-02,리투아니아,소매업; 자동차 제외,2
2025-02,리투아니아,자동차 및 부품 판매업,2
2025-02,리투아니아,자동차 및 트레일러 제조업,2
2025-02,리투아니아,전문직별 공사업,2
2025-02,리투아니아,펄프  종이 및 종이제품 제조업,2
2025-02,리투아니아,화학물질 및 화학제품 제조업; 의약품 제외,2
2025-02,리히텐슈타인,금속가공제품 제조업; 기계 및 가구 제외,4
2025-02,리히텐슈타인,기타 기계 및 장비 제조업,4
2025-02,마다가스카르,자동차 및 부품 판매업,5
2025-02,마샬군도,도매 및 상품 중개업,4
2025-02,마카오,도매 및 상품 중개업,2
2025-02,마카오,사업지원 서비스업,2
2025-02,마카오,소매업; 자동차 제외,2
2025-02,마카오,스포츠 및 오락관련 서비스업,2
2025-02,마카오,우편 및 통신업,2
2025-02,마카오,출판업,2
2025-02,말레이시아,1차 금속 제조업,3
2025-02,말레이시아,개인 및 소비용품 수리업,3
2025-02,말레이시아,고무 및 플라스틱제품 제조업,3
2025-02,말레이시아,금속가공제품 제조업; 기계 및 가구 제외,3
2025-02,말레이시아,금융업,3
2025-02,말레이시아,기타 기계 및 장비 제조업,3
2025-02,말레이시아,기타 제품 제조업,3
2025-02,말레이시아,도매 및 상품 중개업,3
2025-02,말레이시아,목재 및 나무제품 제조업; 가구 제외,3
2025-02,말레이시아,비금속 광물제품 제조업,3
2025-02,말레이시아,사업지원 서비스업,3
2025-02,말레이시아,섬유제품 제조업; 의복제외,3
2025-02,말레이시아,소매업; 자동차 제외,3
2025-02,말레이시아,식료품 제조업,3
2025-02,말레이시아,음료 제조업,3
2025-02,말레이시아,의료용 물질 및 의약품 제조업,3
2025-02,말레이시아,인쇄 및 기록매체 복제업,3
2025-02,말레이시아,자동차 및 부품 판매업,3
2025-02,말레이시아,자동차 및 트레일러 제조업,3
2025-02,말레이시아,전기장비 제조업,3
2025-02,말레이시아,전문직별 공사업,3
2025-02,말레이시아,전자부품  컴퓨터  영상  음향 및 통신장비 제조업,3
2025-02,말레이시아,창고 및 운송관련 서비스업,3
2025-02,말레이시아,출판업,3
2025-02,말레이시아,코크스  연탄 및 석유정제품 제조업,3
2025-02,말레이시아,펄프  종이 및 종이제품 제조업,3
2025-02,말레이시아,화학물질 및 화학제품 제조업; 의약품 제외,3
2025-02,말리,도매 및 상품 중개업,5
2025-02,말리,전문직별 공사업,5
2025-02,말리,컴퓨터 프로그래밍  시스템 통합 및 관리업,5
2025-02,멕시코,1차 금속 제조업,4
2025-02,멕시코,개인 및 소비용품 수리업,4
2025-02,멕시코,고무 및 플라스틱제품 제조업,4
2025-02,멕시코,금속가공제품 제조업; 기계 및 가구 제외,4
2025-02,멕시코,기타 기계 및 장비 제조업,4
2025-02,멕시코,기타 제품 제조업,4
2025-02,멕시코,담배 제조업,4
2025-02,멕시코,도매 및 상품 중개업,4
2025-02,멕시코,비금속 광물제품 제조업,4
2025-02,멕시코,사업지원 서비스업,4
2025-02,멕시코,섬유제품 제조업; 의복제외,4
2025-02,멕시코,소매업; 자동차 제외,4
2025-02,멕시코,식료품 제조업,4
2025-02,멕시코,우편 및 통신업,4
2025-02,멕시코,의료용 물질 및 의약품 제조업,4
2025-02,멕시코,의복  의복 액세서리 및 모피제품 제조업,5
2025-02,멕시코,인쇄 및 기록매체 복제업,4
2025-02,멕시코,자동차 및 부품 판매업,4
2025-02,멕시코,자동차 및 트레일러 제조업,4
2025-02,멕시코,전기장비 제조업,5
2025-02,멕시코,전문 서비스업,4
2025-02,멕시코,전자부품  컴퓨터  영상  음향 및 통신장비 제조업,4
2025-02,멕시코,종합 건설업,5
2025-02,멕시코,창고 및 운송관련 서비스업,4
2025-02,멕시코,코크스  연탄 및 석유정제품 제조업,4
2025-02,멕시코,펄프  종이 및 종이제품 제조업,4
2025-02,멕시코,하수  폐수 및 분뇨 처리업,4
2025-02,멕시코,화학물질 및 화학제품 제조업; 의약품 제외,4
2025-02,모나코,도매 및 상품 중개업,4
2025-02,모로코,1차 금속 제조업,4
2025-02,모로코,가구 제조업,4
2025-02,모로코,개인 및 소비용품 수리업,4
2025-02,모로코,건축기술  엔지니어링 및 기타 과학기술 서비스업,4
2025-02,모로코,고무 및 플라스틱제품 제조업,5
2025-02,모로코,금속가공제품 제조업; 기계 및 가구 제외,4
2025-02,모로코,금융업,4
2025-02,모로코,기타 기계 및 장비 제조업,4
2025-02,모로코,도매 및 상품 중개업,4
2025-02,모로코,사업시설 관리 및 조경 서비스업,4
2025-02,모로코,사업지원 서비스업,4
2025-02,모로코,산업용 기계 및 장비 수리업,4
2025-02,모로코,소매업; 자동차 제외,4
2025-02,모로코,우편 및 통신업,4
2025-02,모로코,음료 제조업,4
2025-02,모로코,의료용 물질 및 의약품 제조업,4
2025-02,모로코,임대업; 부동산 제외,4
2025-02,모로코,자동차 및 부품 판매업,4
2025-02,모로코,전기장비 제조업,4
2025-02,모로코,전문직별 공사업,4
2025-02,모로코,컴퓨터 프로그래밍  시스템 통합 및 관리업,4
2025-02,모로코,펄프  종이 및 종이제품 제조업,4
2025-02,모로코,화학물질 및 화학제품 제조업; 의약품 제외,4
2025-02,모리셔스,도매 및 상품 중개업,3
2025-02,모리셔스,자동차 및 부품 판매업,3
2025-02,모리셔스,펄프  종이 및 종이제품 제조업,2
2025-02,모리타니아,도매 및 상품 중개업,4
2025-02,모리타니아,컴퓨터 프로그래밍  시스템 통합 및 관리업,5
2025-02,모잠비크,도매 및 상품 중개업,5
2025-02,몬테네그로,도매 및 상품 중개업,3
2025-02,몰도바,금속가공제품 제조업; 기계 및 가구 제외,4
2025-02,몰도바,도매 및 상품 중개업,4
2025-02,몰도바,소매업; 자동차 제외,4
2025-02,몰도바,우편 및 통신업,4
2025-02,몰도바,자동차 및 부품 판매업,4
2025-02,몰도바,코크스  연탄 및 석유정제품 제조업,4
2025-02,몰디브,창고 및 운송관련 서비스업,4
2025-02,몰타,도매 및 상품 중개업,2
2025-02,몰타,섬유제품 제조업; 의복제외,2
2025-02,몰타,자동차 및 부품 판매업,2
2025-02,몰타,전자부품  컴퓨터  영상  음향 및 통신장비 제조업,2
2025-02,몽골,도매 및 상품 중개업,4
2025-02,몽골,소매업; 자동차 제외,4
2025-02,몽골,음료 제조업,5
2025-02,몽골,인쇄 및 기록매체 복제업,4
2025-02,몽골,자동차 및 부품 판매업,4
2025-02,몽골,펄프  종이 및 종이제품 제조업,4
2025-02,미국,1차 금속 제조업,2
2025-02,미국,가구 제조업,2
2025-02,미국,가죽  가방 및 신발 제조업,2
2025-02,미국,개인 및 소비용품 수리업,2
2025-02,미국,건축기술  엔지니어링 및 기타 과학기술 서비스업,2
2025-02,미국,고무 및 플라스틱제품 제조업,2
2025-02,미국,공공행정  국방 및 사회보장 행정,2
2025-02,미국,광업 지원 서비스업,2
2025-02,미국,금속가공제품 제조업; 기계 및 가구 제외,2
2025-02,미국,기타 개인 서비스업,2
2025-02,미국,기타 기계 및 장비 제조업,2
2025-02,미국,기타 운송장비 제조업,2
2025-02,미국,기타 전문  과학 및 기술 서비스업,5
2025-02,미국,기타 제품 제조업,2
2025-02,미국,도매 및 상품 중개업,2
2025-02,미국,목재 및 나무제품 제조업; 가구 제외,2
2025-02,미국,방송업,2
2025-02,미국,비금속 광물제품 제조업,4
2025-02,미국,사업지원 서비스업,2
2025-02,미국,산업용 기계 및 장비 수리업,2
2025-02,미국,섬유제품 제조업; 의복제외,2
2025-02,미국,소매업; 자동차 제외,3
2025-02,미국,수상 운송업,2
2025-02,미국,식료품 제조업,2
2025-02,미국,우편 및 통신업,2
2025-02,미국,육상운송 및 파이프라인 운송업,3
2025-02,미국,음식점 및 주점업,2
2025-02,미국,의료  정밀  광학기기 및 시계 제조업,2
2025-02,미국,의료용 물질 및 의약품 제조업,2
2025-02,미국,의복  의복 액세서리 및 모피제품 제조업,2
2025-02,미국,인쇄 및 기록매체 복제업,2
2025-02,미국,임대업; 부동산 제외,2
2025-02,미국,자동차 및 부품 판매업,2
2025-02,미국,자동차 및 트레일러 제조업,2
2025-02,미국,전기  가스  증기 및 공기조절 공급업,2
2025-02,미국,전기장비 제조업,2
2025-02,미국,전문 서비스업,2
2025-02,미국,전문직별 공사업,2
2025-02,미국,전자부품  컴퓨터  영상  음향 및 통신장비 제조업,2
2025-02,미국,정보서비스업,2
2025-02,미국,종합 건설업,2
2025-02,미국,창고 및 운송관련 서비스업,2
2025-02,미국,출판업,2
2025-02,미국,컴퓨터 프로그래밍  시스템 통합 및 관리업,2
2025-02,미국,코크스  연탄 및 석유정제품 제조업,2
2025-02,미국,펄프  종이 및 종이제품 제조업,2
2025-02,미국,항공 운송업,2
2025-02,미국,협회 및 단체,2
2025-02,미국,화학물질 및 화학제품 제조업; 의약품 제외,2
2025-02,미얀마,고무 및 플라스틱제품 제조업,5
2025-02,미얀마,도매 및 상품 중개업,5
2025-02,미얀마,식료품 제조업,5
2025-02,미얀마,인쇄 및 기록매체 복제업,5
2025-02,미얀마,자동차 및 부품 판매업,5
2025-02,바레인,가구 제조업,3
2025-02,바레인,건축기술  엔지니어링 및 기타 과학기술 서비스업,3
2025-02,바레인,기타 기계 및 장비 제조업,3
2025-02,바레인,도매 및 상품 중개업,3
2025-02,바레인,자동차 및 부품 판매업,3
2025-02,바레인,출판업,3
2025-02,바레인,화학물질 및 화학제품 제조업; 의약품 제외,3
2025-02,바베이도스,금융 및 보험 관련 서비스업,4
2025-02,방글라데시,1차 금속 제조업,4
2025-02,방글라데시,가죽  가방 및 신발 제조업,4
2025-02,방글라데시,고무 및 플라스틱제품 제조업,4
2025-02,방글라데시,금속가공제품 제조업; 기계 및 가구 제외,4
2025-02,방글라데시,기타 제품 제조업,4
2025-02,방글라데시,도매 및 상품 중개업,4
2025-02,방글라데시,보건업,4
2025-02,방글라데시,비금속 광물제품 제조업,4
2025-02,방글라데시,섬유제품 제조업; 의복제외,4
2025-02,방글라데시,식료품 제조업,4
2025-02,방글라데시,음료 제조업,5
2025-02,방글라데시,의료  정밀  광학기기 및 시계 제조업,4
2025-02,방글라데시,의료용 물질 및 의약품 제조업,4
2025-02,방글라데시,의복  의복 액세서리 및 모피제품 제조업,4
2025-02,방글라데시,인쇄 및 기록매체 복제업,4
2025-02,방글라데시,자동차 및 부품 판매업,4
2025-02,방글라데시,전기장비 제조업,4
2025-02,방글라데시,출판업,5
2025-02,방글라데시,코크스  연탄 및 석유정제품 제조업,4
2025-02,방글라데시,펄프  종이 및 종이제품 제조업,4
2025-02,방글라데시,화학물질 및 화학제품 제조업; 의약품 제외,4
2025-02,베넹,도매 및 상품 중개업,5
2025-02,베트남,1차 금속 제조업,4
2025-02,베트남,가구 제조업,5
2025-02,베트남,가죽  가방 및 신발 제조업,4
2025-02,베트남,개인 및 소비용품 수리업,4
2025-02,베트남,고무 및 플라스틱제품 제조업,4
2025-02,베트남,금속 광업,4
2025-02,베트남,금속가공제품 제조업; 기계 및 가구 제외,4
2025-02,베트남,기타 기계 및 장비 제조업,4
2025-02,베트남,기타 운송장비 제조업,4
2025-02,베트남,기타 전문  과학 및 기술 서비스업,4
2025-02,베트남,기타 제품 제조업,4
2025-02,베트남,농업,4
2025-02,베트남,도매 및 상품 중개업,4
2025-02,베트남,목재 및 나무제품 제조업; 가구 제외,4
2025-02,베트남,비금속 광물제품 제조업,4
2025-02,베트남,산업용 기계 및 장비 수리업,4
2025-02,베트남,섬유제품 제조업; 의복제외,4
2025-02,베트남,소매업; 자동차 제외,4
2025-02,베트남,식료품 제조업,4
2025-02,베트남,음료 제조업,4
2025-02,베트남,의료  정밀  광학기기 및 시계 제조업,4
2025-02,베트남,의료용 물질 및 의약품 제조업,4
2025-02,베트남,의복  의복 액세서리 및 모피제품 제조업,4
2025-02,베트남,인쇄 및 기록매체 복제업,4
2025-02,베트남,자동차 및 부품 판매업,4
2025-02,베트남,자동차 및 트레일러 제조업,4
2025-02,베트남,전기장비 제조업,4
2025-02,베트남,전문 서비스업,4
2025-02,베트남,전문직별 공사업,4
2025-02,베트남,전자부품  컴퓨터  영상  음향 및 통신장비 제조업,4
2025-02,베트남,종합 건설업,4
2025-02,베트남,창고 및 운송관련 서비스업,4
2025-02,베트남,코크스  연탄 및 석유정제품 제조업,4
2025-02,베트남,펄프  종이 및 종이제품 제조업,4
2025-02,베트남,폐기물 수집  운반  처리 및 원료 재생업,4
2025-02,베트남,화학물질 및 화학제품 제조업; 의약품 제외,4
2025-02,벨기에,1차 금속 제조업,4
2025-02,벨기에,고무 및 플라스틱제품 제조업,2
2025-02,벨기에,금속가공제품 제조업; 기계 및 가구 제외,2
2025-02,벨기에,금융업,2
2025-02,벨기에,기타 기계 및 장비 제조업,2
2025-02,벨기에,도매 및 상품 중개업,2
2025-02,벨기에,목재 및 나무제품 제조업; 가구 제외,2
2025-02,벨기에,비금속 광물제품 제조업,2
2025-02,벨기에,사업지원 서비스업,2
2025-02,벨기에,산업용 기계 및 장비 수리업,2
2025-02,벨기에,섬유제품 제조업; 의복제외,2
2025-02,벨기에,소매업; 자동차 제외,2
2025-02,벨기에,수상 운송업,2
2025-02,벨기에,식료품 제조업,2
2025-02,벨기에,의료  정밀  광학기기 및 시계 제조업,2
2025-02,벨기에,의복  의복 액세서리 및 모피제품 제조업,2
2025-02,벨기에,자동차 및 부품 판매업,2
2025-02,벨기에,자동차 및 트레일러 제조업,2
2025-02,벨기에,전기장비 제조업,2
2025-02,벨기에,전문 서비스업,2
2025-02,벨기에,전자부품  컴퓨터  영상  음향 및 통신장비 제조업,2
2025-02,벨기에,창고 및 운송관련 서비스업,2
2025-02,벨기에,컴퓨터 프로그래밍  시스템 통합 및 관리업,2
2025-02,벨기에,코크스  연탄 및 석유정제품 제조업,2
2025-02,벨기에,펄프  종이 및 종이제품 제조업,2
2025-02,벨기에,화학물질 및 화학제품 제조업; 의약품 제외,2
2025-02,벨라루스,도매 및 상품 중개업,5
2025-02,벨라루스,자동차 및 부품 판매업,5
2025-02,벨리즈,도매 및 상품 중개업,5
2025-02,벨리즈,소매업; 자동차 제외,4
2025-02,벨리즈,자동차 및 부품 판매업,4
2025-02,보스니아-헤르체코비나,도매 및 상품 중개업,4
2025-02,보스니아-헤르체코비나,소매업; 자동차 제외,4
2025-02,보스니아-헤르체코비나,자동차 및 부품 판매업,4
2025-02,볼리비아,금속 광업,4
2025-02,볼리비아,도매 및 상품 중개업,5
2025-02,볼리비아,육상운송 및 파이프라인 운송업,4
2025-02,볼리비아,자동차 및 부품 판매업,4
2025-02,볼리비아,화학물질 및 화학제품 제조업; 의약품 제외,4
2025-02,부룬디,가구 제조업,5
2025-02,부르키나파소,금속 광업,5
2025-02,부르키나파소,기타 운송장비 제조업,5
2025-02,부르키나파소,도매 및 상품 중개업,5
2025-02,부르키나파소,비금속광물 광업; 연료용 제외,5
2025-02,북마케도니아,도매 및 상품 중개업,3
2025-02,북마케도니아,소매업; 자동차 제외,3
2025-02,북마케도니아,자동차 및 트레일러 제조업,3
2025-02,북마케도니아,펄프  종이 및 종이제품 제조업,3
2025-02,불가리아,개인 및 소비용품 수리업,3
2025-02,불가리아,고무 및 플라스틱제품 제조업,3
2025-02,불가리아,금속가공제품 제조업; 기계 및 가구 제외,3
2025-02,불가리아,기타 기계 및 장비 제조업,3
2025-02,불가리아,기타 제품 제조업,3
2025-02,불가리아,담배 제조업,3
2025-02,불가리아,도매 및 상품 중개업,4
2025-02,불가리아,섬유제품 제조업; 의복제외,3
2025-02,불가리아,식료품 제조업,3
2025-02,불가리아,우편 및 통신업,3
2025-02,불가리아,의료용 물질 및 의약품 제조업,3
2025-02,불가리아,인쇄 및 기록매체 복제업,3
2025-02,불가리아,자동차 및 부품 판매업,3
2025-02,불가리아,자동차 및 트레일러 제조업,3
2025-02,불가리아,전기장비 제조업,3
2025-02,불가리아,펄프  종이 및 종이제품 제조업,3
2025-02,불가리아,화학물질 및 화학제품 제조업; 의약품 제외,3
2025-02,브라질,1차 금속 제조업,4
2025-02,브라질,가구 제조업,4
2025-02,브라질,가죽  가방 및 신발 제조업,4
2025-02,브라질,고무 및 플라스틱제품 제조업,4
2025-02,브라질,금속가공제품 제조업; 기계 및 가구 제외,4
2025-02,브라질,금융 및 보험 관련 서비스업,4
2025-02,브라질,금융업,4
2025-02,브라질,기타 기계 및 장비 제조업,4
2025-02,브라질,기타 제품 제조업,4
2025-02,브라질,도매 및 상품 중개업,4
2025-02,브라질,목재 및 나무제품 제조업; 가구 제외,4
2025-02,브라질,비금속 광물제품 제조업,4
2025-02,브라질,사업지원 서비스업,4
2025-02,브라질,섬유제품 제조업; 의복제외,4
2025-02,브라질,소매업; 자동차 제외,4
2025-02,브라질,숙박업,4
2025-02,브라질,식료품 제조업,4
2025-02,브라질,연구개발업,4
2025-02,브라질,의료  정밀  광학기기 및 시계 제조업,4
2025-02,브라질,의료용 물질 및 의약품 제조업,4
2025-02,브라질,의복  의복 액세서리 및 모피제품 제조업,4
2025-02,브라질,인쇄 및 기록매체 복제업,4
2025-02,브라질,자동차 및 부품 판매업,4
2025-02,브라질,자동차 및 트레일러 제조업,4
2025-02,브라질,전기장비 제조업,4
2025-02,브라질,전문 서비스업,4
2025-02,브라질,전문직별 공사업,4
2025-02,브라질,전자부품  컴퓨터  영상  음향 및 통신장비 제조업,4
2025-02,브라질,창고 및 운송관련 서비스업,4
2025-02,브라질,컴퓨터 프로그래밍  시스템 통합 및 관리업,4
2025-02,브라질,코크스  연탄 및 석유정제품 제조업,4
2025-02,브라질,펄프  종이 및 종이제품 제조업,4
2025-02,브라질,화학물질 및 화학제품 제조업; 의약품 제외,4
2025-02,사우디아라비아,1차 금속 제조업,3
2025-02,사우디아라비아,가구 제조업,3
2025-02,사우디아라비아,건축기술  엔지니어링 및 기타 과학기술 서비스업,3
2025-02,사우디아라비아,고무 및 플라스틱제품 제조업,3
2025-02,사우디아라비아,광업 지원 서비스업,3
2025-02,사우디아라비아,금속가공제품 제조업; 기계 및 가구 제외,4
2025-02,사우디아라비아,금융업,3
2025-02,사우디아라비아,기타 기계 및 장비 제조업,3
2025-02,사우디아라비아,도매 및 상품 중개업,4
2025-02,사우디아라비아,비금속 광물제품 제조업,4
2025-02,사우디아라비아,사업시설 관리 및 조경 서비스업,3
2025-02,사우디아라비아,사업지원 서비스업,3
2025-02,사우디아라비아,섬유제품 제조업; 의복제외,3
2025-02,사우디아라비아,소매업; 자동차 제외,3
2025-02,사우디아라비아,수도업,3
2025-02,사우디아라비아,수상 운송업,5
2025-02,사우디아라비아,식료품 제조업,3
2025-02,사우디아라비아,의료  정밀  광학기기 및 시계 제조업,3
2025-02,사우디아라비아,의료용 물질 및 의약품 제조업,3
2025-02,사우디아라비아,의복  의복 액세서리 및 모피제품 제조업,4
2025-02,사우디아라비아,자동차 및 부품 판매업,4
2025-02,사우디아라비아,전기  가스  증기 및 공기조절 공급업,3
2025-02,사우디아라비아,전기장비 제조업,3
2025-02,사우디아라비아,전문직별 공사업,3
2025-02,사우디아라비아,종합 건설업,3
2025-02,사우디아라비아,창고 및 운송관련 서비스업,3
2025-02,사우디아라비아,출판업,3
2025-02,사우디아라비아,컴퓨터 프로그래밍  시스템 통합 및 관리업,3
2025-02,사우디아라비아,코크스  연탄 및 석유정제품 제조업,3
2025-02,사우디아라비아,펄프  종이 및 종이제품 제조업,3
2025-02,사우디아라비아,화학물질 및 화학제품 제조업; 의약품 제외,3
2025-02,사이프러스,도매 및 상품 중개업,2
2025-02,사이프러스,수상 운송업,2
2025-02,사이프러스,자동차 및 부품 판매업,2
2025-02,산 마리노,1차 금속 제조업,5
2025-02,산 마리노,고무 및 플라스틱제품 제조업,2
2025-02,세네갈,가구 제조업,5
2025-02,세네갈,도매 및 상품 중개업,5
2025-02,세르비아,고무 및 플라스틱제품 제조업,3
2025-02,세르비아,도매 및 상품 중개업,3
2025-02,세르비아,사업지원 서비스업,3
2025-02,세르비아,섬유제품 제조업; 의복제외,3
2025-02,세르비아,자동차 및 부품 판매업,3
2025-02,세르비아,자동차 및 트레일러 제조업,3
2025-02,세르비아,전기장비 제조업,3
2025-02,세르비아,전자부품  컴퓨터  영상  음향 및 통신장비 제조업,3
2025-02,세르비아,컴퓨터 프로그래밍  시스템 통합 및 관리업,3
2025-02,세르비아,화학물질 및 화학제품 제조업; 의약품 제외,3
2025-02,세이셸,도매 및 상품 중개업,4
2025-02,세이셸,소매업; 자동차 제외,4
2025-02,세인트 빈센트 그레나딘,도매 및 상품 중개업,4
2025-02,수리남,금속 광업,5
2025-02,스리랑카,고무 및 플라스틱제품 제조업,4
2025-02,스리랑카,금속가공제품 제조업; 기계 및 가구 제외,4
2025-02,스리랑카,도매 및 상품 중개업,4
2025-02,스리랑카,비금속 광물제품 제조업,4
2025-02,스리랑카,섬유제품 제조업; 의복제외,4
2025-02,스리랑카,식료품 제조업,4
2025-02,스리랑카,의복  의복 액세서리 및 모피제품 제조업,4
2025-02,스리랑카,자동차 및 부품 판매업,4
2025-02,스리랑카,전기장비 제조업,4
2025-02,스리랑카,화학물질 및 화학제품 제조업; 의약품 제외,4
2025-02,스웨덴,1차 금속 제조업,2
2025-02,스웨덴,개인 및 소비용품 수리업,2
2025-02,스웨덴,건축기술  엔지니어링 및 기타 과학기술 서비스업,4
2025-02,스웨덴,고무 및 플라스틱제품 제조업,2
2025-02,스웨덴,금속가공제품 제조업; 기계 및 가구 제외,2
2025-02,스웨덴,기타 기계 및 장비 제조업,2
2025-02,스웨덴,도매 및 상품 중개업,2
2025-02,스웨덴,섬유제품 제조업; 의복제외,2
2025-02,스웨덴,소매업; 자동차 제외,2
2025-02,스웨덴,연구개발업,2
2025-02,스웨덴,자동차 및 부품 판매업,2
2025-02,스웨덴,자동차 및 트레일러 제조업,2
2025-02,스웨덴,전기장비 제조업,2
2025-02,스웨덴,전문 서비스업,2
2025-02,스웨덴,전자부품  컴퓨터  영상  음향 및 통신장비 제조업,2
2025-02,스웨덴,컴퓨터 프로그래밍  시스템 통합 및 관리업,2
2025-02,스웨덴,코크스  연탄 및 석유정제품 제조업,2
2025-02,스웨덴,펄프  종이 및 종이제품 제조업,2
2025-02,스웨덴,화학물질 및 화학제품 제조업; 의약품 제외,2
2025-02,스위스,1차 금속 제조업,1
2025-02,스위스,가죽  가방 및 신발 제조업,1
2025-02,스위스,고무 및 플라스틱제품 제조업,1
2025-02,스위스,금속가공제품 제조업; 기계 및 가구 제외,1
2025-02,스위스,금융 및 보험 관련 서비스업,1
2025-02,스위스,기타 기계 및 장비 제조업,1
2025-02,스위스,기타 운송장비 제조업,1
2025-02,스위스,기타 제품 제조업,1
2025-02,스위스,담배 제조업,1
2025-02,스위스,도매 및 상품 중개업,2
2025-02,스위스,비금속 광물제품 제조업,1
2025-02,스위스,사업지원 서비스업,1
2025-02,스위스,소매업; 자동차 제외,1
2025-02,스위스,수도업,1
2025-02,스위스,수상 운송업,1
2025-02,스위스,의료  정밀  광학기기 및 시계 제조업,1
2025-02,스위스,의료용 물질 및 의약품 제조업,1
2025-02,스위스,의복  의복 액세서리 및 모피제품 제조업,1
2025-02,스위스,자동차 및 부품 판매업,1
2025-02,스위스,전기장비 제조업,1
2025-02,스위스,전문 서비스업,1
2025-02,스위스,전문직별 공사업,1
2025-02,스위스,전자부품  컴퓨터  영상  음향 및 통신장비 제조업,1
2025-02,스위스,코크스  연탄 및 석유정제품 제조업,1
2025-02,스위스,화학물질 및 화학제품 제조업; 의약품 제외,1
2025-02,스페인,1차 금속 제조업,2
2025-02,스페인,개인 및 소비용품 수리업,2
2025-02,스페인,건축기술  엔지니어링 및 기타 과학기술 서비스업,2
2025-02,스페인,고무 및 플라스틱제품 제조업,2
2025-02,스페인,금속가공제품 제조업; 기계 및 가구 제외,2
2025-02,스페인,금융업,2
2025-02,스페인,기타 기계 및 장비 제조업,2
2025-02,스페인,기타 운송장비 제조업,5
2025-02,스페인,기타 제품 제조업,2
2025-02,스페인,도매 및 상품 중개업,2
2025-02,스페인,비금속 광물제품 제조업,2
2025-02,스페인,비금속광물 광업; 연료용 제외,2
2025-02,스페인,사업지원 서비스업,2
2025-02,스페인,산업용 기계 및 장비 수리업,2
2025-02,스페인,섬유제품 제조업; 의복제외,2
2025-02,스페인,소매업; 자동차 제외,2
2025-02,스페인,식료품 제조업,2
2025-02,스페인,우편 및 통신업,2
2025-02,스페인,의료  정밀  광학기기 및 시계 제조업,2
2025-02,스페인,의료용 물질 및 의약품 제조업,2
2025-02,스페인,인쇄 및 기록매체 복제업,2
2025-02,스페인,자동차 및 부품 판매업,2
2025-02,스페인,자동차 및 트레일러 제조업,3
2025-02,스페인,전기  가스  증기 및 공기조절 공급업,5
2025-02,스페인,전기장비 제조업,2
2025-02,스페인,전문 서비스업,2
2025-02,스페인,전문직별 공사업,2
2025-02,스페인,전자부품  컴퓨터  영상  음향 및 통신장비 제조업,2
2025-02,스페인,종합 건설업,2
2025-02,스페인,컴퓨터 프로그래밍  시스템 통합 및 관리업,2
2025-02,스페인,코크스  연탄 및 석유정제품 제조업,2
2025-02,스페인,펄프  종이 및 종이제품 제조업,2
2025-02,스페인,하수  폐수 및 분뇨 처리업,2
2025-02,스페인,화학물질 및 화학제품 제조업; 의약품 제외,2
2025-02,슬로바키아,고무 및 플라스틱제품 제조업,2
2025-02,슬로바키아,기타 기계 및 장비 제조업,2
2025-02,슬로바키아,도매 및 상품 중개업,2
2025-02,슬로바키아,목재 및 나무제품 제조업; 가구 제외,2
2025-02,슬로바키아,비금속 광물제품 제조업,2
2025-02,슬로바키아,산업용 기계 및 장비 수리업,2
2025-02,슬로바키아,섬유제품 제조업; 의복제외,2
2025-02,슬로바키아,소매업; 자동차 제외,2
2025-02,슬로바키아,의료  정밀  광학기기 및 시계 제조업,2
2025-02,슬로바키아,의복  의복 액세서리 및 모피제품 제조업,2
2025-02,슬로바키아,인쇄 및 기록매체 복제업,2
2025-02,슬로바키아,자동차 및 부품 판매업,2
2025-02,슬로바키아,자동차 및 트레일러 제조업,2
2025-02,슬로바키아,전기장비 제조업,2
2025-02,슬로바키아,전문직별 공사업,2
2025-02,슬로바키아,전자부품  컴퓨터  영상  음향 및 통신장비 제조업,2
2025-02,슬로바키아,화학물질 및 화학제품 제조업; 의약품 제외,2
2025-02,슬로베니아,기타 기계 및 장비 제조업,2
2025-02,슬로베니아,기타 제품 제조업,2
2025-02,슬로베니아,도매 및 상품 중개업,2
2025-02,슬로베니아,섬유제품 제조업; 의복제외,2
2025-02,슬로베니아,소매업; 자동차 제외,2
2025-02,슬로베니아,자동차 및 부품 판매업,2
2025-02,슬로베니아,전기장비 제조업,2
2025-02,슬로베니아,전문직별 공사업,2
2025-02,슬로베니아,화학물질 및 화학제품 제조업; 의약품 제외,2
2025-02,시에라리온,도매 및 상품 중개업,5
2025-02,싱가포르,1차 금속 제조업,1
2025-02,싱가포르,가죽  가방 및 신발 제조업,1
2025-02,싱가포르,건축기술  엔지니어링 및 기타 과학기술 서비스업,1
2025-02,싱가포르,고무 및 플라스틱제품 제조업,1
2025-02,싱가포르,광업 지원 서비스업,1
2025-02,싱가포르,금속가공제품 제조업; 기계 및 가구 제외,1
2025-02,싱가포르,금융업,1
2025-02,싱가포르,기타 기계 및 장비 제조업,1
2025-02,싱가포르,기타 운송장비 제조업,1
2025-02,싱가포르,담배 제조업,1
2025-02,싱가포르,도매 및 상품 중개업,1
2025-02,싱가포르,비금속 광물제품 제조업,1
2025-02,싱가포르,사업지원 서비스업,1
2025-02,싱가포르,석탄  원유 및 천연가스 광업,1
2025-02,싱가포르,섬유제품 제조업; 의복제외,1
2025-02,싱가포르,소매업; 자동차 제외,1
2025-02,싱가포르,수상 운송업,1
2025-02,싱가포르,식료품 제조업,2
2025-02,싱가포르,음료 제조업,1
2025-02,싱가포르,의료  정밀  광학기기 및 시계 제조업,1
2025-02,싱가포르,인쇄 및 기록매체 복제업,1
2025-02,싱가포르,임대업; 부동산 제외,1
2025-02,싱가포르,자동차 및 부품 판매업,1
2025-02,싱가포르,자동차 및 트레일러 제조업,1
2025-02,싱가포르,전기장비 제조업,1
2025-02,싱가포르,전문 서비스업,2
2025-02,싱가포르,전문직별 공사업,1
2025-02,싱가포르,전자부품  컴퓨터  영상  음향 및 통신장비 제조업,1
2025-02,싱가포르,종합 건설업,1
2025-02,싱가포르,창고 및 운송관련 서비스업,1
2025-02,싱가포르,출판업,1
2025-02,싱가포르,코크스  연탄 및 석유정제품 제조업,1
2025-02,싱가포르,펄프  종이 및 종이제품 제조업,1
2025-02,싱가포르,화학물질 및 화학제품 제조업; 의약품 제외,1
2025-02,아랍에미리트 연합,1차 금속 제조업,4
2025-02,아랍에미리트 연합,가구 제조업,3
2025-02,아랍에미리트 연합,고무 및 플라스틱제품 제조업,3
2025-02,아랍에미리트 연합,광업 지원 서비스업,3
2025-02,아랍에미리트 연합,금속 광업,3
2025-02,아랍에미리트 연합,금속가공제품 제조업; 기계 및 가구 제외,3
2025-02,아랍에미리트 연합,기타 기계 및 장비 제조업,3
2025-02,아랍에미리트 연합,도매 및 상품 중개업,3
2025-02,아랍에미리트 연합,비금속 광물제품 제조업,3
2025-02,아랍에미리트 연합,소매업; 자동차 제외,3
2025-02,아랍에미리트 연합,수상 운송업,2
2025-02,아랍에미리트 연합,식료품 제조업,3
2025-02,아랍에미리트 연합,우편 및 통신업,3
2025-02,아랍에미리트 연합,육상운송 및 파이프라인 운송업,2
2025-02,아랍에미리트 연합,의료용 물질 및 의약품 제조업,3
2025-02,아랍에미리트 연합,의복  의복 액세서리 및 모피제품 제조업,3
2025-02,아랍에미리트 연합,자동차 및 부품 판매업,2
2025-02,아랍에미리트 연합,자동차 및 트레일러 제조업,3
2025-02,아랍에미리트 연합,전기  가스  증기 및 공기조절 공급업,4
2025-02,아랍에미리트 연합,전기장비 제조업,2
2025-02,아랍에미리트 연합,전문 서비스업,3
2025-02,아랍에미리트 연합,전문직별 공사업,3
2025-02,아랍에미리트 연합,종합 건설업,4
2025-02,아랍에미리트 연합,창고 및 운송관련 서비스업,2
2025-02,아랍에미리트 연합,출판업,3
2025-02,아랍에미리트 연합,펄프  종이 및 종이제품 제조업,3
2025-02,아랍에미리트 연합,항공 운송업,2
2025-02,아랍에미리트 연합,화학물질 및 화학제품 제조업; 의약품 제외,3
2025-02,아루바,자동차 및 부품 판매업,4
2025-02,아르메니아,가구 제조업,5
2025-02,아르메니아,고무 및 플라스틱제품 제조업,5
2025-02,아르메니아,도매 및 상품 중개업,5
2025-02,아르메니아,펄프  종이 및 종이제품 제조업,5
2025-02,아르헨티나,1차 금속 제조업,4
2025-02,아르헨티나,가구 제조업,4
2025-02,아르헨티나,고무 및 플라스틱제품 제조업,4
2025-02,아르헨티나,기타 개인 서비스업,4
2025-02,아르헨티나,기타 기계 및 장비 제조업,4
2025-02,아르헨티나,도매 및 상품 중개업,4
2025-02,아르헨티나,비금속 광물제품 제조업,4
2025-02,아르헨티나,석탄  원유 및 천연가스 광업,5
2025-02,아르헨티나,섬유제품 제조업; 의복제외,4
2025-02,아르헨티나,소매업; 자동차 제외,4
2025-02,아르헨티나,우편 및 통신업,5
2025-02,아르헨티나,의료  정밀  광학기기 및 시계 제조업,4
2025-02,아르헨티나,의료용 물질 및 의약품 제조업,4
2025-02,아르헨티나,의복  의복 액세서리 및 모피제품 제조업,4
2025-02,아르헨티나,인쇄 및 기록매체 복제업,4
2025-02,아르헨티나,자동차 및 부품 판매업,4
2025-02,아르헨티나,자동차 및 트레일러 제조업,4
2025-02,아르헨티나,전기장비 제조업,4
2025-02,아르헨티나,전자부품  컴퓨터  영상  음향 및 통신장비 제조업,4
2025-02,아르헨티나,펄프  종이 및 종이제품 제조업,4
2025-02,아르헨티나,화학물질 및 화학제품 제조업; 의약품 제외,4
2025-02,아이슬란드,개인 및 소비용품 수리업,2
2025-02,아이슬란드,고무 및 플라스틱제품 제조업,2
2025-02,아이슬란드,기타 전문  과학 및 기술 서비스업,2
2025-02,아이슬란드,소매업; 자동차 제외,2
2025-02,아이슬란드,자동차 및 부품 판매업,2
2025-02,아이슬란드,전문직별 공사업,2
2025-02,아이티,자동차 및 부품 판매업,5
2025-02,아일랜드,고무 및 플라스틱제품 제조업,1
2025-02,아일랜드,금속가공제품 제조업; 기계 및 가구 제외,1
2025-02,아일랜드,금융업,1
2025-02,아일랜드,기타 개인 서비스업,1
2025-02,아일랜드,기타 제품 제조업,1
2025-02,아일랜드,농업,1
2025-02,아일랜드,도매 및 상품 중개업,1
2025-02,아일랜드,비금속 광물제품 제조업,1
2025-02,아일랜드,소매업; 자동차 제외,1
2025-02,아일랜드,식료품 제조업,1
2025-02,아일랜드,의료  정밀  광학기기 및 시계 제조업,1
2025-02,아일랜드,의료용 물질 및 의약품 제조업,1
2025-02,아일랜드,자동차 및 부품 판매업,1
2025-02,아일랜드,자동차 및 트레일러 제조업,1
2025-02,아일랜드,전기장비 제조업,1
2025-02,아일랜드,전문직별 공사업,1
2025-02,아일랜드,전자부품  컴퓨터  영상  음향 및 통신장비 제조업,1
2025-02,아일랜드,컴퓨터 프로그래밍  시스템 통합 및 관리업,1
2025-02,아일랜드,코크스  연탄 및 석유정제품 제조업,1
2025-02,아일랜드,펄프  종이 및 종이제품 제조업,1
2025-02,아일랜드,화학물질 및 화학제품 제조업; 의약품 제외,1
2025-02,아제르바이잔,1차 금속 제조업,4
2025-02,아제르바이잔,개인 및 소비용품 수리업,4
2025-02,아제르바이잔,도매 및 상품 중개업,5
2025-02,아제르바이잔,부동산업,4
2025-02,아제르바이잔,비금속 광물제품 제조업,4
2025-02,아제르바이잔,소매업; 자동차 제외,4
2025-02,아제르바이잔,자동차 및 부품 판매업,4
2025-02,아제르바이잔,컴퓨터 프로그래밍  시스템 통합 및 관리업,4
2025-02,아제르바이잔,화학물질 및 화학제품 제조업; 의약품 제외,4
2025-02,안도라,개인 및 소비용품 수리업,4
2025-02,안도라,도매 및 상품 중개업,4
2025-02,알제리,가죽  가방 및 신발 제조업,4
2025-02,알제리,고무 및 플라스틱제품 제조업,5
2025-02,알제리,기타 제품 제조업,4
2025-02,알제리,도매 및 상품 중개업,4
2025-02,알제리,비금속 광물제품 제조업,5
2025-02,알제리,의료용 물질 및 의약품 제조업,4
2025-02,알제리,의복  의복 액세서리 및 모피제품 제조업,5
2025-02,알제리,자동차 및 부품 판매업,4
2025-02,알제리,전기장비 제조업,5
2025-02,알제리,전문직별 공사업,4
2025-02,알제리,전자부품  컴퓨터  영상  음향 및 통신장비 제조업,4
2025-02,알제리,펄프  종이 및 종이제품 제조업,4
2025-02,알제리,화학물질 및 화학제품 제조업; 의약품 제외,5
2025-02,에스토니아,개인 및 소비용품 수리업,2
2025-02,에스토니아,금속가공제품 제조업; 기계 및 가구 제외,2
2025-02,에스토니아,기타 기계 및 장비 제조업,2
2025-02,에스토니아,도매 및 상품 중개업,2
2025-02,에스토니아,산업용 기계 및 장비 수리업,2
2025-02,에스토니아,섬유제품 제조업; 의복제외,2
2025-02,에스토니아,소매업; 자동차 제외,3
2025-02,에스토니아,임대업; 부동산 제외,2
2025-02,에스토니아,자동차 및 부품 판매업,2
2025-02,에스토니아,전기장비 제조업,2
2025-02,에스토니아,전자부품  컴퓨터  영상  음향 및 통신장비 제조업,2
2025-02,에스토니아,화학물질 및 화학제품 제조업; 의약품 제외,2
2025-02,에콰도르,1차 금속 제조업,4
2025-02,에콰도르,가구 제조업,5
2025-02,에콰도르,고무 및 플라스틱제품 제조업,4
2025-02,에콰도르,금속가공제품 제조업; 기계 및 가구 제외,4
2025-02,에콰도르,도매 및 상품 중개업,4
2025-02,에콰도르,섬유제품 제조업; 의복제외,4
2025-02,에콰도르,소매업; 자동차 제외,4
2025-02,에콰도르,식료품 제조업,4
2025-02,에콰도르,어업,4
2025-02,에콰도르,의료용 물질 및 의약품 제조업,4
2025-02,에콰도르,자동차 및 부품 판매업,4
2025-02,에콰도르,자동차 및 트레일러 제조업,4
2025-02,에콰도르,전기장비 제조업,4
2025-02,에콰도르,펄프  종이 및 종이제품 제조업,4
2025-02,에콰도르,화학물질 및 화학제품 제조업; 의약품 제외,4
2025-02,에티오피아,도매 및 상품 중개업,5
2025-02,엘살바도르,1차 금속 제조업,4
2025-02,엘살바도르,고무 및 플라스틱제품 제조업,4
2025-02,엘살바도르,도매 및 상품 중개업,4
2025-02,엘살바도르,섬유제품 제조업; 의복제외,4
2025-02,엘살바도르,소매업; 자동차 제외,4
2025-02,엘살바도르,우편 및 통신업,4
2025-02,엘살바도르,자동차 및 부품 판매업,5
2025-02,엘살바도르,화학물질 및 화학제품 제조업; 의약품 제외,4
2025-02,영국,1차 금속 제조업,2
2025-02,영국,개인 및 소비용품 수리업,3
2025-02,영국,고무 및 플라스틱제품 제조업,2
2025-02,영국,금속가공제품 제조업; 기계 및 가구 제외,2
2025-02,영국,금융업,2
2025-02,영국,기타 개인 서비스업,2
2025-02,영국,기타 기계 및 장비 제조업,2
2025-02,영국,기타 운송장비 제조업,2
2025-02,영국,기타 전문  과학 및 기술 서비스업,2
2025-02,영국,기타 제품 제조업,2
2025-02,영국,도매 및 상품 중개업,2
2025-02,영국,비금속 광물제품 제조업,2
2025-02,영국,사업지원 서비스업,2
2025-02,영국,산업용 기계 및 장비 수리업,2
2025-02,영국,섬유제품 제조업; 의복제외,2
2025-02,영국,소매업; 자동차 제외,2
2025-02,영국,수상 운송업,2
2025-02,영국,스포츠 및 오락관련 서비스업,2
2025-02,영국,식료품 제조업,2
2025-02,영국,우편 및 통신업,2
2025-02,영국,의료  정밀  광학기기 및 시계 제조업,2
2025-02,영국,의료용 물질 및 의약품 제조업,2
2025-02,영국,의복  의복 액세서리 및 모피제품 제조업,2
2025-02,영국,인쇄 및 기록매체 복제업,2
2025-02,영국,자동차 및 부품 판매업,2
2025-02,영국,자동차 및 트레일러 제조업,2
2025-02,영국,전기  가스  증기 및 공기조절 공급업,2
2025-02,영국,전기장비 제조업,2
2025-02,영국,전문 서비스업,3
2025-02,영국,전문직별 공사업,2
2025-02,영국,전자부품  컴퓨터  영상  음향 및 통신장비 제조업,2
2025-02,영국,종합 건설업,2
2025-02,영국,창고 및 운송관련 서비스업,2
2025-02,영국,출판업,2
2025-02,영국,컴퓨터 프로그래밍  시스템 통합 및 관리업,2
2025-02,영국,코크스  연탄 및 석유정제품 제조업,2
2025-02,영국,펄프  종이 및 종이제품 제조업,2
2025-02,영국,화학물질 및 화학제품 제조업; 의약품 제외,2
2025-02,영국령 버진군도,금융 및 보험 관련 서비스업,4
2025-02,영국령 버진군도,금융업,4
2025-02,오만,1차 금속 제조업,3
2025-02,오만,가구 제조업,5
2025-02,오만,건축기술  엔지니어링 및 기타 과학기술 서비스업,2
2025-02,오만,고무 및 플라스틱제품 제조업,3
2025-02,오만,도매 및 상품 중개업,3
2025-02,오만,식료품 제조업,3
2025-02,오만,자동차 및 부품 판매업,3
2025-02,오만,종합 건설업,3
2025-02,오만,컴퓨터 프로그래밍  시스템 통합 및 관리업,4
2025-02,오만,화학물질 및 화학제품 제조업; 의약품 제외,3
2025-02,오스트리아,가구 제조업,1
2025-02,오스트리아,고무 및 플라스틱제품 제조업,1
2025-02,오스트리아,기타 기계 및 장비 제조업,1
2025-02,오스트리아,기타 제품 제조업,1
2025-02,오스트리아,도매 및 상품 중개업,1
2025-02,오스트리아,비금속 광물제품 제조업,2
2025-02,오스트리아,산업용 기계 및 장비 수리업,1
2025-02,오스트리아,섬유제품 제조업; 의복제외,1
2025-02,오스트리아,식료품 제조업,1
2025-02,오스트리아,음료 제조업,1
2025-02,오스트리아,의료  정밀  광학기기 및 시계 제조업,1
2025-02,오스트리아,자동차 및 부품 판매업,1
2025-02,오스트리아,자동차 및 트레일러 제조업,2
2025-02,오스트리아,전기장비 제조업,2
2025-02,오스트리아,전문직별 공사업,1
2025-02,오스트리아,펄프  종이 및 종이제품 제조업,1
2025-02,오스트리아,화학물질 및 화학제품 제조업; 의약품 제외,1
2025-02,온두라스,1차 금속 제조업,5
2025-02,온두라스,건축기술  엔지니어링 및 기타 과학기술 서비스업,4
2025-02,온두라스,고무 및 플라스틱제품 제조업,4
2025-02,온두라스,금속가공제품 제조업; 기계 및 가구 제외,5
2025-02,온두라스,농업,4
2025-02,온두라스,도매 및 상품 중개업,4
2025-02,온두라스,섬유제품 제조업; 의복제외,4
2025-02,온두라스,소매업; 자동차 제외,4
2025-02,온두라스,식료품 제조업,4
2025-02,온두라스,자동차 및 부품 판매업,5
2025-02,온두라스,화학물질 및 화학제품 제조업; 의약품 제외,5
2025-02,요르단,가구 제조업,3
2025-02,요르단,고무 및 플라스틱제품 제조업,3
2025-02,요르단,금속가공제품 제조업; 기계 및 가구 제외,3
2025-02,요르단,금융업,3
2025-02,요르단,기타 기계 및 장비 제조업,3
2025-02,요르단,농업,3
2025-02,요르단,도매 및 상품 중개업,4
2025-02,요르단,비금속 광물제품 제조업,3
2025-02,요르단,소매업; 자동차 제외,3
2025-02,요르단,식료품 제조업,3
2025-02,요르단,의료용 물질 및 의약품 제조업,3
2025-02,요르단,자동차 및 부품 판매업,3
2025-02,요르단,전기장비 제조업,3
2025-02,요르단,펄프  종이 및 종이제품 제조업,5
2025-02,요르단,협회 및 단체,3
2025-02,요르단,화학물질 및 화학제품 제조업; 의약품 제외,3
2025-02,우간다,1차 금속 제조업,5
2025-02,우간다,가구 제조업,5
2025-02,우간다,도매 및 상품 중개업,5
2025-02,우루과이,도매 및 상품 중개업,4
2025-02,우루과이,음료 제조업,4
2025-02,우루과이,의료용 물질 및 의약품 제조업,4
2025-02,우루과이,자동차 및 부품 판매업,4
2025-02,우루과이,자동차 및 트레일러 제조업,4
2025-02,우루과이,전문직별 공사업,4
2025-02,우루과이,컴퓨터 프로그래밍  시스템 통합 및 관리업,4
2025-02,우루과이,펄프  종이 및 종이제품 제조업,4
2025-02,우루과이,화학물질 및 화학제품 제조업; 의약품 제외,4
2025-02,우즈베키스탄,1차 금속 제조업,4
2025-02,우즈베키스탄,고무 및 플라스틱제품 제조업,5
2025-02,우즈베키스탄,도매 및 상품 중개업,5
2025-02,우즈베키스탄,소매업; 자동차 제외,4
2025-02,우즈베키스탄,음식점 및 주점업,4
2025-02,우즈베키스탄,의료용 물질 및 의약품 제조업,4
2025-02,우즈베키스탄,자동차 및 부품 판매업,4
2025-02,우즈베키스탄,자동차 및 트레일러 제조업,5
2025-02,우즈베키스탄,전기장비 제조업,5
2025-02,우즈베키스탄,펄프  종이 및 종이제품 제조업,4
2025-02,우크라이나,고무 및 플라스틱제품 제조업,4
2025-02,우크라이나,도매 및 상품 중개업,5
2025-02,우크라이나,자동차 및 부품 판매업,4
2025-02,우크라이나,전기장비 제조업,4
2025-02,이라크,도매 및 상품 중개업,5
2025-02,이라크,자동차 및 부품 판매업,5
2025-02,이스라엘,1차 금속 제조업,3
2025-02,이스라엘,고무 및 플라스틱제품 제조업,3
2025-02,이스라엘,금속가공제품 제조업; 기계 및 가구 제외,3
2025-02,이스라엘,금융업,3
2025-02,이스라엘,기타 기계 및 장비 제조업,3
2025-02,이스라엘,도매 및 상품 중개업,3
2025-02,이스라엘,비금속 광물제품 제조업,3
2025-02,이스라엘,산업용 기계 및 장비 수리업,3
2025-02,이스라엘,섬유제품 제조업; 의복제외,3
2025-02,이스라엘,소매업; 자동차 제외,3
2025-02,이스라엘,식료품 제조업,3
2025-02,이스라엘,우편 및 통신업,3
2025-02,이스라엘,의료  정밀  광학기기 및 시계 제조업,3
2025-02,이스라엘,의료용 물질 및 의약품 제조업,3
2025-02,이스라엘,의복  의복 액세서리 및 모피제품 제조업,3
2025-02,이스라엘,자동차 및 부품 판매업,3
2025-02,이스라엘,전기장비 제조업,3
2025-02,이스라엘,전문직별 공사업,3
2025-02,이스라엘,전자부품  컴퓨터  영상  음향 및 통신장비 제조업,3
2025-02,이스라엘,컴퓨터 프로그래밍  시스템 통합 및 관리업,3
2025-02,이스라엘,펄프  종이 및 종이제품 제조업,3
2025-02,이스라엘,화학물질 및 화학제품 제조업; 의약품 제외,3
2025-02,이집트,1차 금속 제조업,4
2025-02,이집트,가구 제조업,5
2025-02,이집트,고무 및 플라스틱제품 제조업,4
2025-02,이집트,금속가공제품 제조업; 기계 및 가구 제외,5
2025-02,이집트,기타 기계 및 장비 제조업,4
2025-02,이집트,도매 및 상품 중개업,5
2025-02,이집트,부동산업,4
2025-02,이집트,비금속 광물제품 제조업,4
2025-02,이집트,사업지원 서비스업,4
2025-02,이집트,섬유제품 제조업; 의복제외,4
2025-02,이집트,소매업; 자동차 제외,4
2025-02,이집트,식료품 제조업,4
2025-02,이집트,우편 및 통신업,4
2025-02,이집트,의료  정밀  광학기기 및 시계 제조업,4
2025-02,이집트,의료용 물질 및 의약품 제조업,4
2025-02,이집트,의복  의복 액세서리 및 모피제품 제조업,4
2025-02,이집트,자동차 및 부품 판매업,5
2025-02,이집트,자동차 및 트레일러 제조업,4
2025-02,이집트,전기장비 제조업,5
2025-02,이집트,전문직별 공사업,4
2025-02,이집트,전자부품  컴퓨터  영상  음향 및 통신장비 제조업,4
2025-02,이집트,출판업,4
2025-02,이집트,코크스  연탄 및 석유정제품 제조업,4
2025-02,이집트,펄프  종이 및 종이제품 제조업,5
2025-02,이집트,화학물질 및 화학제품 제조업; 의약품 제외,5
2025-02,이탈리아,1차 금속 제조업,3
2025-02,이탈리아,가구 제조업,2
2025-02,이탈리아,가죽  가방 및 신발 제조업,2
2025-02,이탈리아,개인 및 소비용품 수리업,2
2025-02,이탈리아,고무 및 플라스틱제품 제조업,2
2025-02,이탈리아,금속가공제품 제조업; 기계 및 가구 제외,2
2025-02,이탈리아,금융업,2
2025-02,이탈리아,기타 기계 및 장비 제조업,2
2025-02,이탈리아,기타 운송장비 제조업,2
2025-02,이탈리아,기타 제품 제조업,3
2025-02,이탈리아,농업,2
2025-02,이탈리아,도매 및 상품 중개업,2
2025-02,이탈리아,비금속 광물제품 제조업,2
2025-02,이탈리아,산업용 기계 및 장비 수리업,2
2025-02,이탈리아,섬유제품 제조업; 의복제외,2
2025-02,이탈리아,소매업; 자동차 제외,3
2025-02,이탈리아,수상 운송업,2
2025-02,이탈리아,식료품 제조업,2
2025-02,이탈리아,우편 및 통신업,2
2025-02,이탈리아,음료 제조업,2
2025-02,이탈리아,의료  정밀  광학기기 및 시계 제조업,2
2025-02,이탈리아,의료용 물질 및 의약품 제조업,2
2025-02,이탈리아,의복  의복 액세서리 및 모피제품 제조업,2
2025-02,이탈리아,인쇄 및 기록매체 복제업,2
2025-02,이탈리아,임대업; 부동산 제외,4
2025-02,이탈리아,자동차 및 부품 판매업,2
2025-02,이탈리아,자동차 및 트레일러 제조업,2
2025-02,이탈리아,전기  가스  증기 및 공기조절 공급업,2
2025-02,이탈리아,전기장비 제조업,2
2025-02,이탈리아,전문 서비스업,2
2025-02,이탈리아,전문직별 공사업,2
2025-02,이탈리아,전자부품  컴퓨터  영상  음향 및 통신장비 제조업,2
2025-02,이탈리아,종합 건설업,2
2025-02,이탈리아,창고 및 운송관련 서비스업,2
2025-02,이탈리아,출판업,2
2025-02,이탈리아,컴퓨터 프로그래밍  시스템 통합 및 관리업,2
2025-02,이탈리아,코크스  연탄 및 석유정제품 제조업,2
2025-02,이탈리아,펄프  종이 및 종이제품 제조업,2
2025-02,이탈리아,화학물질 및 화학제품 제조업; 의약품 제외,2
2025-02,인도,1차 금속 제조업,4
2025-02,인도,가구 제조업,4
2025-02,인도,가죽  가방 및 신발 제조업,4
2025-02,인도,개인 및 소비용품 수리업,4
2025-02,인도,건축기술  엔지니어링 및 기타 과학기술 서비스업,4
2025-02,인도,고무 및 플라스틱제품 제조업,4
2025-02,인도,교육 서비스업,4
2025-02,인도,금속가공제품 제조업; 기계 및 가구 제외,4
2025-02,인도,금융 및 보험 관련 서비스업,4
2025-02,인도,기타 개인 서비스업,4
2025-02,인도,기타 기계 및 장비 제조업,4
2025-02,인도,기타 운송장비 제조업,4
2025-02,인도,기타 제품 제조업,4
2025-02,인도,농업,4
2025-02,인도,도매 및 상품 중개업,4
2025-02,인도,방송업,4
2025-02,인도,보건업,4
2025-02,인도,부동산업,4
2025-02,인도,비금속 광물제품 제조업,4
2025-02,인도,섬유제품 제조업; 의복제외,4
2025-02,인도,소매업; 자동차 제외,4
2025-02,인도,수상 운송업,4
2025-02,인도,숙박업,4
2025-02,인도,식료품 제조업,4
2025-02,인도,우편 및 통신업,4
2025-02,인도,음료 제조업,4
2025-02,인도,의료  정밀  광학기기 및 시계 제조업,4
2025-02,인도,의료용 물질 및 의약품 제조업,4
2025-02,인도,의복  의복 액세서리 및 모피제품 제조업,4
2025-02,인도,인쇄 및 기록매체 복제업,4
2025-02,인도,자동차 및 부품 판매업,4
2025-02,인도,자동차 및 트레일러 제조업,4
2025-02,인도,전기장비 제조업,4
2025-02,인도,전문직별 공사업,4
2025-02,인도,전자부품  컴퓨터  영상  음향 및 통신장비 제조업,4
2025-02,인도,종합 건설업,4
2025-02,인도,창고 및 운송관련 서비스업,4
2025-02,인도,출판업,4
2025-02,인도,컴퓨터 프로그래밍  시스템 통합 및 관리업,5
2025-02,인도,코크스  연탄 및 석유정제품 제조업,4
2025-02,인도,펄프  종이 및 종이제품 제조업,4
2025-02,인도,화학물질 및 화학제품 제조업; 의약품 제외,4
2025-02,인도네시아,1차 금속 제조업,4
2025-02,인도네시아,가죽  가방 및 신발 제조업,3
2025-02,인도네시아,건축기술  엔지니어링 및 기타 과학기술 서비스업,3
2025-02,인도네시아,고무 및 플라스틱제품 제조업,4
2025-02,인도네시아,금속 광업,4
2025-02,인도네시아,금속가공제품 제조업; 기계 및 가구 제외,4
2025-02,인도네시아,기타 기계 및 장비 제조업,3
2025-02,인도네시아,담배 제조업,3
2025-02,인도네시아,도매 및 상품 중개업,4
2025-02,인도네시아,비금속 광물제품 제조업,4
2025-02,인도네시아,사업시설 관리 및 조경 서비스업,3
2025-02,인도네시아,석탄  원유 및 천연가스 광업,4
2025-02,인도네시아,섬유제품 제조업; 의복제외,3
2025-02,인도네시아,소매업; 자동차 제외,3
2025-02,인도네시아,식료품 제조업,4
2025-02,인도네시아,음료 제조업,3
2025-02,인도네시아,의료용 물질 및 의약품 제조업,3
2025-02,인도네시아,의복  의복 액세서리 및 모피제품 제조업,4
2025-02,인도네시아,인쇄 및 기록매체 복제업,4
2025-02,인도네시아,임대업; 부동산 제외,4
2025-02,인도네시아,자동차 및 부품 판매업,3
2025-02,인도네시아,자동차 및 트레일러 제조업,4
2025-02,인도네시아,전기장비 제조업,3
2025-02,인도네시아,전문직별 공사업,4
2025-02,인도네시아,전자부품  컴퓨터  영상  음향 및 통신장비 제조업,4
2025-02,인도네시아,종합 건설업,4
2025-02,인도네시아,창고 및 운송관련 서비스업,3
2025-02,인도네시아,펄프  종이 및 종이제품 제조업,3
2025-02,인도네시아,화학물질 및 화학제품 제조업; 의약품 제외,4
2025-02,일본,1차 금속 제조업,2
2025-02,일본,가죽  가방 및 신발 제조업,2
2025-02,일본,개인 및 소비용품 수리업,2
2025-02,일본,건축기술  엔지니어링 및 기타 과학기술 서비스업,2
2025-02,일본,고무 및 플라스틱제품 제조업,2
2025-02,일본,금속가공제품 제조업; 기계 및 가구 제외,2
2025-02,일본,금융업,2
2025-02,일본,기타 개인 서비스업,2
2025-02,일본,기타 기계 및 장비 제조업,2
2025-02,일본,기타 운송장비 제조업,2
2025-02,일본,기타 제품 제조업,2
2025-02,일본,농업,2
2025-02,일본,도매 및 상품 중개업,2
2025-02,일본,부동산업,2
2025-02,일본,비금속 광물제품 제조업,2
2025-02,일본,사업지원 서비스업,2
2025-02,일본,섬유제품 제조업; 의복제외,2
2025-02,일본,소매업; 자동차 제외,2
2025-02,일본,수상 운송업,2
2025-02,일본,식료품 제조업,2
2025-02,일본,우편 및 통신업,2
2025-02,일본,육상운송 및 파이프라인 운송업,2
2025-02,일본,음료 제조업,2
2025-02,일본,의료  정밀  광학기기 및 시계 제조업,2
2025-02,일본,의료용 물질 및 의약품 제조업,2
2025-02,일본,의복  의복 액세서리 및 모피제품 제조업,2
2025-02,일본,인쇄 및 기록매체 복제업,2
2025-02,일본,자동차 및 부품 판매업,2
2025-02,일본,자동차 및 트레일러 제조업,2
2025-02,일본,전기  가스  증기 및 공기조절 공급업,2
2025-02,일본,전기장비 제조업,2
2025-02,일본,전문 서비스업,2
2025-02,일본,전문직별 공사업,2
2025-02,일본,전자부품  컴퓨터  영상  음향 및 통신장비 제조업,2
2025-02,일본,종합 건설업,2
2025-02,일본,창고 및 운송관련 서비스업,2
2025-02,일본,출판업,2
2025-02,일본,코크스  연탄 및 석유정제품 제조업,2
2025-02,일본,펄프  종이 및 종이제품 제조업,2
2025-02,일본,협회 및 단체,2
2025-02,일본,화학물질 및 화학제품 제조업; 의약품 제외,2
2025-02,자메이카,도매 및 상품 중개업,5
2025-02,자메이카,소매업; 자동차 제외,4
2025-02,자메이카,자동차 및 부품 판매업,4
2025-02,조지아,고무 및 플라스틱제품 제조업,4
2025-02,조지아,도매 및 상품 중개업,4
2025-02,조지아,소매업; 자동차 제외,4
2025-02,조지아,자동차 및 부품 판매업,4
2025-02,조지아,전문직별 공사업,4
2025-02,조지아,출판업,4
2025-02,중국,1차 금속 제조업,4
2025-02,중국,가구 제조업,4
2025-02,중국,가죽  가방 및 신발 제조업,4
2025-02,중국,개인 및 소비용품 수리업,4
2025-02,중국,건축기술  엔지니어링 및 기타 과학기술 서비스업,4
2025-02,중국,고무 및 플라스틱제품 제조업,4
2025-02,중국,공공행정  국방 및 사회보장 행정,4
2025-02,중국,교육 서비스업,4
2025-02,중국,금속가공제품 제조업; 기계 및 가구 제외,4
2025-02,중국,금융업,4
2025-02,중국,기타 기계 및 장비 제조업,4
2025-02,중국,기타 운송장비 제조업,4
2025-02,중국,기타 전문  과학 및 기술 서비스업,4
2025-02,중국,기타 제품 제조업,4
2025-02,중국,담배 제조업,4
2025-02,중국,도매 및 상품 중개업,4
2025-02,중국,보건업,4
2025-02,중국,부동산업,4
2025-02,중국,비금속 광물제품 제조업,4
2025-02,중국,사업시설 관리 및 조경 서비스업,4
2025-02,중국,산업용 기계 및 장비 수리업,4
2025-02,중국,석탄  원유 및 천연가스 광업,4
2025-02,중국,섬유제품 제조업; 의복제외,4
2025-02,중국,소매업; 자동차 제외,4
2025-02,중국,수상 운송업,4
2025-02,중국,숙박업,4
2025-02,중국,스포츠 및 오락관련 서비스업,4
2025-02,중국,식료품 제조업,4
2025-02,중국,연구개발업,4
2025-02,중국,영상ㆍ오디오 기록물 제작 및 배급업,4
2025-02,중국,우편 및 통신업,4
2025-02,중국,육상운송 및 파이프라인 운송업,4
2025-02,중국,음료 제조업,4
2025-02,중국,의료  정밀  광학기기 및 시계 제조업,4
2025-02,중국,의료용 물질 및 의약품 제조업,4
2025-02,중국,의복  의복 액세서리 및 모피제품 제조업,4
2025-02,중국,인쇄 및 기록매체 복제업,4
2025-02,중국,자동차 및 부품 판매업,4
2025-02,중국,자동차 및 트레일러 제조업,4
2025-02,중국,전기  가스  증기 및 공기조절 공급업,4
2025-02,중국,전기장비 제조업,4
2025-02,중국,전문 서비스업,4
2025-02,중국,전문직별 공사업,4
2025-02,중국,전자부품  컴퓨터  영상  음향 및 통신장비 제조업,4
2025-02,중국,정보서비스업,4
2025-02,중국,종합 건설업,4
2025-02,중국,창고 및 운송관련 서비스업,4
2025-02,중국,출판업,4
2025-02,중국,컴퓨터 프로그래밍  시스템 통합 및 관리업,4
2025-02,중국,코크스  연탄 및 석유정제품 제조업,4
2025-02,중국,펄프  종이 및 종이제품 제조업,4
2025-02,중국,항공 운송업,4
2025-02,중국,화학물질 및 화학제품 제조업; 의약품 제외,4
2025-02,지부티,도매 및 상품 중개업,5
2025-02,지부티,자동차 및 부품 판매업,5
2025-02,체코,1차 금속 제조업,2
2025-02,체코,고무 및 플라스틱제품 제조업,2
2025-02,체코,금속가공제품 제조업; 기계 및 가구 제외,2
2025-02,체코,기타 기계 및 장비 제조업,2
2025-02,체코,도매 및 상품 중개업,2
2025-02,체코,비금속 광물제품 제조업,2
2025-02,체코,비금속광물 광업; 연료용 제외,2
2025-02,체코,섬유제품 제조업; 의복제외,2
2025-02,체코,소매업; 자동차 제외,2
2025-02,체코,식료품 제조업,2
2025-02,체코,의료용 물질 및 의약품 제조업,2
2025-02,체코,의복  의복 액세서리 및 모피제품 제조업,2
2025-02,체코,인쇄 및 기록매체 복제업,2
2025-02,체코,자동차 및 부품 판매업,2
2025-02,체코,자동차 및 트레일러 제조업,2
2025-02,체코,전기장비 제조업,2
2025-02,체코,전문 서비스업,2
2025-02,체코,전자부품  컴퓨터  영상  음향 및 통신장비 제조업,2
2025-02,체코,화학물질 및 화학제품 제조업; 의약품 제외,2
2025-02,칠레,1차 금속 제조업,5
2025-02,칠레,가구 제조업,3
2025-02,칠레,개인 및 소비용품 수리업,3
2025-02,칠레,고무 및 플라스틱제품 제조업,4
2025-02,칠레,금속 광업,5
2025-02,칠레,금속가공제품 제조업; 기계 및 가구 제외,3
2025-02,칠레,기타 기계 및 장비 제조업,3
2025-02,칠레,농업,3
2025-02,칠레,도매 및 상품 중개업,3
2025-02,칠레,비금속 광물제품 제조업,3
2025-02,칠레,사업지원 서비스업,3
2025-02,칠레,섬유제품 제조업; 의복제외,3
2025-02,칠레,소매업; 자동차 제외,3
2025-02,칠레,식료품 제조업,3
2025-02,칠레,의료  정밀  광학기기 및 시계 제조업,3
2025-02,칠레,자동차 및 부품 판매업,3
2025-02,칠레,전기장비 제조업,3
2025-02,칠레,전문직별 공사업,3
2025-02,칠레,컴퓨터 프로그래밍  시스템 통합 및 관리업,3
2025-02,칠레,펄프  종이 및 종이제품 제조업,4
2025-02,칠레,화학물질 및 화학제품 제조업; 의약품 제외,3
2025-02,카메룬,금융업,5
2025-02,카보베르데,도매 및 상품 중개업,5
2025-02,카자흐스탄,고무 및 플라스틱제품 제조업,4
2025-02,카자흐스탄,금속 광업,5
2025-02,카자흐스탄,금속가공제품 제조업; 기계 및 가구 제외,4
2025-02,카자흐스탄,기타 기계 및 장비 제조업,4
2025-02,카자흐스탄,도매 및 상품 중개업,4
2025-02,카자흐스탄,비금속 광물제품 제조업,4
2025-02,카자흐스탄,소매업; 자동차 제외,4
2025-02,카자흐스탄,음료 제조업,4
2025-02,카자흐스탄,자동차 및 부품 판매업,4
2025-02,카자흐스탄,자동차 및 트레일러 제조업,4
2025-02,카자흐스탄,전자부품  컴퓨터  영상  음향 및 통신장비 제조업,4
2025-02,카자흐스탄,컴퓨터 프로그래밍  시스템 통합 및 관리업,4
2025-02,카타르,건축기술  엔지니어링 및 기타 과학기술 서비스업,4
2025-02,카타르,고무 및 플라스틱제품 제조업,2
2025-02,카타르,금속가공제품 제조업; 기계 및 가구 제외,3
2025-02,카타르,도매 및 상품 중개업,3
2025-02,카타르,석탄  원유 및 천연가스 광업,2
2025-02,카타르,소매업; 자동차 제외,2
2025-02,카타르,수상 운송업,2
2025-02,카타르,임대업; 부동산 제외,2
2025-02,카타르,자동차 및 부품 판매업,2
2025-02,카타르,전기장비 제조업,2
2025-02,카타르,전자부품  컴퓨터  영상  음향 및 통신장비 제조업,2
2025-02,카타르,종합 건설업,5
2025-02,카타르,화학물질 및 화학제품 제조업; 의약품 제외,2
2025-02,캄보디아,고무 및 플라스틱제품 제조업,5
2025-02,캄보디아,도매 및 상품 중개업,5
2025-02,캄보디아,소매업; 자동차 제외,5
2025-02,캄보디아,식료품 제조업,5
2025-02,캄보디아,의료용 물질 및 의약품 제조업,5
2025-02,캄보디아,자동차 및 부품 판매업,5
2025-02,캄보디아,자동차 및 트레일러 제조업,5
2025-02,캄보디아,전기장비 제조업,5
2025-02,캄보디아,전문직별 공사업,5
2025-02,캐나다,1차 금속 제조업,2
2025-02,캐나다,개인 및 소비용품 수리업,2
2025-02,캐나다,건축기술  엔지니어링 및 기타 과학기술 서비스업,2
2025-02,캐나다,고무 및 플라스틱제품 제조업,2
2025-02,캐나다,금속가공제품 제조업; 기계 및 가구 제외,2
2025-02,캐나다,금융업,2
2025-02,캐나다,기타 기계 및 장비 제조업,2
2025-02,캐나다,기타 운송장비 제조업,2
2025-02,캐나다,기타 제품 제조업,2
2025-02,캐나다,도매 및 상품 중개업,2
2025-02,캐나다,목재 및 나무제품 제조업; 가구 제외,2
2025-02,캐나다,보건업,2
2025-02,캐나다,비금속 광물제품 제조업,4
2025-02,캐나다,사업지원 서비스업,2
2025-02,캐나다,산업용 기계 및 장비 수리업,2
2025-02,캐나다,섬유제품 제조업; 의복제외,2
2025-02,캐나다,소매업; 자동차 제외,3
2025-02,캐나다,수상 운송업,2
2025-02,캐나다,식료품 제조업,2
2025-02,캐나다,연구개발업,2
2025-02,캐나다,우편 및 통신업,2
2025-02,캐나다,육상운송 및 파이프라인 운송업,5
2025-02,캐나다,의료  정밀  광학기기 및 시계 제조업,2
2025-02,캐나다,의료용 물질 및 의약품 제조업,2
2025-02,캐나다,의복  의복 액세서리 및 모피제품 제조업,2
2025-02,캐나다,인쇄 및 기록매체 복제업,2
2025-02,캐나다,자동차 및 부품 판매업,2
2025-02,캐나다,자동차 및 트레일러 제조업,2
2025-02,캐나다,전기  가스  증기 및 공기조절 공급업,2
2025-02,캐나다,전기장비 제조업,2
2025-02,캐나다,전문 서비스업,2
2025-02,캐나다,전문직별 공사업,2
2025-02,캐나다,전자부품  컴퓨터  영상  음향 및 통신장비 제조업,2
2025-02,캐나다,정보서비스업,2
2025-02,캐나다,종합 건설업,2
2025-02,캐나다,출판업,2
2025-02,캐나다,코크스  연탄 및 석유정제품 제조업,2
2025-02,캐나다,펄프  종이 및 종이제품 제조업,2
2025-02,캐나다,화학물질 및 화학제품 제조업; 의약품 제외,2
2025-02,케냐,1차 금속 제조업,4
2025-02,케냐,가구 제조업,5
2025-02,케냐,가죽  가방 및 신발 제조업,4
2025-02,케냐,고무 및 플라스틱제품 제조업,5
2025-02,케냐,기타 기계 및 장비 제조업,4
2025-02,케냐,도매 및 상품 중개업,4
2025-02,케냐,섬유제품 제조업; 의복제외,5
2025-02,케냐,소매업; 자동차 제외,4
2025-02,케냐,식료품 제조업,4
2025-02,케냐,우편 및 통신업,4
2025-02,케냐,의복  의복 액세서리 및 모피제품 제조업,4
2025-02,케냐,전기장비 제조업,4
2025-02,케냐,출판업,4
2025-02,케냐,화학물질 및 화학제품 제조업; 의약품 제외,5
2025-02,코소보,자동차 및 부품 판매업,4
2025-02,코스타리카,고무 및 플라스틱제품 제조업,4
2025-02,코스타리카,금속가공제품 제조업; 기계 및 가구 제외,4
2025-02,코스타리카,기타 기계 및 장비 제조업,4
2025-02,코스타리카,도매 및 상품 중개업,4
2025-02,코스타리카,소매업; 자동차 제외,4
2025-02,코스타리카,자동차 및 부품 판매업,4
2025-02,코스타리카,전기장비 제조업,4
2025-02,코스타리카,컴퓨터 프로그래밍  시스템 통합 및 관리업,4
2025-02,코스타리카,화학물질 및 화학제품 제조업; 의약품 제외,4
2025-02,코트디부아르,고무 및 플라스틱제품 제조업,4
2025-02,코트디부아르,금속 광업,4
2025-02,코트디부아르,금속가공제품 제조업; 기계 및 가구 제외,4
2025-02,코트디부아르,도매 및 상품 중개업,5
2025-02,코트디부아르,식료품 제조업,4
2025-02,코트디부아르,화학물질 및 화학제품 제조업; 의약품 제외,4
2025-02,콜롬비아,1차 금속 제조업,5
2025-02,콜롬비아,가구 제조업,4
2025-02,콜롬비아,개인 및 소비용품 수리업,4
2025-02,콜롬비아,건축기술  엔지니어링 및 기타 과학기술 서비스업,4
2025-02,콜롬비아,고무 및 플라스틱제품 제조업,4
2025-02,콜롬비아,금속 광업,4
2025-02,콜롬비아,금속가공제품 제조업; 기계 및 가구 제외,4
2025-02,콜롬비아,기타 기계 및 장비 제조업,4
2025-02,콜롬비아,기타 운송장비 제조업,4
2025-02,콜롬비아,기타 제품 제조업,4
2025-02,콜롬비아,농업,4
2025-02,콜롬비아,도매 및 상품 중개업,4
2025-02,콜롬비아,비금속 광물제품 제조업,4
2025-02,콜롬비아,산업용 기계 및 장비 수리업,5
2025-02,콜롬비아,섬유제품 제조업; 의복제외,4
2025-02,콜롬비아,소매업; 자동차 제외,4
2025-02,콜롬비아,식료품 제조업,4
2025-02,콜롬비아,육상운송 및 파이프라인 운송업,4
2025-02,콜롬비아,의료용 물질 및 의약품 제조업,4
2025-02,콜롬비아,의복  의복 액세서리 및 모피제품 제조업,4
2025-02,콜롬비아,인쇄 및 기록매체 복제업,4
2025-02,콜롬비아,자동차 및 부품 판매업,4
2025-02,콜롬비아,자동차 및 트레일러 제조업,4
2025-02,콜롬비아,전기장비 제조업,4
2025-02,콜롬비아,종합 건설업,5
2025-02,콜롬비아,출판업,4
2025-02,콜롬비아,펄프  종이 및 종이제품 제조업,4
2025-02,콜롬비아,화학물질 및 화학제품 제조업; 의약품 제외,4
2025-02,콩고,도매 및 상품 중개업,5
2025-02,콩고민주공화국,도매 및 상품 중개업,5
2025-02,콩고민주공화국,소매업; 자동차 제외,5
2025-02,쿠웨이트,가구 제조업,3
2025-02,쿠웨이트,금속가공제품 제조업; 기계 및 가구 제외,3
2025-02,쿠웨이트,기타 기계 및 장비 제조업,3
2025-02,쿠웨이트,도매 및 상품 중개업,3
2025-02,쿠웨이트,사업지원 서비스업,3
2025-02,쿠웨이트,소매업; 자동차 제외,3
2025-02,쿠웨이트,수도업,3
2025-02,쿠웨이트,자동차 및 부품 판매업,3
2025-02,쿠웨이트,자동차 및 트레일러 제조업,3
2025-02,쿠웨이트,전기장비 제조업,3
2025-02,쿠웨이트,창고 및 운송관련 서비스업,3
2025-02,쿠웨이트,출판업,3
2025-02,쿠웨이트,펄프  종이 및 종이제품 제조업,3
2025-02,쿠웨이트,화학물질 및 화학제품 제조업; 의약품 제외,3
2025-02,크로아티아,개인 및 소비용품 수리업,3
2025-02,크로아티아,고무 및 플라스틱제품 제조업,3
2025-02,크로아티아,금속가공제품 제조업; 기계 및 가구 제외,3
2025-02,크로아티아,도매 및 상품 중개업,3
2025-02,크로아티아,섬유제품 제조업; 의복제외,3
2025-02,크로아티아,자동차 및 부품 판매업,3
2025-02,크로아티아,전기장비 제조업,3
2025-02,크로아티아,컴퓨터 프로그래밍  시스템 통합 및 관리업,3
2025-02,크로아티아,펄프  종이 및 종이제품 제조업,3
2025-02,크로아티아,화학물질 및 화학제품 제조업; 의약품 제외,3
2025-02,키르기즈공화국,도매 및 상품 중개업,5
2025-02,키르기즈공화국,자동차 및 부품 판매업,5
2025-02,타지키스탄,가구 제조업,5
2025-02,타지키스탄,고무 및 플라스틱제품 제조업,5
2025-02,타지키스탄,도매 및 상품 중개업,5
2025-02,탄자니아,1차 금속 제조업,5
2025-02,탄자니아,가구 제조업,5
2025-02,탄자니아,고무 및 플라스틱제품 제조업,5
2025-02,탄자니아,도매 및 상품 중개업,5
2025-02,탄자니아,섬유제품 제조업; 의복제외,5
2025-02,탄자니아,소매업; 자동차 제외,5
2025-02,탄자니아,자동차 및 부품 판매업,5
2025-02,탄자니아,전기장비 제조업,5
2025-02,탄자니아,전문직별 공사업,5
2025-02,태국,1차 금속 제조업,4
2025-02,태국,가구 제조업,3
2025-02,태국,가죽  가방 및 신발 제조업,3
2025-02,태국,고무 및 플라스틱제품 제조업,3
2025-02,태국,금속가공제품 제조업; 기계 및 가구 제외,4
2025-02,태국,기타 기계 및 장비 제조업,4
2025-02,태국,기타 제품 제조업,3
2025-02,태국,도매 및 상품 중개업,3
2025-02,태국,비금속 광물제품 제조업,3
2025-02,태국,섬유제품 제조업; 의복제외,3
2025-02,태국,소매업; 자동차 제외,3
2025-02,태국,수상 운송업,4
2025-02,태국,식료품 제조업,3
2025-02,태국,의료  정밀  광학기기 및 시계 제조업,3
2025-02,태국,의복  의복 액세서리 및 모피제품 제조업,3
2025-02,태국,인쇄 및 기록매체 복제업,3
2025-02,태국,자동차 및 부품 판매업,3
2025-02,태국,자동차 및 트레일러 제조업,3
2025-02,태국,전기장비 제조업,3
2025-02,태국,전문 서비스업,3
2025-02,태국,전자부품  컴퓨터  영상  음향 및 통신장비 제조업,4
2025-02,태국,종합 건설업,5
2025-02,태국,출판업,3
2025-02,태국,코크스  연탄 및 석유정제품 제조업,3
2025-02,태국,펄프  종이 및 종이제품 제조업,3
2025-02,태국,화학물질 및 화학제품 제조업; 의약품 제외,3
2025-02,토고,가구 제조업,5
2025-02,토고,도매 및 상품 중개업,5
2025-02,투르크메니스탄,공공행정  국방 및 사회보장 행정,5
2025-02,튀니지,가구 제조업,4
2025-02,튀니지,개인 및 소비용품 수리업,4
2025-02,튀니지,고무 및 플라스틱제품 제조업,4
2025-02,튀니지,도매 및 상품 중개업,4
2025-02,튀니지,비금속광물 광업; 연료용 제외,4
2025-02,튀니지,섬유제품 제조업; 의복제외,4
2025-02,튀니지,의료  정밀  광학기기 및 시계 제조업,4
2025-02,튀니지,의료용 물질 및 의약품 제조업,4
2025-02,튀니지,의복  의복 액세서리 및 모피제품 제조업,4
2025-02,튀니지,자동차 및 부품 판매업,5
2025-02,튀니지,자동차 및 트레일러 제조업,4
2025-02,튀니지,전기장비 제조업,4
2025-02,튀니지,전문직별 공사업,4
2025-02,튀니지,전자부품  컴퓨터  영상  음향 및 통신장비 제조업,4
2025-02,튀니지,펄프  종이 및 종이제품 제조업,5
2025-02,튀니지,화학물질 및 화학제품 제조업; 의약품 제외,4
2025-02,튀르키예(구 터키),1차 금속 제조업,5
2025-02,튀르키예(구 터키),가구 제조업,4
2025-02,튀르키예(구 터키),가죽  가방 및 신발 제조업,4
2025-02,튀르키예(구 터키),고무 및 플라스틱제품 제조업,4
2025-02,튀르키예(구 터키),금속가공제품 제조업; 기계 및 가구 제외,4
2025-02,튀르키예(구 터키),기타 기계 및 장비 제조업,4
2025-02,튀르키예(구 터키),기타 운송장비 제조업,5
2025-02,튀르키예(구 터키),기타 제품 제조업,5
2025-02,튀르키예(구 터키),농업,5
2025-02,튀르키예(구 터키),도매 및 상품 중개업,4
2025-02,튀르키예(구 터키),목재 및 나무제품 제조업; 가구 제외,4
2025-02,튀르키예(구 터키),방송업,4
2025-02,튀르키예(구 터키),비금속 광물제품 제조업,4
2025-02,튀르키예(구 터키),사업지원 서비스업,4
2025-02,튀르키예(구 터키),산업용 기계 및 장비 수리업,4
2025-02,튀르키예(구 터키),섬유제품 제조업; 의복제외,4
2025-02,튀르키예(구 터키),소매업; 자동차 제외,4
2025-02,튀르키예(구 터키),식료품 제조업,4
2025-02,튀르키예(구 터키),육상운송 및 파이프라인 운송업,4
2025-02,튀르키예(구 터키),의료  정밀  광학기기 및 시계 제조업,4
2025-02,튀르키예(구 터키),의료용 물질 및 의약품 제조업,4
2025-02,튀르키예(구 터키),의복  의복 액세서리 및 모피제품 제조업,4
2025-02,튀르키예(구 터키),인쇄 및 기록매체 복제업,4
2025-02,튀르키예(구 터키),자동차 및 부품 판매업,4
2025-02,튀르키예(구 터키),자동차 및 트레일러 제조업,4
2025-02,튀르키예(구 터키),전기장비 제조업,4
2025-02,튀르키예(구 터키),전문직별 공사업,5
2025-02,튀르키예(구 터키),전자부품  컴퓨터  영상  음향 및 통신장비 제조업,5
2025-02,튀르키예(구 터키),출판업,4
2025-02,튀르키예(구 터키),컴퓨터 프로그래밍  시스템 통합 및 관리업,4
2025-02,튀르키예(구 터키),코크스  연탄 및 석유정제품 제조업,4
2025-02,튀르키예(구 터키),펄프  종이 및 종이제품 제조업,4
2025-02,튀르키예(구 터키),화학물질 및 화학제품 제조업; 의약품 제외,4
2025-02,트리니다드토바고,금속가공제품 제조업; 기계 및 가구 제외,3
2025-02,트리니다드토바고,도매 및 상품 중개업,3
2025-02,트리니다드토바고,소매업; 자동차 제외,3
2025-02,트리니다드토바고,자동차 및 부품 판매업,3
2025-02,파나마,금속가공제품 제조업; 기계 및 가구 제외,4
2025-02,파나마,금융업,4
2025-02,파나마,도매 및 상품 중개업,4
2025-02,파나마,소매업; 자동차 제외,4
2025-02,파나마,자동차 및 부품 판매업,4
2025-02,파나마,화학물질 및 화학제품 제조업; 의약품 제외,4
2025-02,파라과이,도매 및 상품 중개업,4
2025-02,파라과이,섬유제품 제조업; 의복제외,4
2025-02,파라과이,소매업; 자동차 제외,4
2025-02,파라과이,자동차 및 부품 판매업,5
2025-02,파라과이,전기장비 제조업,4
2025-02,파라과이,화학물질 및 화학제품 제조업; 의약품 제외,4
2025-02,파키스탄,1차 금속 제조업,5
2025-02,파키스탄,가죽  가방 및 신발 제조업,5
2025-02,파키스탄,고무 및 플라스틱제품 제조업,5
2025-02,파키스탄,기타 기계 및 장비 제조업,5
2025-02,파키스탄,기타 제품 제조업,5
2025-02,파키스탄,도매 및 상품 중개업,5
2025-02,파키스탄,사업지원 서비스업,5
2025-02,파키스탄,섬유제품 제조업; 의복제외,5
2025-02,파키스탄,식료품 제조업,5
2025-02,파키스탄,의료  정밀  광학기기 및 시계 제조업,5
2025-02,파키스탄,의료용 물질 및 의약품 제조업,5
2025-02,파키스탄,의복  의복 액세서리 및 모피제품 제조업,5
2025-02,파키스탄,자동차 및 부품 판매업,5
2025-02,파키스탄,자동차 및 트레일러 제조업,5
2025-02,파키스탄,전기장비 제조업,5
2025-02,파키스탄,창고 및 운송관련 서비스업,5
2025-02,파키스탄,펄프  종이 및 종이제품 제조업,5
2025-02,파키스탄,화학물질 및 화학제품 제조업; 의약품 제외,5
2025-02,파푸아뉴기니,금속 광업,4
2025-02,파푸아뉴기니,식료품 제조업,4
2025-02,페루,1차 금속 제조업,4
2025-02,페루,가구 제조업,4
2025-02,페루,고무 및 플라스틱제품 제조업,4
2025-02,페루,광업 지원 서비스업,3
2025-02,페루,금속 광업,3
2025-02,페루,금속가공제품 제조업; 기계 및 가구 제외,4
2025-02,페루,농업,3
2025-02,페루,도매 및 상품 중개업,4
2025-02,페루,보건업,4
2025-02,페루,사업지원 서비스업,4
2025-02,페루,섬유제품 제조업; 의복제외,4
2025-02,페루,소매업; 자동차 제외,4
2025-02,페루,식료품 제조업,3
2025-02,페루,우편 및 통신업,4
2025-02,페루,의료용 물질 및 의약품 제조업,3
2025-02,페루,임대업; 부동산 제외,4
2025-02,페루,자동차 및 부품 판매업,3
2025-02,페루,자동차 및 트레일러 제조업,3
2025-02,페루,전기장비 제조업,3
2025-02,페루,전문직별 공사업,3
2025-02,페루,코크스  연탄 및 석유정제품 제조업,4
2025-02,페루,펄프  종이 및 종이제품 제조업,5
2025-02,페루,화학물질 및 화학제품 제조업; 의약품 제외,3
2025-02,포르투갈,1차 금속 제조업,2
2025-02,포르투갈,개인 및 소비용품 수리업,2
2025-02,포르투갈,고무 및 플라스틱제품 제조업,2
2025-02,포르투갈,금속가공제품 제조업; 기계 및 가구 제외,2
2025-02,포르투갈,금융업,2
2025-02,포르투갈,기타 기계 및 장비 제조업,2
2025-02,포르투갈,도매 및 상품 중개업,2
2025-02,포르투갈,비금속 광물제품 제조업,2
2025-02,포르투갈,산업용 기계 및 장비 수리업,2
2025-02,포르투갈,섬유제품 제조업; 의복제외,2
2025-02,포르투갈,소매업; 자동차 제외,2
2025-02,포르투갈,우편 및 통신업,2
2025-02,포르투갈,의료  정밀  광학기기 및 시계 제조업,2
2025-02,포르투갈,의료용 물질 및 의약품 제조업,2
2025-02,포르투갈,자동차 및 부품 판매업,2
2025-02,포르투갈,자동차 및 트레일러 제조업,2
2025-02,포르투갈,전기장비 제조업,2
2025-02,포르투갈,전문직별 공사업,2
2025-02,포르투갈,전자부품  컴퓨터  영상  음향 및 통신장비 제조업,2
2025-02,포르투갈,컴퓨터 프로그래밍  시스템 통합 및 관리업,2
2025-02,포르투갈,펄프  종이 및 종이제품 제조업,2
2025-02,포르투갈,화학물질 및 화학제품 제조업; 의약품 제외,2
2025-02,폴란드,1차 금속 제조업,4
2025-02,폴란드,개인 및 소비용품 수리업,3
2025-02,폴란드,건축기술  엔지니어링 및 기타 과학기술 서비스업,3
2025-02,폴란드,고무 및 플라스틱제품 제조업,3
2025-02,폴란드,금속가공제품 제조업; 기계 및 가구 제외,3
2025-02,폴란드,금융 및 보험 관련 서비스업,3
2025-02,폴란드,기타 기계 및 장비 제조업,3
2025-02,폴란드,도매 및 상품 중개업,3
2025-02,폴란드,목재 및 나무제품 제조업; 가구 제외,3
2025-02,폴란드,비금속 광물제품 제조업,3
2025-02,폴란드,사업지원 서비스업,3
2025-02,폴란드,산업용 기계 및 장비 수리업,3
2025-02,폴란드,섬유제품 제조업; 의복제외,3
2025-02,폴란드,소매업; 자동차 제외,3
2025-02,폴란드,식료품 제조업,3
2025-02,폴란드,우편 및 통신업,3
2025-02,폴란드,육상운송 및 파이프라인 운송업,3
2025-02,폴란드,의료  정밀  광학기기 및 시계 제조업,3
2025-02,폴란드,의료용 물질 및 의약품 제조업,3
2025-02,폴란드,의복  의복 액세서리 및 모피제품 제조업,3
2025-02,폴란드,자동차 및 부품 판매업,3
2025-02,폴란드,자동차 및 트레일러 제조업,3
2025-02,폴란드,전기장비 제조업,3
2025-02,폴란드,전문 서비스업,3
2025-02,폴란드,전자부품  컴퓨터  영상  음향 및 통신장비 제조업,3
2025-02,폴란드,컴퓨터 프로그래밍  시스템 통합 및 관리업,3
2025-02,폴란드,코크스  연탄 및 석유정제품 제조업,3
2025-02,폴란드,펄프  종이 및 종이제품 제조업,3
2025-02,폴란드,화학물질 및 화학제품 제조업; 의약품 제외,3
2025-02,푸에르토리코,도매 및 상품 중개업,4
2025-02,푸에르토리코,자동차 및 부품 판매업,4
2025-02,프랑스,건축기술  엔지니어링 및 기타 과학기술 서비스업,2
2025-02,프랑스,고무 및 플라스틱제품 제조업,2
2025-02,프랑스,금속가공제품 제조업; 기계 및 가구 제외,2
2025-02,프랑스,금융업,3
2025-02,프랑스,기타 기계 및 장비 제조업,3
2025-02,프랑스,기타 전문  과학 및 기술 서비스업,2
2025-02,프랑스,기타 제품 제조업,2
2025-02,프랑스,도매 및 상품 중개업,2
2025-02,프랑스,목재 및 나무제품 제조업; 가구 제외,2
2025-02,프랑스,부동산업,2
2025-02,프랑스,비금속 광물제품 제조업,2
2025-02,프랑스,비금속광물 광업; 연료용 제외,2
2025-02,프랑스,사업지원 서비스업,2
2025-02,프랑스,산업용 기계 및 장비 수리업,2
2025-02,프랑스,섬유제품 제조업; 의복제외,2
2025-02,프랑스,소매업; 자동차 제외,3
2025-02,프랑스,수상 운송업,2
2025-02,프랑스,연구개발업,2
2025-02,프랑스,의료  정밀  광학기기 및 시계 제조업,2
2025-02,프랑스,의료용 물질 및 의약품 제조업,2
2025-02,프랑스,의복  의복 액세서리 및 모피제품 제조업,2
2025-02,프랑스,자동차 및 부품 판매업,2
2025-02,프랑스,자동차 및 트레일러 제조업,2
2025-02,프랑스,전기장비 제조업,2
2025-02,프랑스,전문 서비스업,2
2025-02,프랑스,전문직별 공사업,2
2025-02,프랑스,전자부품  컴퓨터  영상  음향 및 통신장비 제조업,2
2025-02,프랑스,종합 건설업,2
2025-02,프랑스,출판업,2
2025-02,프랑스,컴퓨터 프로그래밍  시스템 통합 및 관리업,2
2025-02,프랑스,코크스  연탄 및 석유정제품 제조업,2
2025-02,프랑스,펄프  종이 및 종이제품 제조업,2
2025-02,프랑스,화학물질 및 화학제품 제조업; 의약품 제외,2
2025-02,피지,금속 광업,4
2025-02,피지,인쇄 및 기록매체 복제업,4
2025-02,핀란드,건축기술  엔지니어링 및 기타 과학기술 서비스업,1
2025-02,핀란드,고무 및 플라스틱제품 제조업,1
2025-02,핀란드,금속가공제품 제조업; 기계 및 가구 제외,1
2025-02,핀란드,금융업,1
2025-02,핀란드,기타 기계 및 장비 제조업,2
2025-02,핀란드,도매 및 상품 중개업,1
2025-02,핀란드,비금속 광물제품 제조업,1
2025-02,핀란드,사업지원 서비스업,1
2025-02,핀란드,산업용 기계 및 장비 수리업,1
2025-02,핀란드,소매업; 자동차 제외,2
2025-02,핀란드,의료용 물질 및 의약품 제조업,1
2025-02,핀란드,의복  의복 액세서리 및 모피제품 제조업,1
2025-02,핀란드,자동차 및 부품 판매업,1
2025-02,핀란드,자동차 및 트레일러 제조업,1
2025-02,핀란드,전기장비 제조업,1
2025-02,핀란드,전자부품  컴퓨터  영상  음향 및 통신장비 제조업,1
2025-02,핀란드,컴퓨터 프로그래밍  시스템 통합 및 관리업,1
2025-02,핀란드,화학물질 및 화학제품 제조업; 의약품 제외,1
2025-02,필리핀,1차 금속 제조업,5
2025-02,필리핀,개인 및 소비용품 수리업,4
2025-02,필리핀,고무 및 플라스틱제품 제조업,4
2025-02,필리핀,금속가공제품 제조업; 기계 및 가구 제외,5
2025-02,필리핀,금융업,4
2025-02,필리핀,기타 기계 및 장비 제조업,4
2025-02,필리핀,기타 운송장비 제조업,4
2025-02,필리핀,기타 제품 제조업,4
2025-02,필리핀,농업,4
2025-02,필리핀,도매 및 상품 중개업,4
2025-02,필리핀,비금속 광물제품 제조업,4
2025-02,필리핀,사업지원 서비스업,4
2025-02,필리핀,소매업; 자동차 제외,4
2025-02,필리핀,숙박업,4
2025-02,필리핀,식료품 제조업,4
2025-02,필리핀,우편 및 통신업,4
2025-02,필리핀,음료 제조업,4
2025-02,필리핀,의료용 물질 및 의약품 제조업,4
2025-02,필리핀,인쇄 및 기록매체 복제업,4
2025-02,필리핀,자동차 및 부품 판매업,4
2025-02,필리핀,자동차 및 트레일러 제조업,4
2025-02,필리핀,전기  가스  증기 및 공기조절 공급업,4
2025-02,필리핀,전기장비 제조업,4
2025-02,필리핀,전문 서비스업,4
2025-02,필리핀,전문직별 공사업,4
2025-02,필리핀,전자부품  컴퓨터  영상  음향 및 통신장비 제조업,4
2025-02,필리핀,종합 건설업,4
2025-02,필리핀,창고 및 운송관련 서비스업,4
2025-02,필리핀,펄프  종이 및 종이제품 제조업,4
2025-02,필리핀,화학물질 및 화학제품 제조업; 의약품 제외,5
2025-02,헝가리,고무 및 플라스틱제품 제조업,3
2025-02,헝가리,기타 기계 및 장비 제조업,3
2025-02,헝가리,기타 제품 제조업,3
2025-02,헝가리,도매 및 상품 중개업,3
2025-02,헝가리,섬유제품 제조업; 의복제외,3
2025-02,헝가리,소매업; 자동차 제외,3
2025-02,헝가리,식료품 제조업,3
2025-02,헝가리,연구개발업,3
2025-02,헝가리,의료  정밀  광학기기 및 시계 제조업,3
2025-02,헝가리,의료용 물질 및 의약품 제조업,3
2025-02,헝가리,자동차 및 부품 판매업,3
2025-02,헝가리,자동차 및 트레일러 제조업,3
2025-02,헝가리,전기장비 제조업,3
2025-02,헝가리,전문직별 공사업,3
2025-02,헝가리,전자부품  컴퓨터  영상  음향 및 통신장비 제조업,3
2025-02,헝가리,폐기물 수집  운반  처리 및 원료 재생업,3
2025-02,헝가리,화학물질 및 화학제품 제조업; 의약품 제외,3
2025-02,호주,1차 금속 제조업,3
2025-02,호주,개인 및 소비용품 수리업,5
2025-02,호주,고무 및 플라스틱제품 제조업,1
2025-02,호주,교육 서비스업,1
2025-02,호주,금속가공제품 제조업; 기계 및 가구 제외,1
2025-02,호주,금융업,1
2025-02,호주,기타 기계 및 장비 제조업,2
2025-02,호주,도매 및 상품 중개업,1
2025-02,호주,방송업,1
2025-02,호주,섬유제품 제조업; 의복제외,1
2025-02,호주,소매업; 자동차 제외,3
2025-02,호주,식료품 제조업,2
2025-02,호주,의료  정밀  광학기기 및 시계 제조업,1
2025-02,호주,의료용 물질 및 의약품 제조업,1
2025-02,호주,인쇄 및 기록매체 복제업,1
2025-02,호주,자동차 및 부품 판매업,1
2025-02,호주,자동차 및 트레일러 제조업,1
2025-02,호주,전기  가스  증기 및 공기조절 공급업,1
2025-02,호주,전기장비 제조업,1
2025-02,호주,전문 서비스업,1
2025-02,호주,전문직별 공사업,1
2025-02,호주,전자부품  컴퓨터  영상  음향 및 통신장비 제조업,1
2025-02,호주,출판업,1
2025-02,호주,펄프  종이 및 종이제품 제조업,1
2025-02,호주,화학물질 및 화학제품 제조업; 의약품 제외,1
2025-02,홍콩,개인 및 소비용품 수리업,3
2025-02,홍콩,교육 서비스업,3
2025-02,홍콩,기타 기계 및 장비 제조업,3
2025-02,홍콩,도매 및 상품 중개업,3
2025-02,홍콩,방송업,3
2025-02,홍콩,사업지원 서비스업,3
2025-02,홍콩,산업용 기계 및 장비 수리업,3
2025-02,홍콩,섬유제품 제조업; 의복제외,3
2025-02,홍콩,소매업; 자동차 제외,3
2025-02,홍콩,수상 운송업,3
2025-02,홍콩,숙박업,3
2025-02,홍콩,식료품 제조업,3
2025-02,홍콩,연구개발업,3
2025-02,홍콩,음료 제조업,3
2025-02,홍콩,인쇄 및 기록매체 복제업,3
2025-02,홍콩,자동차 및 부품 판매업,3
2025-02,홍콩,전기장비 제조업,3
2025-02,홍콩,전문 서비스업,3
2025-02,홍콩,전문직별 공사업,3
2025-02,홍콩,종합 건설업,3
2025-02,홍콩,창고 및 운송관련 서비스업,3
2025-02,홍콩,출판업,3
2025-02,홍콩,컴퓨터 프로그래밍  시스템 통합 및 관리업,3
2025-02,홍콩,항공 운송업,3
2025-02,홍콩,화학물질 및 화학제품 제조업; 의약품 제외,5
2025-01,가나,고무 및 플라스틱제품 제조업,5
2025-01,가나,금속 광업,5
2025-01,가나,도매 및 상품 중개업,4
2025-01,가나,자동차 및 부품 판매업,5
2025-01,가나,자동차 및 트레일러 제조업,4
2025-01,가나,화학물질 및 화학제품 제조업; 의약품 제외,5
2025-01,감비아,도매 및 상품 중개업,5
2025-01,감비아,정보서비스업,5
2025-01,과달루프,자동차 및 부품 판매업,4
2025-01,과테말라,1차 금속 제조업,4
2025-01,과테말라,고무 및 플라스틱제품 제조업,4
2025-01,과테말라,금속가공제품 제조업; 기계 및 가구 제외,4
2025-01,과테말라,도매 및 상품 중개업,4
2025-01,과테말라,섬유제품 제조업; 의복제외,4
2025-01,과테말라,소매업; 자동차 제외,4
2025-01,과테말라,식료품 제조업,4
2025-01,과테말라,자동차 및 부품 판매업,4
2025-01,과테말라,펄프  종이 및 종이제품 제조업,4
2025-01,과테말라,화학물질 및 화학제품 제조업; 의약품 제외,4
2025-01,괌,우편 및 통신업,4
2025-01,그리스,1차 금속 제조업,3
2025-01,그리스,고무 및 플라스틱제품 제조업,3
2025-01,그리스,금속가공제품 제조업; 기계 및 가구 제외,3
2025-01,그리스,기타 기계 및 장비 제조업,3
2025-01,그리스,도매 및 상품 중개업,3
2025-01,그리스,소매업; 자동차 제외,3
2025-01,그리스,식료품 제조업,3
2025-01,그리스,우편 및 통신업,3
2025-01,그리스,의료  정밀  광학기기 및 시계 제조업,3
2025-01,그리스,인쇄 및 기록매체 복제업,3
2025-01,그리스,자동차 및 부품 판매업,3
2025-01,그리스,자동차 및 트레일러 제조업,3
2025-01,그리스,전기장비 제조업,3
2025-01,그리스,전문직별 공사업,3
2025-01,그리스,종합 건설업,4
2025-01,그리스,컴퓨터 프로그래밍  시스템 통합 및 관리업,3
2025-01,그리스,펄프  종이 및 종이제품 제조업,3
2025-01,그리스,화학물질 및 화학제품 제조업; 의약품 제외,3
2025-01,기니,도매 및 상품 중개업,5
2025-01,기니,화학물질 및 화학제품 제조업; 의약품 제외,5
2025-01,나이지리아,가구 제조업,5
2025-01,나이지리아,도매 및 상품 중개업,5
2025-01,나이지리아,석탄  원유 및 천연가스 광업,5
2025-01,나이지리아,화학물질 및 화학제품 제조업; 의약품 제외,5
2025-01,남아프리카공화국,1차 금속 제조업,4
2025-01,남아프리카공화국,개인 및 소비용품 수리업,4
2025-01,남아프리카공화국,건축기술  엔지니어링 및 기타 과학기술 서비스업,4
2025-01,남아프리카공화국,고무 및 플라스틱제품 제조업,4
2025-01,남아프리카공화국,금속 광업,4
2025-01,남아프리카공화국,금속가공제품 제조업; 기계 및 가구 제외,4
2025-01,남아프리카공화국,기타 기계 및 장비 제조업,4
2025-01,남아프리카공화국,기타 운송장비 제조업,4
2025-01,남아프리카공화국,기타 제품 제조업,5
2025-01,남아프리카공화국,도매 및 상품 중개업,4
2025-01,남아프리카공화국,비금속 광물제품 제조업,4
2025-01,남아프리카공화국,사업지원 서비스업,4
2025-01,남아프리카공화국,섬유제품 제조업; 의복제외,4
2025-01,남아프리카공화국,소매업; 자동차 제외,4
2025-01,남아프리카공화국,수도업,4
2025-01,남아프리카공화국,식료품 제조업,4
2025-01,남아프리카공화국,우편 및 통신업,4
2025-01,남아프리카공화국,육상운송 및 파이프라인 운송업,4
2025-01,남아프리카공화국,의료  정밀  광학기기 및 시계 제조업,4
2025-01,남아프리카공화국,인쇄 및 기록매체 복제업,4
2025-01,남아프리카공화국,임대업; 부동산 제외,4
2025-01,남아프리카공화국,자동차 및 부품 판매업,4
2025-01,남아프리카공화국,자동차 및 트레일러 제조업,4
2025-01,남아프리카공화국,전기  가스  증기 및 공기조절 공급업,5
2025-01,남아프리카공화국,전기장비 제조업,4
2025-01,남아프리카공화국,종합 건설업,4
2025-01,남아프리카공화국,창고 및 운송관련 서비스업,4
2025-01,남아프리카공화국,출판업,4
2025-01,남아프리카공화국,컴퓨터 프로그래밍  시스템 통합 및 관리업,4
2025-01,남아프리카공화국,펄프  종이 및 종이제품 제조업,4
2025-01,남아프리카공화국,화학물질 및 화학제품 제조업; 의약품 제외,4
2025-01,남아프리카공화국,환경 정화 및 복원업,4
2025-01,네덜란드,건축기술  엔지니어링 및 기타 과학기술 서비스업,2
2025-01,네덜란드,고무 및 플라스틱제품 제조업,1
2025-01,네덜란드,금속가공제품 제조업; 기계 및 가구 제외,5
2025-01,네덜란드,금융업,1
2025-01,네덜란드,기타 기계 및 장비 제조업,1
2025-01,네덜란드,기타 전문  과학 및 기술 서비스업,1
2025-01,네덜란드,농업,1
2025-01,네덜란드,도매 및 상품 중개업,1
2025-01,네덜란드,비금속 광물제품 제조업,1
2025-01,네덜란드,사업지원 서비스업,1
2025-01,네덜란드,섬유제품 제조업; 의복제외,1
2025-01,네덜란드,식료품 제조업,1
2025-01,네덜란드,육상운송 및 파이프라인 운송업,4
2025-01,네덜란드,의료  정밀  광학기기 및 시계 제조업,1
2025-01,네덜란드,임대업; 부동산 제외,1
2025-01,네덜란드,자동차 및 부품 판매업,1
2025-01,네덜란드,자동차 및 트레일러 제조업,1
2025-01,네덜란드,전기장비 제조업,1
2025-01,네덜란드,전문 서비스업,4
2025-01,네덜란드,전자부품  컴퓨터  영상  음향 및 통신장비 제조업,1
2025-01,네덜란드,정보서비스업,5
2025-01,네덜란드,창고 및 운송관련 서비스업,1
2025-01,네덜란드,출판업,1
2025-01,네덜란드,컴퓨터 프로그래밍  시스템 통합 및 관리업,1
2025-01,네덜란드,코크스  연탄 및 석유정제품 제조업,1
2025-01,네덜란드,펄프  종이 및 종이제품 제조업,1
2025-01,네덜란드,화학물질 및 화학제품 제조업; 의약품 제외,1
2025-01,네팔,가죽  가방 및 신발 제조업,4
2025-01,네팔,고무 및 플라스틱제품 제조업,4
2025-01,네팔,도매 및 상품 중개업,5
2025-01,네팔,식료품 제조업,4
2025-01,네팔,의료  정밀  광학기기 및 시계 제조업,5
2025-01,네팔,의료용 물질 및 의약품 제조업,4
2025-01,네팔,자동차 및 부품 판매업,4
2025-01,노르웨이,고무 및 플라스틱제품 제조업,1
2025-01,노르웨이,기타 기계 및 장비 제조업,1
2025-01,노르웨이,도매 및 상품 중개업,2
2025-01,노르웨이,소매업; 자동차 제외,1
2025-01,노르웨이,수상 운송업,1
2025-01,노르웨이,식료품 제조업,1
2025-01,노르웨이,의료  정밀  광학기기 및 시계 제조업,1
2025-01,노르웨이,의복  의복 액세서리 및 모피제품 제조업,1
2025-01,노르웨이,자동차 및 부품 판매업,1
2025-01,노르웨이,전기  가스  증기 및 공기조절 공급업,1
2025-01,노르웨이,전기장비 제조업,1
2025-01,노르웨이,전문 서비스업,1
2025-01,노르웨이,전자부품  컴퓨터  영상  음향 및 통신장비 제조업,1
2025-01,노르웨이,창고 및 운송관련 서비스업,1
2025-01,노르웨이,컴퓨터 프로그래밍  시스템 통합 및 관리업,1
2025-01,노르웨이,펄프  종이 및 종이제품 제조업,1
2025-01,노르웨이,화학물질 및 화학제품 제조업; 의약품 제외,1
2025-01,뉴질랜드,1차 금속 제조업,2
2025-01,뉴질랜드,금속가공제품 제조업; 기계 및 가구 제외,2
2025-01,뉴질랜드,기타 기계 및 장비 제조업,1
2025-01,뉴질랜드,도매 및 상품 중개업,2
2025-01,뉴질랜드,목재 및 나무제품 제조업; 가구 제외,2
2025-01,뉴질랜드,소매업; 자동차 제외,1
2025-01,뉴질랜드,식료품 제조업,2
2025-01,뉴질랜드,우편 및 통신업,1
2025-01,뉴질랜드,의료용 물질 및 의약품 제조업,2
2025-01,뉴질랜드,의복  의복 액세서리 및 모피제품 제조업,1
2025-01,뉴질랜드,인쇄 및 기록매체 복제업,1
2025-01,뉴질랜드,자동차 및 부품 판매업,2
2025-01,뉴질랜드,전기  가스  증기 및 공기조절 공급업,1
2025-01,뉴질랜드,전기장비 제조업,2
2025-01,뉴질랜드,펄프  종이 및 종이제품 제조업,1
2025-01,뉴질랜드,화학물질 및 화학제품 제조업; 의약품 제외,1
2025-01,뉴칼레도니아,광업 지원 서비스업,4
2025-01,뉴칼레도니아,도매 및 상품 중개업,4
2025-01,니카라과,도매 및 상품 중개업,5
2025-01,니카라과,소매업; 자동차 제외,5
2025-01,니카라과,우편 및 통신업,5
2025-01,니카라과,자동차 및 부품 판매업,5
2025-01,니카라과,화학물질 및 화학제품 제조업; 의약품 제외,5
2025-01,대만,1차 금속 제조업,2
2025-01,대만,가죽  가방 및 신발 제조업,2
2025-01,대만,건축기술  엔지니어링 및 기타 과학기술 서비스업,2
2025-01,대만,고무 및 플라스틱제품 제조업,2
2025-01,대만,금속가공제품 제조업; 기계 및 가구 제외,2
2025-01,대만,금융업,2
2025-01,대만,기타 기계 및 장비 제조업,2
2025-01,대만,기타 운송장비 제조업,2
2025-01,대만,기타 제품 제조업,2
2025-01,대만,도매 및 상품 중개업,2
2025-01,대만,방송업,2
2025-01,대만,비금속 광물제품 제조업,2
2025-01,대만,섬유제품 제조업; 의복제외,2
2025-01,대만,소매업; 자동차 제외,2
2025-01,대만,수상 운송업,2
2025-01,대만,식료품 제조업,2
2025-01,대만,우편 및 통신업,2
2025-01,대만,의료  정밀  광학기기 및 시계 제조업,2
2025-01,대만,의료용 물질 및 의약품 제조업,2
2025-01,대만,의복  의복 액세서리 및 모피제품 제조업,2
2025-01,대만,자동차 및 부품 판매업,2
2025-01,대만,자동차 및 트레일러 제조업,2
2025-01,대만,전기장비 제조업,2
2025-01,대만,전문직별 공사업,2
2025-01,대만,전자부품  컴퓨터  영상  음향 및 통신장비 제조업,2
2025-01,대만,종합 건설업,2
2025-01,대만,창고 및 운송관련 서비스업,2
2025-01,대만,출판업,2
2025-01,대만,코크스  연탄 및 석유정제품 제조업,2
2025-01,대만,펄프  종이 및 종이제품 제조업,2
2025-01,대만,화학물질 및 화학제품 제조업; 의약품 제외,2
2025-01,덴마크,개인 및 소비용품 수리업,1
2025-01,덴마크,고무 및 플라스틱제품 제조업,1
2025-01,덴마크,금속가공제품 제조업; 기계 및 가구 제외,1
2025-01,덴마크,기타 기계 및 장비 제조업,1
2025-01,덴마크,도매 및 상품 중개업,2
2025-01,덴마크,섬유제품 제조업; 의복제외,1
2025-01,덴마크,수상 운송업,1
2025-01,덴마크,식료품 제조업,1
2025-01,덴마크,의료  정밀  광학기기 및 시계 제조업,1
2025-01,덴마크,의료용 물질 및 의약품 제조업,1
2025-01,덴마크,의복  의복 액세서리 및 모피제품 제조업,1
2025-01,덴마크,자동차 및 부품 판매업,1
2025-01,덴마크,전자부품  컴퓨터  영상  음향 및 통신장비 제조업,1
2025-01,덴마크,창고 및 운송관련 서비스업,1
2025-01,덴마크,컴퓨터 프로그래밍  시스템 통합 및 관리업,1
2025-01,덴마크,펄프  종이 및 종이제품 제조업,1
2025-01,덴마크,화학물질 및 화학제품 제조업; 의약품 제외,1
2025-01,도미니카공화국,1차 금속 제조업,4
2025-01,도미니카공화국,고무 및 플라스틱제품 제조업,4
2025-01,도미니카공화국,도매 및 상품 중개업,4
2025-01,도미니카공화국,비금속 광물제품 제조업,4
2025-01,도미니카공화국,소매업; 자동차 제외,4
2025-01,도미니카공화국,식료품 제조업,4
2025-01,도미니카공화국,우편 및 통신업,4
2025-01,도미니카공화국,자동차 및 부품 판매업,4
2025-01,도미니카공화국,화학물질 및 화학제품 제조업; 의약품 제외,4
2025-01,독일,1차 금속 제조업,2
2025-01,독일,가구 제조업,2
2025-01,독일,개인 및 소비용품 수리업,2
2025-01,독일,건축기술  엔지니어링 및 기타 과학기술 서비스업,1
2025-01,독일,고무 및 플라스틱제품 제조업,2
2025-01,독일,교육 서비스업,2
2025-01,독일,금속가공제품 제조업; 기계 및 가구 제외,2
2025-01,독일,금융업,2
2025-01,독일,기타 기계 및 장비 제조업,2
2025-01,독일,기타 운송장비 제조업,2
2025-01,독일,기타 제품 제조업,2
2025-01,독일,도매 및 상품 중개업,2
2025-01,독일,비금속 광물제품 제조업,1
2025-01,독일,사업지원 서비스업,2
2025-01,독일,산업용 기계 및 장비 수리업,2
2025-01,독일,섬유제품 제조업; 의복제외,2
2025-01,독일,소매업; 자동차 제외,2
2025-01,독일,수상 운송업,2
2025-01,독일,우편 및 통신업,2
2025-01,독일,음료 제조업,2
2025-01,독일,의료  정밀  광학기기 및 시계 제조업,1
2025-01,독일,의료용 물질 및 의약품 제조업,1
2025-01,독일,의복  의복 액세서리 및 모피제품 제조업,2
2025-01,독일,인쇄 및 기록매체 복제업,1
2025-01,독일,자동차 및 부품 판매업,2
2025-01,독일,자동차 및 트레일러 제조업,2
2025-01,독일,전기  가스  증기 및 공기조절 공급업,2
2025-01,독일,전기장비 제조업,2
2025-01,독일,전문 서비스업,2
2025-01,독일,전자부품  컴퓨터  영상  음향 및 통신장비 제조업,2
2025-01,독일,창고 및 운송관련 서비스업,2
2025-01,독일,출판업,1
2025-01,독일,컴퓨터 프로그래밍  시스템 통합 및 관리업,1
2025-01,독일,코크스  연탄 및 석유정제품 제조업,2
2025-01,독일,펄프  종이 및 종이제품 제조업,1
2025-01,독일,화학물질 및 화학제품 제조업; 의약품 제외,2
2025-01,라오스,도매 및 상품 중개업,5
2025-01,라오스,식료품 제조업,5
2025-01,라오스,자동차 및 부품 판매업,5
2025-01,라오스,항공 운송업,5
2025-01,라이베리아,1차 금속 제조업,5
2025-01,라이베리아,도매 및 상품 중개업,5
2025-01,라트비아,고무 및 플라스틱제품 제조업,3
2025-01,라트비아,금속가공제품 제조업; 기계 및 가구 제외,3
2025-01,라트비아,도매 및 상품 중개업,3
2025-01,라트비아,목재 및 나무제품 제조업; 가구 제외,2
2025-01,라트비아,섬유제품 제조업; 의복제외,3
2025-01,라트비아,소매업; 자동차 제외,3
2025-01,라트비아,의료용 물질 및 의약품 제조업,3
2025-01,라트비아,자동차 및 부품 판매업,3
2025-01,라트비아,전자부품  컴퓨터  영상  음향 및 통신장비 제조업,3
2025-01,라트비아,펄프  종이 및 종이제품 제조업,3
2025-01,러시아,고무 및 플라스틱제품 제조업,5
2025-01,러시아,금속 광업,5
2025-01,러시아,금속가공제품 제조업; 기계 및 가구 제외,5
2025-01,러시아,금융업,5
2025-01,러시아,기타 기계 및 장비 제조업,5
2025-01,러시아,기타 운송장비 제조업,5
2025-01,러시아,도매 및 상품 중개업,5
2025-01,러시아,목재 및 나무제품 제조업; 가구 제외,5
2025-01,러시아,비금속 광물제품 제조업,5
2025-01,러시아,소매업; 자동차 제외,5
2025-01,러시아,식료품 제조업,5
2025-01,러시아,연구개발업,5
2025-01,러시아,의료용 물질 및 의약품 제조업,5
2025-01,러시아,자동차 및 부품 판매업,5
2025-01,러시아,전기장비 제조업,5
2025-01,러시아,전자부품  컴퓨터  영상  음향 및 통신장비 제조업,5
2025-01,러시아,펄프  종이 및 종이제품 제조업,5
2025-01,러시아,화학물질 및 화학제품 제조업; 의약품 제외,5
2025-01,레바논,도매 및 상품 중개업,4
2025-01,레바논,자동차 및 부품 판매업,4
2025-01,레바논,펄프  종이 및 종이제품 제조업,4
2025-01,레위니옹,자동차 및 부품 판매업,4
2025-01,루마니아,1차 금속 제조업,5
2025-01,루마니아,건축기술  엔지니어링 및 기타 과학기술 서비스업,3
2025-01,루마니아,고무 및 플라스틱제품 제조업,3
2025-01,루마니아,금속가공제품 제조업; 기계 및 가구 제외,3
2025-01,루마니아,기타 기계 및 장비 제조업,3
2025-01,루마니아,기타 운송장비 제조업,3
2025-01,루마니아,기타 제품 제조업,3
2025-01,루마니아,농업,3
2025-01,루마니아,도매 및 상품 중개업,3
2025-01,루마니아,부동산업,3
2025-01,루마니아,사업지원 서비스업,3
2025-01,루마니아,섬유제품 제조업; 의복제외,3
2025-01,루마니아,소매업; 자동차 제외,3
2025-01,루마니아,음료 제조업,3
2025-01,루마니아,의료용 물질 및 의약품 제조업,3
2025-01,루마니아,인쇄 및 기록매체 복제업,3
2025-01,루마니아,자동차 및 부품 판매업,3
2025-01,루마니아,자동차 및 트레일러 제조업,3
2025-01,루마니아,전기장비 제조업,3
2025-01,루마니아,전문 서비스업,3
2025-01,루마니아,전문직별 공사업,3
2025-01,루마니아,전자부품  컴퓨터  영상  음향 및 통신장비 제조업,3
2025-01,루마니아,종합 건설업,3
2025-01,루마니아,펄프  종이 및 종이제품 제조업,3
2025-01,루마니아,화학물질 및 화학제품 제조업; 의약품 제외,3
2025-01,룩셈부르크,고무 및 플라스틱제품 제조업,3
2025-01,룩셈부르크,금융업,2
2025-01,룩셈부르크,도매 및 상품 중개업,2
2025-01,룩셈부르크,목재 및 나무제품 제조업; 가구 제외,2
2025-01,룩셈부르크,비금속 광물제품 제조업,2
2025-01,룩셈부르크,자동차 및 부품 판매업,2
2025-01,룩셈부르크,전기  가스  증기 및 공기조절 공급업,2
2025-01,르완다,가구 제조업,4
2025-01,르완다,도매 및 상품 중개업,4
2025-01,리비아,자동차 및 부품 판매업,5
2025-01,리투아니아,개인 및 소비용품 수리업,2
2025-01,리투아니아,고무 및 플라스틱제품 제조업,2
2025-01,리투아니아,금속가공제품 제조업; 기계 및 가구 제외,2
2025-01,리투아니아,도매 및 상품 중개업,2
2025-01,리투아니아,사업지원 서비스업,2
2025-01,리투아니아,소매업; 자동차 제외,2
2025-01,리투아니아,자동차 및 부품 판매업,2
2025-01,리투아니아,자동차 및 트레일러 제조업,2
2025-01,리투아니아,전문직별 공사업,4
2025-01,리투아니아,펄프  종이 및 종이제품 제조업,2
2025-01,리투아니아,화학물질 및 화학제품 제조업; 의약품 제외,2
2025-01,리히텐슈타인,금속가공제품 제조업; 기계 및 가구 제외,4
2025-01,리히텐슈타인,기타 기계 및 장비 제조업,4
2025-01,마다가스카르,자동차 및 부품 판매업,5
2025-01,마샬군도,도매 및 상품 중개업,4
2025-01,마카오,도매 및 상품 중개업,2
2025-01,마카오,사업지원 서비스업,2
2025-01,마카오,소매업; 자동차 제외,2
2025-01,마카오,스포츠 및 오락관련 서비스업,2
2025-01,마카오,우편 및 통신업,2
2025-01,마카오,출판업,2
2025-01,말레이시아,1차 금속 제조업,3
2025-01,말레이시아,개인 및 소비용품 수리업,3
2025-01,말레이시아,고무 및 플라스틱제품 제조업,3
2025-01,말레이시아,금속가공제품 제조업; 기계 및 가구 제외,3
2025-01,말레이시아,금융업,3
2025-01,말레이시아,기타 기계 및 장비 제조업,3
2025-01,말레이시아,기타 제품 제조업,3
2025-01,말레이시아,도매 및 상품 중개업,3
2025-01,말레이시아,목재 및 나무제품 제조업; 가구 제외,3
2025-01,말레이시아,비금속 광물제품 제조업,3
2025-01,말레이시아,사업지원 서비스업,3
2025-01,말레이시아,섬유제품 제조업; 의복제외,3
2025-01,말레이시아,소매업; 자동차 제외,3
2025-01,말레이시아,식료품 제조업,3
2025-01,말레이시아,음료 제조업,3
2025-01,말레이시아,의료용 물질 및 의약품 제조업,3
2025-01,말레이시아,의복  의복 액세서리 및 모피제품 제조업,3
2025-01,말레이시아,인쇄 및 기록매체 복제업,3
2025-01,말레이시아,자동차 및 부품 판매업,3
2025-01,말레이시아,자동차 및 트레일러 제조업,3
2025-01,말레이시아,전기장비 제조업,3
2025-01,말레이시아,전문직별 공사업,3
2025-01,말레이시아,전자부품  컴퓨터  영상  음향 및 통신장비 제조업,3
2025-01,말레이시아,창고 및 운송관련 서비스업,3
2025-01,말레이시아,출판업,3
2025-01,말레이시아,코크스  연탄 및 석유정제품 제조업,3
2025-01,말레이시아,펄프  종이 및 종이제품 제조업,3
2025-01,말레이시아,화학물질 및 화학제품 제조업; 의약품 제외,3
2025-01,말리,도매 및 상품 중개업,5
2025-01,말리,전문직별 공사업,5
2025-01,말리,컴퓨터 프로그래밍  시스템 통합 및 관리업,5
2025-01,멕시코,1차 금속 제조업,4
2025-01,멕시코,개인 및 소비용품 수리업,4
2025-01,멕시코,고무 및 플라스틱제품 제조업,4
2025-01,멕시코,금속가공제품 제조업; 기계 및 가구 제외,4
2025-01,멕시코,기타 기계 및 장비 제조업,4
2025-01,멕시코,기타 제품 제조업,4
2025-01,멕시코,도매 및 상품 중개업,4
2025-01,멕시코,비금속 광물제품 제조업,4
2025-01,멕시코,사업지원 서비스업,5
2025-01,멕시코,섬유제품 제조업; 의복제외,4
2025-01,멕시코,소매업; 자동차 제외,4
2025-01,멕시코,식료품 제조업,4
2025-01,멕시코,우편 및 통신업,4
2025-01,멕시코,의료용 물질 및 의약품 제조업,4
2025-01,멕시코,의복  의복 액세서리 및 모피제품 제조업,5
2025-01,멕시코,인쇄 및 기록매체 복제업,4
2025-01,멕시코,자동차 및 부품 판매업,4
2025-01,멕시코,자동차 및 트레일러 제조업,4
2025-01,멕시코,전기장비 제조업,5
2025-01,멕시코,전문 서비스업,4
2025-01,멕시코,전자부품  컴퓨터  영상  음향 및 통신장비 제조업,4
2025-01,멕시코,종합 건설업,5
2025-01,멕시코,창고 및 운송관련 서비스업,4
2025-01,멕시코,코크스  연탄 및 석유정제품 제조업,4
2025-01,멕시코,펄프  종이 및 종이제품 제조업,4
2025-01,멕시코,하수  폐수 및 분뇨 처리업,4
2025-01,멕시코,화학물질 및 화학제품 제조업; 의약품 제외,4
2025-01,모나코,도매 및 상품 중개업,4
2025-01,모로코,1차 금속 제조업,4
2025-01,모로코,가구 제조업,4
2025-01,모로코,개인 및 소비용품 수리업,4
2025-01,모로코,건축기술  엔지니어링 및 기타 과학기술 서비스업,4
2025-01,모로코,고무 및 플라스틱제품 제조업,4
2025-01,모로코,금속가공제품 제조업; 기계 및 가구 제외,4
2025-01,모로코,금융업,4
2025-01,모로코,기타 기계 및 장비 제조업,4
2025-01,모로코,도매 및 상품 중개업,4
2025-01,모로코,사업시설 관리 및 조경 서비스업,4
2025-01,모로코,사업지원 서비스업,4
2025-01,모로코,산업용 기계 및 장비 수리업,4
2025-01,모로코,소매업; 자동차 제외,4
2025-01,모로코,우편 및 통신업,4
2025-01,모로코,음료 제조업,4
2025-01,모로코,의료용 물질 및 의약품 제조업,4
2025-01,모로코,임대업; 부동산 제외,4
2025-01,모로코,자동차 및 부품 판매업,4
2025-01,모로코,전기장비 제조업,4
2025-01,모로코,전문직별 공사업,4
2025-01,모로코,컴퓨터 프로그래밍  시스템 통합 및 관리업,4
2025-01,모로코,펄프  종이 및 종이제품 제조업,4
2025-01,모로코,화학물질 및 화학제품 제조업; 의약품 제외,4
2025-01,모리셔스,도매 및 상품 중개업,4
2025-01,모리셔스,자동차 및 부품 판매업,2
2025-01,모리셔스,펄프  종이 및 종이제품 제조업,2
2025-01,모리타니아,도매 및 상품 중개업,4
2025-01,모리타니아,컴퓨터 프로그래밍  시스템 통합 및 관리업,5
2025-01,몬테네그로,도매 및 상품 중개업,3
2025-01,몰도바,금속가공제품 제조업; 기계 및 가구 제외,4
2025-01,몰도바,도매 및 상품 중개업,4
2025-01,몰도바,소매업; 자동차 제외,4
2025-01,몰도바,우편 및 통신업,4
2025-01,몰도바,자동차 및 부품 판매업,4
2025-01,몰도바,코크스  연탄 및 석유정제품 제조업,4
2025-01,몰디브,창고 및 운송관련 서비스업,4
2025-01,몰타,도매 및 상품 중개업,2
2025-01,몰타,섬유제품 제조업; 의복제외,2
2025-01,몰타,자동차 및 부품 판매업,2
2025-01,몰타,전자부품  컴퓨터  영상  음향 및 통신장비 제조업,2
2025-01,몽골,도매 및 상품 중개업,4
2025-01,몽골,소매업; 자동차 제외,4
2025-01,몽골,음료 제조업,5
2025-01,몽골,인쇄 및 기록매체 복제업,4
2025-01,몽골,자동차 및 부품 판매업,4
2025-01,몽골,펄프  종이 및 종이제품 제조업,4
2025-01,미국,1차 금속 제조업,2
2025-01,미국,가구 제조업,2
2025-01,미국,가죽  가방 및 신발 제조업,2
2025-01,미국,개인 및 소비용품 수리업,2
2025-01,미국,건축기술  엔지니어링 및 기타 과학기술 서비스업,2
2025-01,미국,고무 및 플라스틱제품 제조업,2
2025-01,미국,공공행정  국방 및 사회보장 행정,2
2025-01,미국,광업 지원 서비스업,2
2025-01,미국,금속가공제품 제조업; 기계 및 가구 제외,2
2025-01,미국,기타 개인 서비스업,2
2025-01,미국,기타 기계 및 장비 제조업,2
2025-01,미국,기타 운송장비 제조업,2
2025-01,미국,기타 전문  과학 및 기술 서비스업,5
2025-01,미국,기타 제품 제조업,2
2025-01,미국,도매 및 상품 중개업,2
2025-01,미국,목재 및 나무제품 제조업; 가구 제외,3
2025-01,미국,방송업,2
2025-01,미국,비금속 광물제품 제조업,4
2025-01,미국,사업지원 서비스업,2
2025-01,미국,산업용 기계 및 장비 수리업,2
2025-01,미국,섬유제품 제조업; 의복제외,2
2025-01,미국,소매업; 자동차 제외,3
2025-01,미국,수상 운송업,2
2025-01,미국,식료품 제조업,2
2025-01,미국,우편 및 통신업,2
2025-01,미국,육상운송 및 파이프라인 운송업,3
2025-01,미국,음식점 및 주점업,2
2025-01,미국,의료  정밀  광학기기 및 시계 제조업,2
2025-01,미국,의료용 물질 및 의약품 제조업,2
2025-01,미국,의복  의복 액세서리 및 모피제품 제조업,2
2025-01,미국,인쇄 및 기록매체 복제업,2
2025-01,미국,임대업; 부동산 제외,2
2025-01,미국,자동차 및 부품 판매업,2
2025-01,미국,자동차 및 트레일러 제조업,2
2025-01,미국,전기  가스  증기 및 공기조절 공급업,2
2025-01,미국,전기장비 제조업,2
2025-01,미국,전문 서비스업,2
2025-01,미국,전문직별 공사업,2
2025-01,미국,전자부품  컴퓨터  영상  음향 및 통신장비 제조업,2
2025-01,미국,정보서비스업,2
2025-01,미국,종합 건설업,2
2025-01,미국,창고 및 운송관련 서비스업,2
2025-01,미국,출판업,2
2025-01,미국,컴퓨터 프로그래밍  시스템 통합 및 관리업,2
2025-01,미국,코크스  연탄 및 석유정제품 제조업,2
2025-01,미국,펄프  종이 및 종이제품 제조업,2
2025-01,미국,항공 운송업,2
2025-01,미국,협회 및 단체,2
2025-01,미국,화학물질 및 화학제품 제조업; 의약품 제외,2
2025-01,미얀마,고무 및 플라스틱제품 제조업,5
2025-01,미얀마,도매 및 상품 중개업,5
2025-01,미얀마,식료품 제조업,5
2025-01,미얀마,인쇄 및 기록매체 복제업,5
2025-01,미얀마,자동차 및 부품 판매업,5
2025-01,바레인,가구 제조업,3
2025-01,바레인,건축기술  엔지니어링 및 기타 과학기술 서비스업,3
2025-01,바레인,기타 기계 및 장비 제조업,3
2025-01,바레인,도매 및 상품 중개업,3
2025-01,바레인,자동차 및 부품 판매업,3
2025-01,바레인,출판업,3
2025-01,바레인,화학물질 및 화학제품 제조업; 의약품 제외,3
2025-01,바베이도스,금융 및 보험 관련 서비스업,4
2025-01,방글라데시,1차 금속 제조업,4
2025-01,방글라데시,가죽  가방 및 신발 제조업,4
2025-01,방글라데시,고무 및 플라스틱제품 제조업,4
2025-01,방글라데시,금속가공제품 제조업; 기계 및 가구 제외,4
2025-01,방글라데시,기타 제품 제조업,4
2025-01,방글라데시,도매 및 상품 중개업,4
2025-01,방글라데시,보건업,4
2025-01,방글라데시,비금속 광물제품 제조업,4
2025-01,방글라데시,섬유제품 제조업; 의복제외,4
2025-01,방글라데시,식료품 제조업,4
2025-01,방글라데시,음료 제조업,5
2025-01,방글라데시,의료  정밀  광학기기 및 시계 제조업,4
2025-01,방글라데시,의료용 물질 및 의약품 제조업,4
2025-01,방글라데시,의복  의복 액세서리 및 모피제품 제조업,4
2025-01,방글라데시,인쇄 및 기록매체 복제업,4
2025-01,방글라데시,자동차 및 부품 판매업,4
2025-01,방글라데시,전기장비 제조업,4
2025-01,방글라데시,출판업,5
2025-01,방글라데시,코크스  연탄 및 석유정제품 제조업,4
2025-01,방글라데시,펄프  종이 및 종이제품 제조업,4
2025-01,방글라데시,화학물질 및 화학제품 제조업; 의약품 제외,4
2025-01,베넹,도매 및 상품 중개업,5
2025-01,베트남,1차 금속 제조업,4
2025-01,베트남,가구 제조업,5
2025-01,베트남,가죽  가방 및 신발 제조업,4
2025-01,베트남,개인 및 소비용품 수리업,4
2025-01,베트남,고무 및 플라스틱제품 제조업,4
2025-01,베트남,금속 광업,4
2025-01,베트남,금속가공제품 제조업; 기계 및 가구 제외,4
2025-01,베트남,기타 기계 및 장비 제조업,4
2025-01,베트남,기타 운송장비 제조업,4
2025-01,베트남,기타 전문  과학 및 기술 서비스업,4
2025-01,베트남,기타 제품 제조업,4
2025-01,베트남,농업,4
2025-01,베트남,도매 및 상품 중개업,4
2025-01,베트남,목재 및 나무제품 제조업; 가구 제외,4
2025-01,베트남,비금속 광물제품 제조업,4
2025-01,베트남,산업용 기계 및 장비 수리업,4
2025-01,베트남,섬유제품 제조업; 의복제외,4
2025-01,베트남,소매업; 자동차 제외,4
2025-01,베트남,식료품 제조업,4
2025-01,베트남,음료 제조업,5
2025-01,베트남,의료  정밀  광학기기 및 시계 제조업,4
2025-01,베트남,의료용 물질 및 의약품 제조업,4
2025-01,베트남,의복  의복 액세서리 및 모피제품 제조업,4
2025-01,베트남,인쇄 및 기록매체 복제업,4
2025-01,베트남,자동차 및 부품 판매업,4
2025-01,베트남,자동차 및 트레일러 제조업,4
2025-01,베트남,전기장비 제조업,4
2025-01,베트남,전문 서비스업,4
2025-01,베트남,전문직별 공사업,4
2025-01,베트남,전자부품  컴퓨터  영상  음향 및 통신장비 제조업,4
2025-01,베트남,종합 건설업,4
2025-01,베트남,창고 및 운송관련 서비스업,4
2025-01,베트남,코크스  연탄 및 석유정제품 제조업,4
2025-01,베트남,펄프  종이 및 종이제품 제조업,4
2025-01,베트남,폐기물 수집  운반  처리 및 원료 재생업,4
2025-01,베트남,화학물질 및 화학제품 제조업; 의약품 제외,4
2025-01,벨기에,1차 금속 제조업,4
2025-01,벨기에,고무 및 플라스틱제품 제조업,2
2025-01,벨기에,금속가공제품 제조업; 기계 및 가구 제외,2
2025-01,벨기에,금융업,2
2025-01,벨기에,기타 기계 및 장비 제조업,2
2025-01,벨기에,도매 및 상품 중개업,2
2025-01,벨기에,목재 및 나무제품 제조업; 가구 제외,2
2025-01,벨기에,비금속 광물제품 제조업,2
2025-01,벨기에,사업지원 서비스업,2
2025-01,벨기에,산업용 기계 및 장비 수리업,2
2025-01,벨기에,섬유제품 제조업; 의복제외,2
2025-01,벨기에,소매업; 자동차 제외,2
2025-01,벨기에,수상 운송업,2
2025-01,벨기에,식료품 제조업,2
2025-01,벨기에,의료  정밀  광학기기 및 시계 제조업,2
2025-01,벨기에,의복  의복 액세서리 및 모피제품 제조업,2
2025-01,벨기에,자동차 및 부품 판매업,2
2025-01,벨기에,자동차 및 트레일러 제조업,2
2025-01,벨기에,전기장비 제조업,2
2025-01,벨기에,전문 서비스업,2
2025-01,벨기에,전자부품  컴퓨터  영상  음향 및 통신장비 제조업,2
2025-01,벨기에,창고 및 운송관련 서비스업,2
2025-01,벨기에,컴퓨터 프로그래밍  시스템 통합 및 관리업,2
2025-01,벨기에,코크스  연탄 및 석유정제품 제조업,2
2025-01,벨기에,펄프  종이 및 종이제품 제조업,2
2025-01,벨기에,화학물질 및 화학제품 제조업; 의약품 제외,2
2025-01,벨라루스,도매 및 상품 중개업,5
2025-01,벨라루스,자동차 및 부품 판매업,5
2025-01,벨라루스,종합 건설업,5
2025-01,벨리즈,도매 및 상품 중개업,4
2025-01,벨리즈,소매업; 자동차 제외,4
2025-01,벨리즈,자동차 및 부품 판매업,4
2025-01,보스니아-헤르체코비나,도매 및 상품 중개업,3
2025-01,보스니아-헤르체코비나,소매업; 자동차 제외,4
2025-01,보스니아-헤르체코비나,자동차 및 부품 판매업,4
2025-01,보스니아-헤르체코비나,펄프  종이 및 종이제품 제조업,4
2025-01,볼리비아,가구 제조업,4
2025-01,볼리비아,금속 광업,4
2025-01,볼리비아,도매 및 상품 중개업,5
2025-01,볼리비아,육상운송 및 파이프라인 운송업,4
2025-01,볼리비아,자동차 및 부품 판매업,4
2025-01,볼리비아,화학물질 및 화학제품 제조업; 의약품 제외,4
2025-01,부룬디,가구 제조업,5
2025-01,부르키나파소,금속 광업,5
2025-01,부르키나파소,기타 운송장비 제조업,5
2025-01,부르키나파소,도매 및 상품 중개업,5
2025-01,부르키나파소,비금속광물 광업; 연료용 제외,5
2025-01,북마케도니아,도매 및 상품 중개업,3
2025-01,북마케도니아,소매업; 자동차 제외,3
2025-01,북마케도니아,자동차 및 트레일러 제조업,3
2025-01,북마케도니아,펄프  종이 및 종이제품 제조업,3
2025-01,불가리아,개인 및 소비용품 수리업,3
2025-01,불가리아,고무 및 플라스틱제품 제조업,3
2025-01,불가리아,금속가공제품 제조업; 기계 및 가구 제외,3
2025-01,불가리아,기타 기계 및 장비 제조업,3
2025-01,불가리아,기타 제품 제조업,3
2025-01,불가리아,담배 제조업,3
2025-01,불가리아,도매 및 상품 중개업,4
2025-01,불가리아,섬유제품 제조업; 의복제외,3
2025-01,불가리아,식료품 제조업,3
2025-01,불가리아,우편 및 통신업,3
2025-01,불가리아,의료용 물질 및 의약품 제조업,3
2025-01,불가리아,인쇄 및 기록매체 복제업,3
2025-01,불가리아,자동차 및 부품 판매업,3
2025-01,불가리아,자동차 및 트레일러 제조업,3
2025-01,불가리아,전기장비 제조업,3
2025-01,불가리아,펄프  종이 및 종이제품 제조업,3
2025-01,불가리아,화학물질 및 화학제품 제조업; 의약품 제외,3
2025-01,브라질,1차 금속 제조업,4
2025-01,브라질,가구 제조업,4
2025-01,브라질,가죽  가방 및 신발 제조업,4
2025-01,브라질,고무 및 플라스틱제품 제조업,4
2025-01,브라질,금속가공제품 제조업; 기계 및 가구 제외,4
2025-01,브라질,금융 및 보험 관련 서비스업,4
2025-01,브라질,금융업,4
2025-01,브라질,기타 기계 및 장비 제조업,4
2025-01,브라질,기타 운송장비 제조업,5
2025-01,브라질,기타 제품 제조업,4
2025-01,브라질,도매 및 상품 중개업,4
2025-01,브라질,목재 및 나무제품 제조업; 가구 제외,4
2025-01,브라질,비금속 광물제품 제조업,4
2025-01,브라질,사업지원 서비스업,4
2025-01,브라질,섬유제품 제조업; 의복제외,4
2025-01,브라질,소매업; 자동차 제외,4
2025-01,브라질,숙박업,4
2025-01,브라질,식료품 제조업,4
2025-01,브라질,연구개발업,4
2025-01,브라질,의료  정밀  광학기기 및 시계 제조업,4
2025-01,브라질,의료용 물질 및 의약품 제조업,4
2025-01,브라질,의복  의복 액세서리 및 모피제품 제조업,4
2025-01,브라질,인쇄 및 기록매체 복제업,4
2025-01,브라질,자동차 및 부품 판매업,4
2025-01,브라질,자동차 및 트레일러 제조업,4
2025-01,브라질,전기장비 제조업,4
2025-01,브라질,전문 서비스업,4
2025-01,브라질,전문직별 공사업,4
2025-01,브라질,전자부품  컴퓨터  영상  음향 및 통신장비 제조업,4
2025-01,브라질,창고 및 운송관련 서비스업,4
2025-01,브라질,컴퓨터 프로그래밍  시스템 통합 및 관리업,4
2025-01,브라질,코크스  연탄 및 석유정제품 제조업,4
2025-01,브라질,펄프  종이 및 종이제품 제조업,4
2025-01,브라질,화학물질 및 화학제품 제조업; 의약품 제외,4
2025-01,사우디아라비아,1차 금속 제조업,3
2025-01,사우디아라비아,가구 제조업,3
2025-01,사우디아라비아,건축기술  엔지니어링 및 기타 과학기술 서비스업,3
2025-01,사우디아라비아,고무 및 플라스틱제품 제조업,3
2025-01,사우디아라비아,광업 지원 서비스업,3
2025-01,사우디아라비아,금속가공제품 제조업; 기계 및 가구 제외,4
2025-01,사우디아라비아,금융업,3
2025-01,사우디아라비아,기타 기계 및 장비 제조업,3
2025-01,사우디아라비아,도매 및 상품 중개업,4
2025-01,사우디아라비아,비금속 광물제품 제조업,4
2025-01,사우디아라비아,사업시설 관리 및 조경 서비스업,3
2025-01,사우디아라비아,사업지원 서비스업,3
2025-01,사우디아라비아,섬유제품 제조업; 의복제외,3
2025-01,사우디아라비아,소매업; 자동차 제외,3
2025-01,사우디아라비아,수도업,3
2025-01,사우디아라비아,수상 운송업,5
2025-01,사우디아라비아,식료품 제조업,3
2025-01,사우디아라비아,의료  정밀  광학기기 및 시계 제조업,3
2025-01,사우디아라비아,의료용 물질 및 의약품 제조업,3
2025-01,사우디아라비아,의복  의복 액세서리 및 모피제품 제조업,4
2025-01,사우디아라비아,자동차 및 부품 판매업,4
2025-01,사우디아라비아,전기  가스  증기 및 공기조절 공급업,3
2025-01,사우디아라비아,전기장비 제조업,3
2025-01,사우디아라비아,전문직별 공사업,3
2025-01,사우디아라비아,종합 건설업,3
2025-01,사우디아라비아,창고 및 운송관련 서비스업,3
2025-01,사우디아라비아,출판업,3
2025-01,사우디아라비아,컴퓨터 프로그래밍  시스템 통합 및 관리업,3
2025-01,사우디아라비아,코크스  연탄 및 석유정제품 제조업,3
2025-01,사우디아라비아,펄프  종이 및 종이제품 제조업,4
2025-01,사우디아라비아,화학물질 및 화학제품 제조업; 의약품 제외,3
2025-01,사이프러스,도매 및 상품 중개업,2
2025-01,사이프러스,수상 운송업,2
2025-01,사이프러스,자동차 및 부품 판매업,2
2025-01,산 마리노,1차 금속 제조업,5
2025-01,산 마리노,고무 및 플라스틱제품 제조업,2
2025-01,세네갈,가구 제조업,5
2025-01,세네갈,도매 및 상품 중개업,5
2025-01,세르비아,고무 및 플라스틱제품 제조업,3
2025-01,세르비아,도매 및 상품 중개업,3
2025-01,세르비아,사업지원 서비스업,3
2025-01,세르비아,섬유제품 제조업; 의복제외,4
2025-01,세르비아,자동차 및 부품 판매업,3
2025-01,세르비아,자동차 및 트레일러 제조업,3
2025-01,세르비아,전기장비 제조업,3
2025-01,세르비아,전문직별 공사업,3
2025-01,세르비아,전자부품  컴퓨터  영상  음향 및 통신장비 제조업,3
2025-01,세르비아,컴퓨터 프로그래밍  시스템 통합 및 관리업,3
2025-01,세르비아,화학물질 및 화학제품 제조업; 의약품 제외,4
2025-01,세이셸,도매 및 상품 중개업,4
2025-01,세이셸,소매업; 자동차 제외,4
2025-01,세인트 빈센트 그레나딘,도매 및 상품 중개업,4
2025-01,수리남,금속 광업,5
2025-01,스리랑카,고무 및 플라스틱제품 제조업,5
2025-01,스리랑카,금속가공제품 제조업; 기계 및 가구 제외,4
2025-01,스리랑카,도매 및 상품 중개업,4
2025-01,스리랑카,비금속 광물제품 제조업,4
2025-01,스리랑카,섬유제품 제조업; 의복제외,4
2025-01,스리랑카,식료품 제조업,4
2025-01,스리랑카,의복  의복 액세서리 및 모피제품 제조업,4
2025-01,스리랑카,자동차 및 부품 판매업,4
2025-01,스리랑카,전기장비 제조업,4
2025-01,스리랑카,화학물질 및 화학제품 제조업; 의약품 제외,4
2025-01,스웨덴,1차 금속 제조업,2
2025-01,스웨덴,개인 및 소비용품 수리업,2
2025-01,스웨덴,건축기술  엔지니어링 및 기타 과학기술 서비스업,4
2025-01,스웨덴,고무 및 플라스틱제품 제조업,2
2025-01,스웨덴,금속가공제품 제조업; 기계 및 가구 제외,2
2025-01,스웨덴,기타 기계 및 장비 제조업,2
2025-01,스웨덴,도매 및 상품 중개업,2
2025-01,스웨덴,섬유제품 제조업; 의복제외,2
2025-01,스웨덴,소매업; 자동차 제외,2
2025-01,스웨덴,연구개발업,2
2025-01,스웨덴,자동차 및 부품 판매업,2
2025-01,스웨덴,자동차 및 트레일러 제조업,2
2025-01,스웨덴,전기장비 제조업,2
2025-01,스웨덴,전문 서비스업,2
2025-01,스웨덴,전자부품  컴퓨터  영상  음향 및 통신장비 제조업,2
2025-01,스웨덴,컴퓨터 프로그래밍  시스템 통합 및 관리업,2
2025-01,스웨덴,코크스  연탄 및 석유정제품 제조업,2
2025-01,스웨덴,펄프  종이 및 종이제품 제조업,2
2025-01,스웨덴,화학물질 및 화학제품 제조업; 의약품 제외,2
2025-01,스위스,1차 금속 제조업,1
2025-01,스위스,가죽  가방 및 신발 제조업,1
2025-01,스위스,고무 및 플라스틱제품 제조업,1
2025-01,스위스,금속가공제품 제조업; 기계 및 가구 제외,1
2025-01,스위스,금융 및 보험 관련 서비스업,1
2025-01,스위스,기타 기계 및 장비 제조업,1
2025-01,스위스,기타 운송장비 제조업,1
2025-01,스위스,기타 제품 제조업,1
2025-01,스위스,담배 제조업,1
2025-01,스위스,도매 및 상품 중개업,2
2025-01,스위스,비금속 광물제품 제조업,1
2025-01,스위스,사업지원 서비스업,1
2025-01,스위스,소매업; 자동차 제외,1
2025-01,스위스,수도업,1
2025-01,스위스,수상 운송업,1
2025-01,스위스,의료  정밀  광학기기 및 시계 제조업,1
2025-01,스위스,의료용 물질 및 의약품 제조업,1
2025-01,스위스,의복  의복 액세서리 및 모피제품 제조업,1
2025-01,스위스,자동차 및 부품 판매업,1
2025-01,스위스,전기장비 제조업,1
2025-01,스위스,전문 서비스업,1
2025-01,스위스,전문직별 공사업,1
2025-01,스위스,전자부품  컴퓨터  영상  음향 및 통신장비 제조업,1
2025-01,스위스,코크스  연탄 및 석유정제품 제조업,1
2025-01,스위스,화학물질 및 화학제품 제조업; 의약품 제외,1
2025-01,스페인,1차 금속 제조업,2
2025-01,스페인,개인 및 소비용품 수리업,2
2025-01,스페인,건축기술  엔지니어링 및 기타 과학기술 서비스업,2
2025-01,스페인,고무 및 플라스틱제품 제조업,2
2025-01,스페인,금속가공제품 제조업; 기계 및 가구 제외,2
2025-01,스페인,금융업,2
2025-01,스페인,기타 기계 및 장비 제조업,2
2025-01,스페인,기타 운송장비 제조업,5
2025-01,스페인,기타 제품 제조업,2
2025-01,스페인,도매 및 상품 중개업,2
2025-01,스페인,비금속 광물제품 제조업,2
2025-01,스페인,비금속광물 광업; 연료용 제외,2
2025-01,스페인,사업지원 서비스업,2
2025-01,스페인,산업용 기계 및 장비 수리업,2
2025-01,스페인,섬유제품 제조업; 의복제외,2
2025-01,스페인,소매업; 자동차 제외,2
2025-01,스페인,식료품 제조업,2
2025-01,스페인,우편 및 통신업,2
2025-01,스페인,의료  정밀  광학기기 및 시계 제조업,2
2025-01,스페인,의료용 물질 및 의약품 제조업,2
2025-01,스페인,인쇄 및 기록매체 복제업,2
2025-01,스페인,자동차 및 부품 판매업,2
2025-01,스페인,자동차 및 트레일러 제조업,3
2025-01,스페인,전기  가스  증기 및 공기조절 공급업,5
2025-01,스페인,전기장비 제조업,2
2025-01,스페인,전문 서비스업,2
2025-01,스페인,전문직별 공사업,2
2025-01,스페인,전자부품  컴퓨터  영상  음향 및 통신장비 제조업,2
2025-01,스페인,종합 건설업,2
2025-01,스페인,컴퓨터 프로그래밍  시스템 통합 및 관리업,2
2025-01,스페인,코크스  연탄 및 석유정제품 제조업,2
2025-01,스페인,펄프  종이 및 종이제품 제조업,2
2025-01,스페인,하수  폐수 및 분뇨 처리업,2
2025-01,스페인,화학물질 및 화학제품 제조업; 의약품 제외,2
2025-01,슬로바키아,고무 및 플라스틱제품 제조업,2
2025-01,슬로바키아,기타 기계 및 장비 제조업,2
2025-01,슬로바키아,도매 및 상품 중개업,2
2025-01,슬로바키아,목재 및 나무제품 제조업; 가구 제외,2
2025-01,슬로바키아,비금속 광물제품 제조업,2
2025-01,슬로바키아,산업용 기계 및 장비 수리업,2
2025-01,슬로바키아,섬유제품 제조업; 의복제외,2
2025-01,슬로바키아,소매업; 자동차 제외,2
2025-01,슬로바키아,의료  정밀  광학기기 및 시계 제조업,2
2025-01,슬로바키아,의복  의복 액세서리 및 모피제품 제조업,2
2025-01,슬로바키아,인쇄 및 기록매체 복제업,2
2025-01,슬로바키아,자동차 및 부품 판매업,2
2025-01,슬로바키아,자동차 및 트레일러 제조업,2
2025-01,슬로바키아,전기장비 제조업,2
2025-01,슬로바키아,전문직별 공사업,2
2025-01,슬로바키아,전자부품  컴퓨터  영상  음향 및 통신장비 제조업,2
2025-01,슬로바키아,화학물질 및 화학제품 제조업; 의약품 제외,3
2025-01,슬로베니아,기타 기계 및 장비 제조업,2
2025-01,슬로베니아,기타 제품 제조업,2
2025-01,슬로베니아,도매 및 상품 중개업,2
2025-01,슬로베니아,섬유제품 제조업; 의복제외,2
2025-01,슬로베니아,소매업; 자동차 제외,2
2025-01,슬로베니아,자동차 및 부품 판매업,2
2025-01,슬로베니아,전기장비 제조업,2
2025-01,슬로베니아,전문직별 공사업,2
2025-01,슬로베니아,화학물질 및 화학제품 제조업; 의약품 제외,2
2025-01,시에라리온,도매 및 상품 중개업,5
2025-01,싱가포르,1차 금속 제조업,1
2025-01,싱가포르,가죽  가방 및 신발 제조업,1
2025-01,싱가포르,건축기술  엔지니어링 및 기타 과학기술 서비스업,1
2025-01,싱가포르,고무 및 플라스틱제품 제조업,1
2025-01,싱가포르,광업 지원 서비스업,1
2025-01,싱가포르,금속가공제품 제조업; 기계 및 가구 제외,1
2025-01,싱가포르,금융업,1
2025-01,싱가포르,기타 기계 및 장비 제조업,1
2025-01,싱가포르,기타 운송장비 제조업,1
2025-01,싱가포르,담배 제조업,1
2025-01,싱가포르,도매 및 상품 중개업,1
2025-01,싱가포르,비금속 광물제품 제조업,1
2025-01,싱가포르,사업지원 서비스업,2
2025-01,싱가포르,석탄  원유 및 천연가스 광업,1
2025-01,싱가포르,섬유제품 제조업; 의복제외,1
2025-01,싱가포르,소매업; 자동차 제외,1
2025-01,싱가포르,수상 운송업,1
2025-01,싱가포르,식료품 제조업,3
2025-01,싱가포르,음료 제조업,1
2025-01,싱가포르,의료  정밀  광학기기 및 시계 제조업,1
2025-01,싱가포르,인쇄 및 기록매체 복제업,1
2025-01,싱가포르,임대업; 부동산 제외,1
2025-01,싱가포르,자동차 및 부품 판매업,1
2025-01,싱가포르,자동차 및 트레일러 제조업,1
2025-01,싱가포르,전기  가스  증기 및 공기조절 공급업,1
2025-01,싱가포르,전기장비 제조업,1
2025-01,싱가포르,전문 서비스업,2
2025-01,싱가포르,전문직별 공사업,1
2025-01,싱가포르,전자부품  컴퓨터  영상  음향 및 통신장비 제조업,1
2025-01,싱가포르,종합 건설업,1
2025-01,싱가포르,창고 및 운송관련 서비스업,1
2025-01,싱가포르,출판업,1
2025-01,싱가포르,코크스  연탄 및 석유정제품 제조업,1
2025-01,싱가포르,펄프  종이 및 종이제품 제조업,1
2025-01,싱가포르,화학물질 및 화학제품 제조업; 의약품 제외,1
2025-01,아랍에미리트 연합,1차 금속 제조업,4
2025-01,아랍에미리트 연합,가구 제조업,3
2025-01,아랍에미리트 연합,고무 및 플라스틱제품 제조업,3
2025-01,아랍에미리트 연합,광업 지원 서비스업,3
2025-01,아랍에미리트 연합,금속 광업,3
2025-01,아랍에미리트 연합,금속가공제품 제조업; 기계 및 가구 제외,3
2025-01,아랍에미리트 연합,기타 기계 및 장비 제조업,3
2025-01,아랍에미리트 연합,도매 및 상품 중개업,3
2025-01,아랍에미리트 연합,비금속 광물제품 제조업,3
2025-01,아랍에미리트 연합,소매업; 자동차 제외,3
2025-01,아랍에미리트 연합,수상 운송업,3
2025-01,아랍에미리트 연합,식료품 제조업,3
2025-01,아랍에미리트 연합,육상운송 및 파이프라인 운송업,3
2025-01,아랍에미리트 연합,의료용 물질 및 의약품 제조업,3
2025-01,아랍에미리트 연합,의복  의복 액세서리 및 모피제품 제조업,3
2025-01,아랍에미리트 연합,자동차 및 부품 판매업,3
2025-01,아랍에미리트 연합,자동차 및 트레일러 제조업,3
2025-01,아랍에미리트 연합,전기  가스  증기 및 공기조절 공급업,4
2025-01,아랍에미리트 연합,전기장비 제조업,3
2025-01,아랍에미리트 연합,전문 서비스업,3
2025-01,아랍에미리트 연합,전문직별 공사업,4
2025-01,아랍에미리트 연합,종합 건설업,4
2025-01,아랍에미리트 연합,창고 및 운송관련 서비스업,3
2025-01,아랍에미리트 연합,출판업,3
2025-01,아랍에미리트 연합,코크스  연탄 및 석유정제품 제조업,3
2025-01,아랍에미리트 연합,펄프  종이 및 종이제품 제조업,3
2025-01,아랍에미리트 연합,항공 운송업,2
2025-01,아랍에미리트 연합,화학물질 및 화학제품 제조업; 의약품 제외,3
2025-01,아루바,자동차 및 부품 판매업,4
2025-01,아르메니아,1차 금속 제조업,5
2025-01,아르메니아,가구 제조업,5
2025-01,아르메니아,고무 및 플라스틱제품 제조업,5
2025-01,아르메니아,도매 및 상품 중개업,5
2025-01,아르메니아,펄프  종이 및 종이제품 제조업,5
2025-01,아르헨티나,1차 금속 제조업,4
2025-01,아르헨티나,가구 제조업,4
2025-01,아르헨티나,고무 및 플라스틱제품 제조업,4
2025-01,아르헨티나,기타 개인 서비스업,4
2025-01,아르헨티나,기타 기계 및 장비 제조업,4
2025-01,아르헨티나,도매 및 상품 중개업,4
2025-01,아르헨티나,비금속 광물제품 제조업,4
2025-01,아르헨티나,석탄  원유 및 천연가스 광업,5
2025-01,아르헨티나,섬유제품 제조업; 의복제외,4
2025-01,아르헨티나,소매업; 자동차 제외,4
2025-01,아르헨티나,우편 및 통신업,5
2025-01,아르헨티나,의료  정밀  광학기기 및 시계 제조업,4
2025-01,아르헨티나,의료용 물질 및 의약품 제조업,5
2025-01,아르헨티나,의복  의복 액세서리 및 모피제품 제조업,4
2025-01,아르헨티나,인쇄 및 기록매체 복제업,4
2025-01,아르헨티나,자동차 및 부품 판매업,4
2025-01,아르헨티나,자동차 및 트레일러 제조업,4
2025-01,아르헨티나,전기장비 제조업,4
2025-01,아르헨티나,전자부품  컴퓨터  영상  음향 및 통신장비 제조업,4
2025-01,아르헨티나,펄프  종이 및 종이제품 제조업,4
2025-01,아르헨티나,화학물질 및 화학제품 제조업; 의약품 제외,4
2025-01,아이슬란드,개인 및 소비용품 수리업,2
2025-01,아이슬란드,고무 및 플라스틱제품 제조업,2
2025-01,아이슬란드,기타 전문  과학 및 기술 서비스업,2
2025-01,아이슬란드,소매업; 자동차 제외,2
2025-01,아이슬란드,자동차 및 부품 판매업,2
2025-01,아이슬란드,전문직별 공사업,2
2025-01,아이티,자동차 및 부품 판매업,5
2025-01,아일랜드,고무 및 플라스틱제품 제조업,1
2025-01,아일랜드,금속가공제품 제조업; 기계 및 가구 제외,1
2025-01,아일랜드,금융업,1
2025-01,아일랜드,기타 개인 서비스업,1
2025-01,아일랜드,기타 제품 제조업,1
2025-01,아일랜드,농업,1
2025-01,아일랜드,도매 및 상품 중개업,1
2025-01,아일랜드,비금속 광물제품 제조업,1
2025-01,아일랜드,소매업; 자동차 제외,1
2025-01,아일랜드,식료품 제조업,1
2025-01,아일랜드,의료  정밀  광학기기 및 시계 제조업,1
2025-01,아일랜드,의료용 물질 및 의약품 제조업,1
2025-01,아일랜드,인쇄 및 기록매체 복제업,1
2025-01,아일랜드,자동차 및 부품 판매업,1
2025-01,아일랜드,자동차 및 트레일러 제조업,1
2025-01,아일랜드,전기장비 제조업,1
2025-01,아일랜드,전문직별 공사업,1
2025-01,아일랜드,전자부품  컴퓨터  영상  음향 및 통신장비 제조업,1
2025-01,아일랜드,컴퓨터 프로그래밍  시스템 통합 및 관리업,1
2025-01,아일랜드,코크스  연탄 및 석유정제품 제조업,1
2025-01,아일랜드,펄프  종이 및 종이제품 제조업,1
2025-01,아일랜드,화학물질 및 화학제품 제조업; 의약품 제외,1
2025-01,아제르바이잔,1차 금속 제조업,4
2025-01,아제르바이잔,가구 제조업,4
2025-01,아제르바이잔,개인 및 소비용품 수리업,4
2025-01,아제르바이잔,도매 및 상품 중개업,5
2025-01,아제르바이잔,부동산업,4
2025-01,아제르바이잔,비금속 광물제품 제조업,4
2025-01,아제르바이잔,소매업; 자동차 제외,4
2025-01,아제르바이잔,자동차 및 부품 판매업,4
2025-01,아제르바이잔,컴퓨터 프로그래밍  시스템 통합 및 관리업,4
2025-01,아제르바이잔,화학물질 및 화학제품 제조업; 의약품 제외,4
2025-01,안도라,개인 및 소비용품 수리업,3
2025-01,안도라,도매 및 상품 중개업,4
2025-01,알제리,가죽  가방 및 신발 제조업,4
2025-01,알제리,고무 및 플라스틱제품 제조업,5
2025-01,알제리,기타 제품 제조업,4
2025-01,알제리,도매 및 상품 중개업,4
2025-01,알제리,비금속 광물제품 제조업,5
2025-01,알제리,의료용 물질 및 의약품 제조업,4
2025-01,알제리,의복  의복 액세서리 및 모피제품 제조업,5
2025-01,알제리,자동차 및 부품 판매업,4
2025-01,알제리,전기장비 제조업,5
2025-01,알제리,전문직별 공사업,4
2025-01,알제리,전자부품  컴퓨터  영상  음향 및 통신장비 제조업,4
2025-01,알제리,펄프  종이 및 종이제품 제조업,4
2025-01,알제리,화학물질 및 화학제품 제조업; 의약품 제외,5
2025-01,에스토니아,개인 및 소비용품 수리업,2
2025-01,에스토니아,금속가공제품 제조업; 기계 및 가구 제외,2
2025-01,에스토니아,기타 기계 및 장비 제조업,2
2025-01,에스토니아,도매 및 상품 중개업,2
2025-01,에스토니아,산업용 기계 및 장비 수리업,2
2025-01,에스토니아,섬유제품 제조업; 의복제외,2
2025-01,에스토니아,소매업; 자동차 제외,3
2025-01,에스토니아,임대업; 부동산 제외,2
2025-01,에스토니아,자동차 및 부품 판매업,2
2025-01,에스토니아,전기장비 제조업,2
2025-01,에스토니아,전자부품  컴퓨터  영상  음향 및 통신장비 제조업,2
2025-01,에스토니아,화학물질 및 화학제품 제조업; 의약품 제외,2
2025-01,에콰도르,가구 제조업,5
2025-01,에콰도르,고무 및 플라스틱제품 제조업,5
2025-01,에콰도르,금속가공제품 제조업; 기계 및 가구 제외,4
2025-01,에콰도르,도매 및 상품 중개업,4
2025-01,에콰도르,섬유제품 제조업; 의복제외,4
2025-01,에콰도르,소매업; 자동차 제외,4
2025-01,에콰도르,식료품 제조업,4
2025-01,에콰도르,어업,4
2025-01,에콰도르,의료용 물질 및 의약품 제조업,4
2025-01,에콰도르,자동차 및 부품 판매업,4
2025-01,에콰도르,자동차 및 트레일러 제조업,4
2025-01,에콰도르,전기장비 제조업,5
2025-01,에콰도르,펄프  종이 및 종이제품 제조업,4
2025-01,에콰도르,화학물질 및 화학제품 제조업; 의약품 제외,4
2025-01,에티오피아,도매 및 상품 중개업,5
2025-01,엘살바도르,1차 금속 제조업,4
2025-01,엘살바도르,고무 및 플라스틱제품 제조업,4
2025-01,엘살바도르,도매 및 상품 중개업,4
2025-01,엘살바도르,섬유제품 제조업; 의복제외,4
2025-01,엘살바도르,소매업; 자동차 제외,4
2025-01,엘살바도르,식료품 제조업,4
2025-01,엘살바도르,우편 및 통신업,4
2025-01,엘살바도르,자동차 및 부품 판매업,5
2025-01,엘살바도르,화학물질 및 화학제품 제조업; 의약품 제외,4
2025-01,영국,1차 금속 제조업,2
2025-01,영국,가구 제조업,2
2025-01,영국,개인 및 소비용품 수리업,3
2025-01,영국,고무 및 플라스틱제품 제조업,2
2025-01,영국,금속가공제품 제조업; 기계 및 가구 제외,2
2025-01,영국,금융업,2
2025-01,영국,기타 개인 서비스업,2
2025-01,영국,기타 기계 및 장비 제조업,2
2025-01,영국,기타 운송장비 제조업,2
2025-01,영국,기타 전문  과학 및 기술 서비스업,2
2025-01,영국,기타 제품 제조업,2
2025-01,영국,도매 및 상품 중개업,2
2025-01,영국,비금속 광물제품 제조업,2
2025-01,영국,사업지원 서비스업,2
2025-01,영국,산업용 기계 및 장비 수리업,2
2025-01,영국,섬유제품 제조업; 의복제외,2
2025-01,영국,소매업; 자동차 제외,2
2025-01,영국,수상 운송업,2
2025-01,영국,스포츠 및 오락관련 서비스업,2
2025-01,영국,식료품 제조업,2
2025-01,영국,우편 및 통신업,2
2025-01,영국,음료 제조업,2
2025-01,영국,의료  정밀  광학기기 및 시계 제조업,2
2025-01,영국,의료용 물질 및 의약품 제조업,2
2025-01,영국,의복  의복 액세서리 및 모피제품 제조업,2
2025-01,영국,인쇄 및 기록매체 복제업,2
2025-01,영국,자동차 및 부품 판매업,2
2025-01,영국,자동차 및 트레일러 제조업,2
2025-01,영국,전기  가스  증기 및 공기조절 공급업,3
2025-01,영국,전기장비 제조업,2
2025-01,영국,전문 서비스업,3
2025-01,영국,전문직별 공사업,2
2025-01,영국,전자부품  컴퓨터  영상  음향 및 통신장비 제조업,2
2025-01,영국,종합 건설업,2
2025-01,영국,창고 및 운송관련 서비스업,2
2025-01,영국,출판업,2
2025-01,영국,컴퓨터 프로그래밍  시스템 통합 및 관리업,2
2025-01,영국,코크스  연탄 및 석유정제품 제조업,2
2025-01,영국,펄프  종이 및 종이제품 제조업,2
2025-01,영국,화학물질 및 화학제품 제조업; 의약품 제외,2
2025-01,영국령 버진군도,금융 및 보험 관련 서비스업,4
2025-01,영국령 버진군도,금융업,4
2025-01,오만,1차 금속 제조업,3
2025-01,오만,가구 제조업,5
2025-01,오만,건축기술  엔지니어링 및 기타 과학기술 서비스업,3
2025-01,오만,고무 및 플라스틱제품 제조업,3
2025-01,오만,도매 및 상품 중개업,3
2025-01,오만,식료품 제조업,3
2025-01,오만,자동차 및 부품 판매업,3
2025-01,오만,종합 건설업,3
2025-01,오만,컴퓨터 프로그래밍  시스템 통합 및 관리업,4
2025-01,오만,화학물질 및 화학제품 제조업; 의약품 제외,3
2025-01,오스트리아,가구 제조업,1
2025-01,오스트리아,고무 및 플라스틱제품 제조업,1
2025-01,오스트리아,기타 기계 및 장비 제조업,2
2025-01,오스트리아,도매 및 상품 중개업,1
2025-01,오스트리아,비금속 광물제품 제조업,2
2025-01,오스트리아,산업용 기계 및 장비 수리업,1
2025-01,오스트리아,섬유제품 제조업; 의복제외,1
2025-01,오스트리아,식료품 제조업,1
2025-01,오스트리아,음료 제조업,1
2025-01,오스트리아,의료  정밀  광학기기 및 시계 제조업,1
2025-01,오스트리아,자동차 및 부품 판매업,1
2025-01,오스트리아,자동차 및 트레일러 제조업,2
2025-01,오스트리아,전기장비 제조업,2
2025-01,오스트리아,전문직별 공사업,1
2025-01,오스트리아,펄프  종이 및 종이제품 제조업,1
2025-01,온두라스,1차 금속 제조업,4
2025-01,온두라스,건축기술  엔지니어링 및 기타 과학기술 서비스업,4
2025-01,온두라스,고무 및 플라스틱제품 제조업,4
2025-01,온두라스,금속가공제품 제조업; 기계 및 가구 제외,4
2025-01,온두라스,농업,4
2025-01,온두라스,도매 및 상품 중개업,4
2025-01,온두라스,섬유제품 제조업; 의복제외,4
2025-01,온두라스,소매업; 자동차 제외,4
2025-01,온두라스,식료품 제조업,4
2025-01,온두라스,자동차 및 부품 판매업,5
2025-01,온두라스,화학물질 및 화학제품 제조업; 의약품 제외,4
2025-01,요르단,가구 제조업,3
2025-01,요르단,고무 및 플라스틱제품 제조업,3
2025-01,요르단,금속가공제품 제조업; 기계 및 가구 제외,3
2025-01,요르단,금융업,3
2025-01,요르단,기타 기계 및 장비 제조업,3
2025-01,요르단,농업,4
2025-01,요르단,도매 및 상품 중개업,4
2025-01,요르단,비금속 광물제품 제조업,4
2025-01,요르단,소매업; 자동차 제외,3
2025-01,요르단,식료품 제조업,3
2025-01,요르단,의료용 물질 및 의약품 제조업,3
2025-01,요르단,자동차 및 부품 판매업,3
2025-01,요르단,전기장비 제조업,3
2025-01,요르단,펄프  종이 및 종이제품 제조업,5
2025-01,요르단,협회 및 단체,3
2025-01,요르단,화학물질 및 화학제품 제조업; 의약품 제외,3
2025-01,우간다,1차 금속 제조업,5
2025-01,우간다,가구 제조업,5
2025-01,우간다,금속가공제품 제조업; 기계 및 가구 제외,5
2025-01,우간다,도매 및 상품 중개업,5
2025-01,우루과이,도매 및 상품 중개업,4
2025-01,우루과이,의료용 물질 및 의약품 제조업,4
2025-01,우루과이,자동차 및 부품 판매업,4
2025-01,우루과이,자동차 및 트레일러 제조업,4
2025-01,우루과이,전문직별 공사업,5
2025-01,우루과이,컴퓨터 프로그래밍  시스템 통합 및 관리업,4
2025-01,우루과이,펄프  종이 및 종이제품 제조업,4
2025-01,우루과이,화학물질 및 화학제품 제조업; 의약품 제외,4
2025-01,우즈베키스탄,1차 금속 제조업,4
2025-01,우즈베키스탄,고무 및 플라스틱제품 제조업,5
2025-01,우즈베키스탄,도매 및 상품 중개업,4
2025-01,우즈베키스탄,소매업; 자동차 제외,4
2025-01,우즈베키스탄,음식점 및 주점업,4
2025-01,우즈베키스탄,의료용 물질 및 의약품 제조업,4
2025-01,우즈베키스탄,자동차 및 부품 판매업,5
2025-01,우즈베키스탄,자동차 및 트레일러 제조업,5
2025-01,우즈베키스탄,전기장비 제조업,5
2025-01,우즈베키스탄,펄프  종이 및 종이제품 제조업,4
2025-01,우크라이나,고무 및 플라스틱제품 제조업,4
2025-01,우크라이나,도매 및 상품 중개업,5
2025-01,우크라이나,산업용 기계 및 장비 수리업,5
2025-01,우크라이나,소매업; 자동차 제외,5
2025-01,우크라이나,자동차 및 부품 판매업,4
2025-01,우크라이나,전기장비 제조업,4
2025-01,우크라이나,화학물질 및 화학제품 제조업; 의약품 제외,5
2025-01,이라크,도매 및 상품 중개업,5
2025-01,이라크,자동차 및 부품 판매업,5
2025-01,이스라엘,1차 금속 제조업,3
2025-01,이스라엘,고무 및 플라스틱제품 제조업,3
2025-01,이스라엘,금속가공제품 제조업; 기계 및 가구 제외,3
2025-01,이스라엘,금융업,3
2025-01,이스라엘,기타 기계 및 장비 제조업,3
2025-01,이스라엘,도매 및 상품 중개업,3
2025-01,이스라엘,비금속 광물제품 제조업,3
2025-01,이스라엘,산업용 기계 및 장비 수리업,3
2025-01,이스라엘,섬유제품 제조업; 의복제외,3
2025-01,이스라엘,소매업; 자동차 제외,3
2025-01,이스라엘,식료품 제조업,4
2025-01,이스라엘,우편 및 통신업,3
2025-01,이스라엘,의료  정밀  광학기기 및 시계 제조업,3
2025-01,이스라엘,의료용 물질 및 의약품 제조업,3
2025-01,이스라엘,의복  의복 액세서리 및 모피제품 제조업,3
2025-01,이스라엘,자동차 및 부품 판매업,3
2025-01,이스라엘,전기장비 제조업,3
2025-01,이스라엘,전문직별 공사업,3
2025-01,이스라엘,전자부품  컴퓨터  영상  음향 및 통신장비 제조업,3
2025-01,이스라엘,컴퓨터 프로그래밍  시스템 통합 및 관리업,3
2025-01,이스라엘,펄프  종이 및 종이제품 제조업,3
2025-01,이스라엘,화학물질 및 화학제품 제조업; 의약품 제외,3
2025-01,이집트,1차 금속 제조업,5
2025-01,이집트,가구 제조업,5
2025-01,이집트,고무 및 플라스틱제품 제조업,4
2025-01,이집트,금속가공제품 제조업; 기계 및 가구 제외,5
2025-01,이집트,기타 기계 및 장비 제조업,4
2025-01,이집트,도매 및 상품 중개업,5
2025-01,이집트,부동산업,4
2025-01,이집트,비금속 광물제품 제조업,4
2025-01,이집트,사업지원 서비스업,4
2025-01,이집트,섬유제품 제조업; 의복제외,4
2025-01,이집트,소매업; 자동차 제외,4
2025-01,이집트,식료품 제조업,4
2025-01,이집트,우편 및 통신업,4
2025-01,이집트,의료  정밀  광학기기 및 시계 제조업,4
2025-01,이집트,의료용 물질 및 의약품 제조업,4
2025-01,이집트,의복  의복 액세서리 및 모피제품 제조업,5
2025-01,이집트,자동차 및 부품 판매업,5
2025-01,이집트,자동차 및 트레일러 제조업,4
2025-01,이집트,전기장비 제조업,5
2025-01,이집트,전문직별 공사업,4
2025-01,이집트,전자부품  컴퓨터  영상  음향 및 통신장비 제조업,4
2025-01,이집트,출판업,4
2025-01,이집트,코크스  연탄 및 석유정제품 제조업,4
2025-01,이집트,펄프  종이 및 종이제품 제조업,5
2025-01,이집트,화학물질 및 화학제품 제조업; 의약품 제외,5
2025-01,이탈리아,1차 금속 제조업,2
2025-01,이탈리아,가구 제조업,2
2025-01,이탈리아,가죽  가방 및 신발 제조업,2
2025-01,이탈리아,개인 및 소비용품 수리업,2
2025-01,이탈리아,고무 및 플라스틱제품 제조업,2
2025-01,이탈리아,금속가공제품 제조업; 기계 및 가구 제외,2
2025-01,이탈리아,금융업,2
2025-01,이탈리아,기타 기계 및 장비 제조업,2
2025-01,이탈리아,기타 운송장비 제조업,3
2025-01,이탈리아,기타 제품 제조업,3
2025-01,이탈리아,농업,2
2025-01,이탈리아,도매 및 상품 중개업,2
2025-01,이탈리아,비금속 광물제품 제조업,2
2025-01,이탈리아,산업용 기계 및 장비 수리업,2
2025-01,이탈리아,섬유제품 제조업; 의복제외,2
2025-01,이탈리아,소매업; 자동차 제외,3
2025-01,이탈리아,수상 운송업,2
2025-01,이탈리아,식료품 제조업,2
2025-01,이탈리아,우편 및 통신업,2
2025-01,이탈리아,음료 제조업,2
2025-01,이탈리아,의료  정밀  광학기기 및 시계 제조업,2
2025-01,이탈리아,의료용 물질 및 의약품 제조업,2
2025-01,이탈리아,의복  의복 액세서리 및 모피제품 제조업,2
2025-01,이탈리아,인쇄 및 기록매체 복제업,2
2025-01,이탈리아,임대업; 부동산 제외,2
2025-01,이탈리아,자동차 및 부품 판매업,3
2025-01,이탈리아,자동차 및 트레일러 제조업,2
2025-01,이탈리아,전기  가스  증기 및 공기조절 공급업,2
2025-01,이탈리아,전기장비 제조업,2
2025-01,이탈리아,전문 서비스업,2
2025-01,이탈리아,전문직별 공사업,2
2025-01,이탈리아,전자부품  컴퓨터  영상  음향 및 통신장비 제조업,2
2025-01,이탈리아,종합 건설업,2
2025-01,이탈리아,창고 및 운송관련 서비스업,2
2025-01,이탈리아,출판업,2
2025-01,이탈리아,컴퓨터 프로그래밍  시스템 통합 및 관리업,2
2025-01,이탈리아,코크스  연탄 및 석유정제품 제조업,2
2025-01,이탈리아,펄프  종이 및 종이제품 제조업,2
2025-01,이탈리아,화학물질 및 화학제품 제조업; 의약품 제외,2
2025-01,인도,1차 금속 제조업,4
2025-01,인도,가구 제조업,4
2025-01,인도,가죽  가방 및 신발 제조업,4
2025-01,인도,개인 및 소비용품 수리업,4
2025-01,인도,건축기술  엔지니어링 및 기타 과학기술 서비스업,4
2025-01,인도,고무 및 플라스틱제품 제조업,4
2025-01,인도,교육 서비스업,4
2025-01,인도,금속 광업,4
2025-01,인도,금속가공제품 제조업; 기계 및 가구 제외,4
2025-01,인도,금융 및 보험 관련 서비스업,4
2025-01,인도,기타 개인 서비스업,4
2025-01,인도,기타 기계 및 장비 제조업,4
2025-01,인도,기타 운송장비 제조업,4
2025-01,인도,기타 제품 제조업,4
2025-01,인도,농업,4
2025-01,인도,담배 제조업,4
2025-01,인도,도매 및 상품 중개업,4
2025-01,인도,방송업,4
2025-01,인도,보건업,4
2025-01,인도,부동산업,4
2025-01,인도,비금속 광물제품 제조업,4
2025-01,인도,섬유제품 제조업; 의복제외,4
2025-01,인도,소매업; 자동차 제외,4
2025-01,인도,수상 운송업,4
2025-01,인도,숙박업,4
2025-01,인도,식료품 제조업,4
2025-01,인도,우편 및 통신업,4
2025-01,인도,음료 제조업,4
2025-01,인도,의료  정밀  광학기기 및 시계 제조업,4
2025-01,인도,의료용 물질 및 의약품 제조업,4
2025-01,인도,의복  의복 액세서리 및 모피제품 제조업,4
2025-01,인도,인쇄 및 기록매체 복제업,4
2025-01,인도,자동차 및 부품 판매업,4
2025-01,인도,자동차 및 트레일러 제조업,4
2025-01,인도,전기장비 제조업,4
2025-01,인도,전문직별 공사업,4
2025-01,인도,전자부품  컴퓨터  영상  음향 및 통신장비 제조업,4
2025-01,인도,종합 건설업,4
2025-01,인도,창고 및 운송관련 서비스업,4
2025-01,인도,출판업,4
2025-01,인도,컴퓨터 프로그래밍  시스템 통합 및 관리업,5
2025-01,인도,코크스  연탄 및 석유정제품 제조업,4
2025-01,인도,펄프  종이 및 종이제품 제조업,4
2025-01,인도,화학물질 및 화학제품 제조업; 의약품 제외,4
2025-01,인도네시아,1차 금속 제조업,4
2025-01,인도네시아,가죽  가방 및 신발 제조업,3
2025-01,인도네시아,건축기술  엔지니어링 및 기타 과학기술 서비스업,3
2025-01,인도네시아,고무 및 플라스틱제품 제조업,4
2025-01,인도네시아,금속 광업,4
2025-01,인도네시아,금속가공제품 제조업; 기계 및 가구 제외,4
2025-01,인도네시아,기타 기계 및 장비 제조업,3
2025-01,인도네시아,담배 제조업,3
2025-01,인도네시아,도매 및 상품 중개업,4
2025-01,인도네시아,비금속 광물제품 제조업,4
2025-01,인도네시아,사업시설 관리 및 조경 서비스업,3
2025-01,인도네시아,석탄  원유 및 천연가스 광업,4
2025-01,인도네시아,섬유제품 제조업; 의복제외,4
2025-01,인도네시아,소매업; 자동차 제외,4
2025-01,인도네시아,식료품 제조업,3
2025-01,인도네시아,음료 제조업,3
2025-01,인도네시아,의료용 물질 및 의약품 제조업,3
2025-01,인도네시아,의복  의복 액세서리 및 모피제품 제조업,4
2025-01,인도네시아,인쇄 및 기록매체 복제업,4
2025-01,인도네시아,임대업; 부동산 제외,4
2025-01,인도네시아,자동차 및 부품 판매업,3
2025-01,인도네시아,자동차 및 트레일러 제조업,4
2025-01,인도네시아,전기장비 제조업,3
2025-01,인도네시아,전문직별 공사업,4
2025-01,인도네시아,전자부품  컴퓨터  영상  음향 및 통신장비 제조업,4
2025-01,인도네시아,종합 건설업,4
2025-01,인도네시아,창고 및 운송관련 서비스업,3
2025-01,인도네시아,펄프  종이 및 종이제품 제조업,3
2025-01,인도네시아,화학물질 및 화학제품 제조업; 의약품 제외,4
2025-01,일본,1차 금속 제조업,2
2025-01,일본,가죽  가방 및 신발 제조업,2
2025-01,일본,개인 및 소비용품 수리업,2
2025-01,일본,건축기술  엔지니어링 및 기타 과학기술 서비스업,2
2025-01,일본,고무 및 플라스틱제품 제조업,2
2025-01,일본,금속가공제품 제조업; 기계 및 가구 제외,2
2025-01,일본,금융업,2
2025-01,일본,기타 개인 서비스업,2
2025-01,일본,기타 기계 및 장비 제조업,2
2025-01,일본,기타 운송장비 제조업,2
2025-01,일본,기타 제품 제조업,2
2025-01,일본,농업,2
2025-01,일본,도매 및 상품 중개업,2
2025-01,일본,부동산업,2
2025-01,일본,비금속 광물제품 제조업,2
2025-01,일본,사업지원 서비스업,2
2025-01,일본,섬유제품 제조업; 의복제외,2
2025-01,일본,소매업; 자동차 제외,2
2025-01,일본,수상 운송업,2
2025-01,일본,식료품 제조업,2
2025-01,일본,우편 및 통신업,3
2025-01,일본,육상운송 및 파이프라인 운송업,2
2025-01,일본,음료 제조업,2
2025-01,일본,의료  정밀  광학기기 및 시계 제조업,2
2025-01,일본,의료용 물질 및 의약품 제조업,2
2025-01,일본,의복  의복 액세서리 및 모피제품 제조업,2
2025-01,일본,인쇄 및 기록매체 복제업,2
2025-01,일본,자동차 및 부품 판매업,2
2025-01,일본,자동차 및 트레일러 제조업,2
2025-01,일본,전기  가스  증기 및 공기조절 공급업,2
2025-01,일본,전기장비 제조업,2
2025-01,일본,전문 서비스업,2
2025-01,일본,전문직별 공사업,2
2025-01,일본,전자부품  컴퓨터  영상  음향 및 통신장비 제조업,2
2025-01,일본,종합 건설업,2
2025-01,일본,창고 및 운송관련 서비스업,2
2025-01,일본,출판업,2
2025-01,일본,코크스  연탄 및 석유정제품 제조업,2
2025-01,일본,펄프  종이 및 종이제품 제조업,2
2025-01,일본,협회 및 단체,2
2025-01,일본,화학물질 및 화학제품 제조업; 의약품 제외,2
2025-01,자메이카,도매 및 상품 중개업,5
2025-01,자메이카,소매업; 자동차 제외,4
2025-01,자메이카,자동차 및 부품 판매업,4
2025-01,조지아,고무 및 플라스틱제품 제조업,4
2025-01,조지아,도매 및 상품 중개업,4
2025-01,조지아,소매업; 자동차 제외,4
2025-01,조지아,자동차 및 부품 판매업,4
2025-01,조지아,전문직별 공사업,4
2025-01,조지아,출판업,4
2025-01,중국,1차 금속 제조업,4
2025-01,중국,가구 제조업,4
2025-01,중국,가죽  가방 및 신발 제조업,4
2025-01,중국,개인 및 소비용품 수리업,4
2025-01,중국,건축기술  엔지니어링 및 기타 과학기술 서비스업,4
2025-01,중국,고무 및 플라스틱제품 제조업,4
2025-01,중국,공공행정  국방 및 사회보장 행정,4
2025-01,중국,교육 서비스업,4
2025-01,중국,금속가공제품 제조업; 기계 및 가구 제외,4
2025-01,중국,금융업,4
2025-01,중국,기타 기계 및 장비 제조업,4
2025-01,중국,기타 운송장비 제조업,4
2025-01,중국,기타 전문  과학 및 기술 서비스업,4
2025-01,중국,기타 제품 제조업,4
2025-01,중국,담배 제조업,4
2025-01,중국,도매 및 상품 중개업,4
2025-01,중국,보건업,4
2025-01,중국,부동산업,4
2025-01,중국,비금속 광물제품 제조업,4
2025-01,중국,사업시설 관리 및 조경 서비스업,4
2025-01,중국,산업용 기계 및 장비 수리업,4
2025-01,중국,석탄  원유 및 천연가스 광업,4
2025-01,중국,섬유제품 제조업; 의복제외,4
2025-01,중국,소매업; 자동차 제외,4
2025-01,중국,수상 운송업,4
2025-01,중국,숙박업,4
2025-01,중국,스포츠 및 오락관련 서비스업,4
2025-01,중국,식료품 제조업,4
2025-01,중국,연구개발업,4
2025-01,중국,영상ㆍ오디오 기록물 제작 및 배급업,4
2025-01,중국,우편 및 통신업,4
2025-01,중국,육상운송 및 파이프라인 운송업,4
2025-01,중국,음료 제조업,4
2025-01,중국,음식점 및 주점업,4
2025-01,중국,의료  정밀  광학기기 및 시계 제조업,4
2025-01,중국,의료용 물질 및 의약품 제조업,4
2025-01,중국,의복  의복 액세서리 및 모피제품 제조업,4
2025-01,중국,인쇄 및 기록매체 복제업,4
2025-01,중국,자동차 및 부품 판매업,4
2025-01,중국,자동차 및 트레일러 제조업,4
2025-01,중국,전기  가스  증기 및 공기조절 공급업,4
2025-01,중국,전기장비 제조업,4
2025-01,중국,전문 서비스업,4
2025-01,중국,전문직별 공사업,4
2025-01,중국,전자부품  컴퓨터  영상  음향 및 통신장비 제조업,4
2025-01,중국,정보서비스업,4
2025-01,중국,종합 건설업,4
2025-01,중국,창고 및 운송관련 서비스업,4
2025-01,중국,출판업,4
2025-01,중국,컴퓨터 프로그래밍  시스템 통합 및 관리업,4
2025-01,중국,코크스  연탄 및 석유정제품 제조업,4
2025-01,중국,펄프  종이 및 종이제품 제조업,4
2025-01,중국,항공 운송업,4
2025-01,중국,화학물질 및 화학제품 제조업; 의약품 제외,4
2025-01,지부티,도매 및 상품 중개업,5
2025-01,지부티,자동차 및 부품 판매업,5
2025-01,체코,1차 금속 제조업,2
2025-01,체코,고무 및 플라스틱제품 제조업,2
2025-01,체코,금속가공제품 제조업; 기계 및 가구 제외,2
2025-01,체코,기타 기계 및 장비 제조업,2
2025-01,체코,도매 및 상품 중개업,2
2025-01,체코,비금속 광물제품 제조업,2
2025-01,체코,비금속광물 광업; 연료용 제외,2
2025-01,체코,섬유제품 제조업; 의복제외,2
2025-01,체코,소매업; 자동차 제외,2
2025-01,체코,식료품 제조업,2
2025-01,체코,의료용 물질 및 의약품 제조업,2
2025-01,체코,의복  의복 액세서리 및 모피제품 제조업,2
2025-01,체코,인쇄 및 기록매체 복제업,2
2025-01,체코,자동차 및 부품 판매업,2
2025-01,체코,자동차 및 트레일러 제조업,2
2025-01,체코,전기장비 제조업,2
2025-01,체코,전문 서비스업,2
2025-01,체코,전자부품  컴퓨터  영상  음향 및 통신장비 제조업,2
2025-01,체코,화학물질 및 화학제품 제조업; 의약품 제외,2
2025-01,칠레,1차 금속 제조업,5
2025-01,칠레,가구 제조업,3
2025-01,칠레,개인 및 소비용품 수리업,3
2025-01,칠레,고무 및 플라스틱제품 제조업,4
2025-01,칠레,금속 광업,5
2025-01,칠레,금속가공제품 제조업; 기계 및 가구 제외,3
2025-01,칠레,기타 기계 및 장비 제조업,3
2025-01,칠레,농업,3
2025-01,칠레,도매 및 상품 중개업,3
2025-01,칠레,비금속 광물제품 제조업,3
2025-01,칠레,사업지원 서비스업,3
2025-01,칠레,섬유제품 제조업; 의복제외,3
2025-01,칠레,소매업; 자동차 제외,3
2025-01,칠레,식료품 제조업,3
2025-01,칠레,어업,3
2025-01,칠레,의료  정밀  광학기기 및 시계 제조업,3
2025-01,칠레,자동차 및 부품 판매업,3
2025-01,칠레,전기장비 제조업,4
2025-01,칠레,전문직별 공사업,5
2025-01,칠레,컴퓨터 프로그래밍  시스템 통합 및 관리업,3
2025-01,칠레,펄프  종이 및 종이제품 제조업,4
2025-01,칠레,화학물질 및 화학제품 제조업; 의약품 제외,3
2025-01,카메룬,금융업,5
2025-01,카보베르데,도매 및 상품 중개업,5
2025-01,카자흐스탄,고무 및 플라스틱제품 제조업,4
2025-01,카자흐스탄,금속 광업,5
2025-01,카자흐스탄,금속가공제품 제조업; 기계 및 가구 제외,4
2025-01,카자흐스탄,기타 기계 및 장비 제조업,4
2025-01,카자흐스탄,도매 및 상품 중개업,4
2025-01,카자흐스탄,비금속 광물제품 제조업,4
2025-01,카자흐스탄,소매업; 자동차 제외,4
2025-01,카자흐스탄,음료 제조업,4
2025-01,카자흐스탄,자동차 및 부품 판매업,4
2025-01,카자흐스탄,자동차 및 트레일러 제조업,4
2025-01,카자흐스탄,전자부품  컴퓨터  영상  음향 및 통신장비 제조업,4
2025-01,카자흐스탄,컴퓨터 프로그래밍  시스템 통합 및 관리업,4
2025-01,카타르,건축기술  엔지니어링 및 기타 과학기술 서비스업,4
2025-01,카타르,고무 및 플라스틱제품 제조업,2
2025-01,카타르,금속가공제품 제조업; 기계 및 가구 제외,5
2025-01,카타르,도매 및 상품 중개업,2
2025-01,카타르,석탄  원유 및 천연가스 광업,2
2025-01,카타르,소매업; 자동차 제외,2
2025-01,카타르,수상 운송업,2
2025-01,카타르,임대업; 부동산 제외,2
2025-01,카타르,자동차 및 부품 판매업,2
2025-01,카타르,전기장비 제조업,2
2025-01,카타르,전자부품  컴퓨터  영상  음향 및 통신장비 제조업,2
2025-01,카타르,종합 건설업,5
2025-01,카타르,화학물질 및 화학제품 제조업; 의약품 제외,2
2025-01,캄보디아,고무 및 플라스틱제품 제조업,5
2025-01,캄보디아,도매 및 상품 중개업,5
2025-01,캄보디아,소매업; 자동차 제외,5
2025-01,캄보디아,식료품 제조업,5
2025-01,캄보디아,의료용 물질 및 의약품 제조업,5
2025-01,캄보디아,자동차 및 부품 판매업,5
2025-01,캄보디아,자동차 및 트레일러 제조업,5
2025-01,캄보디아,전기장비 제조업,5
2025-01,캄보디아,전문직별 공사업,5
2025-01,캐나다,1차 금속 제조업,2
2025-01,캐나다,개인 및 소비용품 수리업,2
2025-01,캐나다,건축기술  엔지니어링 및 기타 과학기술 서비스업,2
2025-01,캐나다,고무 및 플라스틱제품 제조업,2
2025-01,캐나다,금속가공제품 제조업; 기계 및 가구 제외,2
2025-01,캐나다,금융업,2
2025-01,캐나다,기타 기계 및 장비 제조업,2
2025-01,캐나다,기타 운송장비 제조업,2
2025-01,캐나다,기타 제품 제조업,2
2025-01,캐나다,도매 및 상품 중개업,2
2025-01,캐나다,목재 및 나무제품 제조업; 가구 제외,2
2025-01,캐나다,보건업,2
2025-01,캐나다,비금속 광물제품 제조업,4
2025-01,캐나다,사업지원 서비스업,2
2025-01,캐나다,산업용 기계 및 장비 수리업,2
2025-01,캐나다,섬유제품 제조업; 의복제외,2
2025-01,캐나다,소매업; 자동차 제외,3
2025-01,캐나다,수상 운송업,2
2025-01,캐나다,식료품 제조업,2
2025-01,캐나다,연구개발업,2
2025-01,캐나다,우편 및 통신업,2
2025-01,캐나다,육상운송 및 파이프라인 운송업,5
2025-01,캐나다,의료  정밀  광학기기 및 시계 제조업,2
2025-01,캐나다,의료용 물질 및 의약품 제조업,2
2025-01,캐나다,의복  의복 액세서리 및 모피제품 제조업,2
2025-01,캐나다,인쇄 및 기록매체 복제업,2
2025-01,캐나다,자동차 및 부품 판매업,2
2025-01,캐나다,자동차 및 트레일러 제조업,2
2025-01,캐나다,전기  가스  증기 및 공기조절 공급업,2
2025-01,캐나다,전기장비 제조업,2
2025-01,캐나다,전문 서비스업,2
2025-01,캐나다,전문직별 공사업,2
2025-01,캐나다,전자부품  컴퓨터  영상  음향 및 통신장비 제조업,2
2025-01,캐나다,정보서비스업,2
2025-01,캐나다,종합 건설업,2
2025-01,캐나다,출판업,2
2025-01,캐나다,코크스  연탄 및 석유정제품 제조업,2
2025-01,캐나다,펄프  종이 및 종이제품 제조업,2
2025-01,캐나다,화학물질 및 화학제품 제조업; 의약품 제외,2
2025-01,케냐,1차 금속 제조업,4
2025-01,케냐,가구 제조업,5
2025-01,케냐,가죽  가방 및 신발 제조업,4
2025-01,케냐,고무 및 플라스틱제품 제조업,5
2025-01,케냐,기타 기계 및 장비 제조업,4
2025-01,케냐,도매 및 상품 중개업,4
2025-01,케냐,사업지원 서비스업,4
2025-01,케냐,섬유제품 제조업; 의복제외,5
2025-01,케냐,소매업; 자동차 제외,4
2025-01,케냐,식료품 제조업,4
2025-01,케냐,우편 및 통신업,4
2025-01,케냐,의복  의복 액세서리 및 모피제품 제조업,4
2025-01,케냐,전기장비 제조업,4
2025-01,케냐,출판업,4
2025-01,케냐,화학물질 및 화학제품 제조업; 의약품 제외,5
2025-01,코소보,자동차 및 부품 판매업,4
2025-01,코스타리카,고무 및 플라스틱제품 제조업,4
2025-01,코스타리카,금속가공제품 제조업; 기계 및 가구 제외,5
2025-01,코스타리카,기타 기계 및 장비 제조업,4
2025-01,코스타리카,도매 및 상품 중개업,4
2025-01,코스타리카,소매업; 자동차 제외,4
2025-01,코스타리카,자동차 및 부품 판매업,4
2025-01,코스타리카,전기장비 제조업,4
2025-01,코스타리카,컴퓨터 프로그래밍  시스템 통합 및 관리업,4
2025-01,코스타리카,화학물질 및 화학제품 제조업; 의약품 제외,4
2025-01,코트디부아르,고무 및 플라스틱제품 제조업,4
2025-01,코트디부아르,금속 광업,4
2025-01,코트디부아르,금속가공제품 제조업; 기계 및 가구 제외,4
2025-01,코트디부아르,도매 및 상품 중개업,4
2025-01,코트디부아르,식료품 제조업,4
2025-01,코트디부아르,화학물질 및 화학제품 제조업; 의약품 제외,4
2025-01,콜롬비아,1차 금속 제조업,5
2025-01,콜롬비아,가구 제조업,4
2025-01,콜롬비아,개인 및 소비용품 수리업,4
2025-01,콜롬비아,건축기술  엔지니어링 및 기타 과학기술 서비스업,4
2025-01,콜롬비아,고무 및 플라스틱제품 제조업,4
2025-01,콜롬비아,금속 광업,4
2025-01,콜롬비아,금속가공제품 제조업; 기계 및 가구 제외,4
2025-01,콜롬비아,기타 기계 및 장비 제조업,4
2025-01,콜롬비아,기타 운송장비 제조업,4
2025-01,콜롬비아,기타 제품 제조업,4
2025-01,콜롬비아,농업,4
2025-01,콜롬비아,도매 및 상품 중개업,4
2025-01,콜롬비아,비금속 광물제품 제조업,4
2025-01,콜롬비아,산업용 기계 및 장비 수리업,5
2025-01,콜롬비아,섬유제품 제조업; 의복제외,4
2025-01,콜롬비아,소매업; 자동차 제외,4
2025-01,콜롬비아,식료품 제조업,4
2025-01,콜롬비아,육상운송 및 파이프라인 운송업,4
2025-01,콜롬비아,의료용 물질 및 의약품 제조업,4
2025-01,콜롬비아,의복  의복 액세서리 및 모피제품 제조업,4
2025-01,콜롬비아,인쇄 및 기록매체 복제업,4
2025-01,콜롬비아,자동차 및 부품 판매업,4
2025-01,콜롬비아,자동차 및 트레일러 제조업,4
2025-01,콜롬비아,전기장비 제조업,4
2025-01,콜롬비아,종합 건설업,5
2025-01,콜롬비아,출판업,4
2025-01,콜롬비아,펄프  종이 및 종이제품 제조업,4
2025-01,콜롬비아,화학물질 및 화학제품 제조업; 의약품 제외,4
2025-01,콩고,도매 및 상품 중개업,5
2025-01,콩고민주공화국,도매 및 상품 중개업,5
2025-01,콩고민주공화국,소매업; 자동차 제외,5
2025-01,쿠웨이트,가구 제조업,3
2025-01,쿠웨이트,금속가공제품 제조업; 기계 및 가구 제외,3
2025-01,쿠웨이트,기타 기계 및 장비 제조업,3
2025-01,쿠웨이트,도매 및 상품 중개업,3
2025-01,쿠웨이트,사업지원 서비스업,3
2025-01,쿠웨이트,소매업; 자동차 제외,3
2025-01,쿠웨이트,수도업,3
2025-01,쿠웨이트,자동차 및 부품 판매업,3
2025-01,쿠웨이트,자동차 및 트레일러 제조업,3
2025-01,쿠웨이트,전기장비 제조업,3
2025-01,쿠웨이트,창고 및 운송관련 서비스업,3
2025-01,쿠웨이트,출판업,3
2025-01,쿠웨이트,펄프  종이 및 종이제품 제조업,5
2025-01,쿠웨이트,화학물질 및 화학제품 제조업; 의약품 제외,3
2025-01,크로아티아,개인 및 소비용품 수리업,3
2025-01,크로아티아,고무 및 플라스틱제품 제조업,3
2025-01,크로아티아,금속가공제품 제조업; 기계 및 가구 제외,3
2025-01,크로아티아,도매 및 상품 중개업,3
2025-01,크로아티아,섬유제품 제조업; 의복제외,3
2025-01,크로아티아,자동차 및 부품 판매업,3
2025-01,크로아티아,전기장비 제조업,3
2025-01,크로아티아,전문직별 공사업,3
2025-01,크로아티아,컴퓨터 프로그래밍  시스템 통합 및 관리업,3
2025-01,크로아티아,펄프  종이 및 종이제품 제조업,3
2025-01,크로아티아,화학물질 및 화학제품 제조업; 의약품 제외,4
2025-01,키르기즈공화국,도매 및 상품 중개업,5
2025-01,키르기즈공화국,자동차 및 부품 판매업,5
2025-01,타지키스탄,가구 제조업,5
2025-01,타지키스탄,도매 및 상품 중개업,5
2025-01,탄자니아,1차 금속 제조업,5
2025-01,탄자니아,가구 제조업,5
2025-01,탄자니아,고무 및 플라스틱제품 제조업,5
2025-01,탄자니아,금융업,5
2025-01,탄자니아,도매 및 상품 중개업,5
2025-01,탄자니아,섬유제품 제조업; 의복제외,5
2025-01,탄자니아,소매업; 자동차 제외,5
2025-01,탄자니아,자동차 및 부품 판매업,5
2025-01,탄자니아,전기장비 제조업,5
2025-01,탄자니아,전문직별 공사업,5
2025-01,탄자니아,화학물질 및 화학제품 제조업; 의약품 제외,5
2025-01,태국,1차 금속 제조업,4
2025-01,태국,가구 제조업,3
2025-01,태국,가죽  가방 및 신발 제조업,3
2025-01,태국,고무 및 플라스틱제품 제조업,3
2025-01,태국,금속가공제품 제조업; 기계 및 가구 제외,4
2025-01,태국,기타 기계 및 장비 제조업,4
2025-01,태국,기타 제품 제조업,3
2025-01,태국,도매 및 상품 중개업,4
2025-01,태국,비금속 광물제품 제조업,3
2025-01,태국,섬유제품 제조업; 의복제외,3
2025-01,태국,소매업; 자동차 제외,3
2025-01,태국,수상 운송업,4
2025-01,태국,식료품 제조업,3
2025-01,태국,의료  정밀  광학기기 및 시계 제조업,4
2025-01,태국,의복  의복 액세서리 및 모피제품 제조업,3
2025-01,태국,인쇄 및 기록매체 복제업,3
2025-01,태국,자동차 및 부품 판매업,4
2025-01,태국,자동차 및 트레일러 제조업,3
2025-01,태국,전기장비 제조업,4
2025-01,태국,전문 서비스업,3
2025-01,태국,전문직별 공사업,3
2025-01,태국,전자부품  컴퓨터  영상  음향 및 통신장비 제조업,4
2025-01,태국,종합 건설업,5
2025-01,태국,출판업,4
2025-01,태국,코크스  연탄 및 석유정제품 제조업,3
2025-01,태국,펄프  종이 및 종이제품 제조업,3
2025-01,태국,화학물질 및 화학제품 제조업; 의약품 제외,4
2025-01,토고,가구 제조업,5
2025-01,토고,도매 및 상품 중개업,5
2025-01,투르크메니스탄,공공행정  국방 및 사회보장 행정,5
2025-01,튀니지,가구 제조업,4
2025-01,튀니지,개인 및 소비용품 수리업,4
2025-01,튀니지,고무 및 플라스틱제품 제조업,4
2025-01,튀니지,도매 및 상품 중개업,4
2025-01,튀니지,비금속광물 광업; 연료용 제외,4
2025-01,튀니지,섬유제품 제조업; 의복제외,4
2025-01,튀니지,의료  정밀  광학기기 및 시계 제조업,4
2025-01,튀니지,의료용 물질 및 의약품 제조업,4
2025-01,튀니지,의복  의복 액세서리 및 모피제품 제조업,4
2025-01,튀니지,자동차 및 부품 판매업,5
2025-01,튀니지,자동차 및 트레일러 제조업,4
2025-01,튀니지,전기장비 제조업,4
2025-01,튀니지,전문직별 공사업,4
2025-01,튀니지,전자부품  컴퓨터  영상  음향 및 통신장비 제조업,4
2025-01,튀니지,펄프  종이 및 종이제품 제조업,5
2025-01,튀니지,화학물질 및 화학제품 제조업; 의약품 제외,4
2025-01,튀르키예(구 터키),1차 금속 제조업,5
2025-01,튀르키예(구 터키),가구 제조업,4
2025-01,튀르키예(구 터키),가죽  가방 및 신발 제조업,4
2025-01,튀르키예(구 터키),고무 및 플라스틱제품 제조업,5
2025-01,튀르키예(구 터키),금속가공제품 제조업; 기계 및 가구 제외,4
2025-01,튀르키예(구 터키),기타 기계 및 장비 제조업,4
2025-01,튀르키예(구 터키),기타 운송장비 제조업,5
2025-01,튀르키예(구 터키),기타 제품 제조업,5
2025-01,튀르키예(구 터키),농업,5
2025-01,튀르키예(구 터키),도매 및 상품 중개업,4
2025-01,튀르키예(구 터키),목재 및 나무제품 제조업; 가구 제외,4
2025-01,튀르키예(구 터키),방송업,5
2025-01,튀르키예(구 터키),비금속 광물제품 제조업,4
2025-01,튀르키예(구 터키),사업지원 서비스업,4
2025-01,튀르키예(구 터키),산업용 기계 및 장비 수리업,5
2025-01,튀르키예(구 터키),섬유제품 제조업; 의복제외,4
2025-01,튀르키예(구 터키),소매업; 자동차 제외,4
2025-01,튀르키예(구 터키),식료품 제조업,4
2025-01,튀르키예(구 터키),육상운송 및 파이프라인 운송업,4
2025-01,튀르키예(구 터키),의료  정밀  광학기기 및 시계 제조업,4
2025-01,튀르키예(구 터키),의료용 물질 및 의약품 제조업,4
2025-01,튀르키예(구 터키),의복  의복 액세서리 및 모피제품 제조업,4
2025-01,튀르키예(구 터키),인쇄 및 기록매체 복제업,5
2025-01,튀르키예(구 터키),자동차 및 부품 판매업,4
2025-01,튀르키예(구 터키),자동차 및 트레일러 제조업,4
2025-01,튀르키예(구 터키),전기장비 제조업,4
2025-01,튀르키예(구 터키),전문직별 공사업,4
2025-01,튀르키예(구 터키),전자부품  컴퓨터  영상  음향 및 통신장비 제조업,5
2025-01,튀르키예(구 터키),출판업,4
2025-01,튀르키예(구 터키),컴퓨터 프로그래밍  시스템 통합 및 관리업,4
2025-01,튀르키예(구 터키),코크스  연탄 및 석유정제품 제조업,4
2025-01,튀르키예(구 터키),펄프  종이 및 종이제품 제조업,4
2025-01,튀르키예(구 터키),화학물질 및 화학제품 제조업; 의약품 제외,4
2025-01,트리니다드토바고,금속가공제품 제조업; 기계 및 가구 제외,3
2025-01,트리니다드토바고,도매 및 상품 중개업,3
2025-01,트리니다드토바고,소매업; 자동차 제외,3
2025-01,트리니다드토바고,자동차 및 부품 판매업,3
2025-01,파나마,금속가공제품 제조업; 기계 및 가구 제외,4
2025-01,파나마,금융업,4
2025-01,파나마,도매 및 상품 중개업,4
2025-01,파나마,소매업; 자동차 제외,4
2025-01,파나마,자동차 및 부품 판매업,4
2025-01,파나마,화학물질 및 화학제품 제조업; 의약품 제외,4
2025-01,파라과이,도매 및 상품 중개업,4
2025-01,파라과이,섬유제품 제조업; 의복제외,4
2025-01,파라과이,소매업; 자동차 제외,4
2025-01,파라과이,자동차 및 부품 판매업,5
2025-01,파라과이,전기장비 제조업,4
2025-01,파라과이,화학물질 및 화학제품 제조업; 의약품 제외,4
2025-01,파키스탄,1차 금속 제조업,5
2025-01,파키스탄,가죽  가방 및 신발 제조업,5
2025-01,파키스탄,고무 및 플라스틱제품 제조업,5
2025-01,파키스탄,기타 기계 및 장비 제조업,5
2025-01,파키스탄,기타 제품 제조업,5
2025-01,파키스탄,담배 제조업,5
2025-01,파키스탄,도매 및 상품 중개업,5
2025-01,파키스탄,사업지원 서비스업,5
2025-01,파키스탄,섬유제품 제조업; 의복제외,5
2025-01,파키스탄,식료품 제조업,5
2025-01,파키스탄,의료  정밀  광학기기 및 시계 제조업,5
2025-01,파키스탄,의료용 물질 및 의약품 제조업,5
2025-01,파키스탄,의복  의복 액세서리 및 모피제품 제조업,5
2025-01,파키스탄,자동차 및 트레일러 제조업,5
2025-01,파키스탄,전기장비 제조업,5
2025-01,파키스탄,창고 및 운송관련 서비스업,5
2025-01,파키스탄,펄프  종이 및 종이제품 제조업,5
2025-01,파키스탄,화학물질 및 화학제품 제조업; 의약품 제외,5
2025-01,파푸아뉴기니,금속 광업,4
2025-01,파푸아뉴기니,식료품 제조업,4
2025-01,페루,1차 금속 제조업,3
2025-01,페루,가구 제조업,4
2025-01,페루,고무 및 플라스틱제품 제조업,4
2025-01,페루,광업 지원 서비스업,3
2025-01,페루,금속 광업,3
2025-01,페루,금속가공제품 제조업; 기계 및 가구 제외,4
2025-01,페루,농업,3
2025-01,페루,도매 및 상품 중개업,4
2025-01,페루,보건업,5
2025-01,페루,사업지원 서비스업,4
2025-01,페루,섬유제품 제조업; 의복제외,4
2025-01,페루,소매업; 자동차 제외,4
2025-01,페루,식료품 제조업,3
2025-01,페루,우편 및 통신업,4
2025-01,페루,의료용 물질 및 의약품 제조업,4
2025-01,페루,임대업; 부동산 제외,4
2025-01,페루,자동차 및 부품 판매업,4
2025-01,페루,자동차 및 트레일러 제조업,3
2025-01,페루,전기장비 제조업,3
2025-01,페루,전문직별 공사업,4
2025-01,페루,종합 건설업,4
2025-01,페루,코크스  연탄 및 석유정제품 제조업,4
2025-01,페루,펄프  종이 및 종이제품 제조업,5
2025-01,페루,화학물질 및 화학제품 제조업; 의약품 제외,3
2025-01,포르투갈,1차 금속 제조업,2
2025-01,포르투갈,개인 및 소비용품 수리업,2
2025-01,포르투갈,고무 및 플라스틱제품 제조업,2
2025-01,포르투갈,금속가공제품 제조업; 기계 및 가구 제외,2
2025-01,포르투갈,금융업,2
2025-01,포르투갈,기타 기계 및 장비 제조업,2
2025-01,포르투갈,도매 및 상품 중개업,2
2025-01,포르투갈,비금속 광물제품 제조업,2
2025-01,포르투갈,산업용 기계 및 장비 수리업,2
2025-01,포르투갈,섬유제품 제조업; 의복제외,2
2025-01,포르투갈,소매업; 자동차 제외,2
2025-01,포르투갈,우편 및 통신업,2
2025-01,포르투갈,의료  정밀  광학기기 및 시계 제조업,2
2025-01,포르투갈,의료용 물질 및 의약품 제조업,2
2025-01,포르투갈,의복  의복 액세서리 및 모피제품 제조업,2
2025-01,포르투갈,자동차 및 부품 판매업,2
2025-01,포르투갈,자동차 및 트레일러 제조업,2
2025-01,포르투갈,전기장비 제조업,2
2025-01,포르투갈,전문직별 공사업,2
2025-01,포르투갈,전자부품  컴퓨터  영상  음향 및 통신장비 제조업,2
2025-01,포르투갈,컴퓨터 프로그래밍  시스템 통합 및 관리업,2
2025-01,포르투갈,펄프  종이 및 종이제품 제조업,2
2025-01,포르투갈,화학물질 및 화학제품 제조업; 의약품 제외,2
2025-01,폴란드,1차 금속 제조업,4
2025-01,폴란드,개인 및 소비용품 수리업,3
2025-01,폴란드,건축기술  엔지니어링 및 기타 과학기술 서비스업,3
2025-01,폴란드,고무 및 플라스틱제품 제조업,3
2025-01,폴란드,금속가공제품 제조업; 기계 및 가구 제외,3
2025-01,폴란드,금융 및 보험 관련 서비스업,3
2025-01,폴란드,기타 기계 및 장비 제조업,3
2025-01,폴란드,도매 및 상품 중개업,3
2025-01,폴란드,목재 및 나무제품 제조업; 가구 제외,3
2025-01,폴란드,비금속 광물제품 제조업,3
2025-01,폴란드,사업지원 서비스업,3
2025-01,폴란드,산업용 기계 및 장비 수리업,3
2025-01,폴란드,섬유제품 제조업; 의복제외,3
2025-01,폴란드,소매업; 자동차 제외,3
2025-01,폴란드,식료품 제조업,3
2025-01,폴란드,우편 및 통신업,3
2025-01,폴란드,육상운송 및 파이프라인 운송업,3
2025-01,폴란드,의료  정밀  광학기기 및 시계 제조업,3
2025-01,폴란드,의료용 물질 및 의약품 제조업,3
2025-01,폴란드,의복  의복 액세서리 및 모피제품 제조업,3
2025-01,폴란드,자동차 및 부품 판매업,3
2025-01,폴란드,자동차 및 트레일러 제조업,3
2025-01,폴란드,전기장비 제조업,3
2025-01,폴란드,전문 서비스업,3
2025-01,폴란드,전자부품  컴퓨터  영상  음향 및 통신장비 제조업,4
2025-01,폴란드,컴퓨터 프로그래밍  시스템 통합 및 관리업,3
2025-01,폴란드,코크스  연탄 및 석유정제품 제조업,4
2025-01,폴란드,펄프  종이 및 종이제품 제조업,3
2025-01,폴란드,화학물질 및 화학제품 제조업; 의약품 제외,3
2025-01,푸에르토리코,도매 및 상품 중개업,4
2025-01,푸에르토리코,자동차 및 부품 판매업,4
2025-01,프랑스,건축기술  엔지니어링 및 기타 과학기술 서비스업,2
2025-01,프랑스,고무 및 플라스틱제품 제조업,2
2025-01,프랑스,금속가공제품 제조업; 기계 및 가구 제외,2
2025-01,프랑스,금융업,2
2025-01,프랑스,기타 기계 및 장비 제조업,3
2025-01,프랑스,기타 전문  과학 및 기술 서비스업,2
2025-01,프랑스,기타 제품 제조업,2
2025-01,프랑스,도매 및 상품 중개업,2
2025-01,프랑스,목재 및 나무제품 제조업; 가구 제외,4
2025-01,프랑스,부동산업,2
2025-01,프랑스,비금속 광물제품 제조업,2
2025-01,프랑스,비금속광물 광업; 연료용 제외,2
2025-01,프랑스,사업지원 서비스업,2
2025-01,프랑스,산업용 기계 및 장비 수리업,2
2025-01,프랑스,섬유제품 제조업; 의복제외,2
2025-01,프랑스,소매업; 자동차 제외,3
2025-01,프랑스,수상 운송업,2
2025-01,프랑스,연구개발업,2
2025-01,프랑스,의료  정밀  광학기기 및 시계 제조업,2
2025-01,프랑스,의료용 물질 및 의약품 제조업,2
2025-01,프랑스,의복  의복 액세서리 및 모피제품 제조업,2
2025-01,프랑스,자동차 및 부품 판매업,2
2025-01,프랑스,자동차 및 트레일러 제조업,2
2025-01,프랑스,전기장비 제조업,2
2025-01,프랑스,전문 서비스업,2
2025-01,프랑스,전문직별 공사업,2
2025-01,프랑스,전자부품  컴퓨터  영상  음향 및 통신장비 제조업,2
2025-01,프랑스,종합 건설업,2
2025-01,프랑스,출판업,2
2025-01,프랑스,컴퓨터 프로그래밍  시스템 통합 및 관리업,2
2025-01,프랑스,코크스  연탄 및 석유정제품 제조업,2
2025-01,프랑스,펄프  종이 및 종이제품 제조업,2
2025-01,프랑스,화학물질 및 화학제품 제조업; 의약품 제외,2
2025-01,피지,금속 광업,4
2025-01,피지,인쇄 및 기록매체 복제업,4
2025-01,핀란드,건축기술  엔지니어링 및 기타 과학기술 서비스업,1
2025-01,핀란드,고무 및 플라스틱제품 제조업,1
2025-01,핀란드,금속가공제품 제조업; 기계 및 가구 제외,1
2025-01,핀란드,금융업,1
2025-01,핀란드,기타 기계 및 장비 제조업,2
2025-01,핀란드,도매 및 상품 중개업,1
2025-01,핀란드,비금속 광물제품 제조업,1
2025-01,핀란드,사업지원 서비스업,1
2025-01,핀란드,산업용 기계 및 장비 수리업,1
2025-01,핀란드,소매업; 자동차 제외,2
2025-01,핀란드,의료용 물질 및 의약품 제조업,1
2025-01,핀란드,의복  의복 액세서리 및 모피제품 제조업,1
2025-01,핀란드,자동차 및 부품 판매업,1
2025-01,핀란드,자동차 및 트레일러 제조업,1
2025-01,핀란드,전기장비 제조업,1
2025-01,핀란드,전자부품  컴퓨터  영상  음향 및 통신장비 제조업,1
2025-01,핀란드,컴퓨터 프로그래밍  시스템 통합 및 관리업,1
2025-01,핀란드,화학물질 및 화학제품 제조업; 의약품 제외,1
2025-01,필리핀,1차 금속 제조업,5
2025-01,필리핀,개인 및 소비용품 수리업,4
2025-01,필리핀,고무 및 플라스틱제품 제조업,4
2025-01,필리핀,금속가공제품 제조업; 기계 및 가구 제외,5
2025-01,필리핀,금융업,4
2025-01,필리핀,기타 기계 및 장비 제조업,4
2025-01,필리핀,기타 운송장비 제조업,4
2025-01,필리핀,기타 제품 제조업,4
2025-01,필리핀,농업,4
2025-01,필리핀,도매 및 상품 중개업,4
2025-01,필리핀,비금속 광물제품 제조업,4
2025-01,필리핀,사업지원 서비스업,4
2025-01,필리핀,소매업; 자동차 제외,4
2025-01,필리핀,숙박업,4
2025-01,필리핀,식료품 제조업,4
2025-01,필리핀,우편 및 통신업,4
2025-01,필리핀,음료 제조업,4
2025-01,필리핀,의료용 물질 및 의약품 제조업,4
2025-01,필리핀,인쇄 및 기록매체 복제업,4
2025-01,필리핀,자동차 및 부품 판매업,4
2025-01,필리핀,자동차 및 트레일러 제조업,4
2025-01,필리핀,전기  가스  증기 및 공기조절 공급업,4
2025-01,필리핀,전기장비 제조업,4
2025-01,필리핀,전문 서비스업,4
2025-01,필리핀,전문직별 공사업,4
2025-01,필리핀,전자부품  컴퓨터  영상  음향 및 통신장비 제조업,4
2025-01,필리핀,종합 건설업,4
2025-01,필리핀,창고 및 운송관련 서비스업,4
2025-01,필리핀,펄프  종이 및 종이제품 제조업,4
2025-01,필리핀,화학물질 및 화학제품 제조업; 의약품 제외,5
2025-01,헝가리,고무 및 플라스틱제품 제조업,3
2025-01,헝가리,기타 기계 및 장비 제조업,3
2025-01,헝가리,기타 제품 제조업,3
2025-01,헝가리,도매 및 상품 중개업,3
2025-01,헝가리,소매업; 자동차 제외,3
2025-01,헝가리,식료품 제조업,3
2025-01,헝가리,연구개발업,3
2025-01,헝가리,의료  정밀  광학기기 및 시계 제조업,3
2025-01,헝가리,의료용 물질 및 의약품 제조업,3
2025-01,헝가리,자동차 및 부품 판매업,3
2025-01,헝가리,자동차 및 트레일러 제조업,3
2025-01,헝가리,전기장비 제조업,3
2025-01,헝가리,전문직별 공사업,3
2025-01,헝가리,전자부품  컴퓨터  영상  음향 및 통신장비 제조업,3
2025-01,헝가리,폐기물 수집  운반  처리 및 원료 재생업,3
2025-01,헝가리,화학물질 및 화학제품 제조업; 의약품 제외,3
2025-01,호주,1차 금속 제조업,3
2025-01,호주,개인 및 소비용품 수리업,5
2025-01,호주,고무 및 플라스틱제품 제조업,1
2025-01,호주,교육 서비스업,1
2025-01,호주,금속가공제품 제조업; 기계 및 가구 제외,1
2025-01,호주,금융업,1
2025-01,호주,기타 기계 및 장비 제조업,2
2025-01,호주,도매 및 상품 중개업,1
2025-01,호주,방송업,1
2025-01,호주,섬유제품 제조업; 의복제외,1
2025-01,호주,소매업; 자동차 제외,3
2025-01,호주,식료품 제조업,1
2025-01,호주,의료  정밀  광학기기 및 시계 제조업,1
2025-01,호주,의료용 물질 및 의약품 제조업,1
2025-01,호주,인쇄 및 기록매체 복제업,1
2025-01,호주,자동차 및 부품 판매업,1
2025-01,호주,자동차 및 트레일러 제조업,1
2025-01,호주,전기  가스  증기 및 공기조절 공급업,1
2025-01,호주,전기장비 제조업,1
2025-01,호주,전문 서비스업,1
2025-01,호주,전문직별 공사업,1
2025-01,호주,전자부품  컴퓨터  영상  음향 및 통신장비 제조업,1
2025-01,호주,출판업,1
2025-01,호주,펄프  종이 및 종이제품 제조업,1
2025-01,호주,화학물질 및 화학제품 제조업; 의약품 제외,1
2025-01,홍콩,개인 및 소비용품 수리업,3
2025-01,홍콩,교육 서비스업,3
2025-01,홍콩,금융업,3
2025-01,홍콩,기타 기계 및 장비 제조업,3
2025-01,홍콩,도매 및 상품 중개업,3
2025-01,홍콩,방송업,3
2025-01,홍콩,사업지원 서비스업,3
2025-01,홍콩,산업용 기계 및 장비 수리업,3
2025-01,홍콩,섬유제품 제조업; 의복제외,3
2025-01,홍콩,소매업; 자동차 제외,3
2025-01,홍콩,수상 운송업,3
2025-01,홍콩,숙박업,3
2025-01,홍콩,식료품 제조업,3
2025-01,홍콩,연구개발업,3
2025-01,홍콩,음료 제조업,3
2025-01,홍콩,인쇄 및 기록매체 복제업,3
2025-01,홍콩,자동차 및 부품 판매업,3
2025-01,홍콩,전기장비 제조업,3
2025-01,홍콩,전문 서비스업,3
2025-01,홍콩,전문직별 공사업,3
2025-01,홍콩,종합 건설업,3
2025-01,홍콩,창고 및 운송관련 서비스업,3
2025-01,홍콩,출판업,3
2025-01,홍콩,컴퓨터 프로그래밍  시스템 통합 및 관리업,3
2025-01,홍콩,항공 운송업,3
2025-01,홍콩,화학물질 및 화학제품 제조업; 의약품 제외,5
2024-12,가나,고무 및 플라스틱제품 제조업,5
2024-12,가나,금속 광업,5
2024-12,가나,도매 및 상품 중개업,4
2024-12,가나,자동차 및 트레일러 제조업,4
2024-12,가나,화학물질 및 화학제품 제조업; 의약품 제외,5
2024-12,감비아,도매 및 상품 중개업,5
2024-12,감비아,정보서비스업,5
2024-12,과달루프,자동차 및 부품 판매업,4
2024-12,과테말라,1차 금속 제조업,4
2024-12,과테말라,고무 및 플라스틱제품 제조업,4
2024-12,과테말라,금속가공제품 제조업; 기계 및 가구 제외,4
2024-12,과테말라,도매 및 상품 중개업,4
2024-12,과테말라,섬유제품 제조업; 의복제외,4
2024-12,과테말라,소매업; 자동차 제외,4
2024-12,과테말라,식료품 제조업,4
2024-12,과테말라,자동차 및 부품 판매업,4
2024-12,과테말라,펄프  종이 및 종이제품 제조업,4
2024-12,과테말라,화학물질 및 화학제품 제조업; 의약품 제외,4
2024-12,괌,우편 및 통신업,4
2024-12,그리스,1차 금속 제조업,3
2024-12,그리스,고무 및 플라스틱제품 제조업,3
2024-12,그리스,금속가공제품 제조업; 기계 및 가구 제외,3
2024-12,그리스,기타 기계 및 장비 제조업,3
2024-12,그리스,도매 및 상품 중개업,3
2024-12,그리스,소매업; 자동차 제외,3
2024-12,그리스,식료품 제조업,3
2024-12,그리스,우편 및 통신업,3
2024-12,그리스,의료  정밀  광학기기 및 시계 제조업,3
2024-12,그리스,인쇄 및 기록매체 복제업,3
2024-12,그리스,자동차 및 부품 판매업,3
2024-12,그리스,자동차 및 트레일러 제조업,3
2024-12,그리스,전기장비 제조업,3
2024-12,그리스,전문직별 공사업,3
2024-12,그리스,종합 건설업,3
2024-12,그리스,컴퓨터 프로그래밍  시스템 통합 및 관리업,3
2024-12,그리스,펄프  종이 및 종이제품 제조업,3
2024-12,그리스,화학물질 및 화학제품 제조업; 의약품 제외,3
2024-12,기니,도매 및 상품 중개업,5
2024-12,기니,화학물질 및 화학제품 제조업; 의약품 제외,5
2024-12,나이지리아,가구 제조업,5
2024-12,나이지리아,도매 및 상품 중개업,5
2024-12,나이지리아,석탄  원유 및 천연가스 광업,5
2024-12,나이지리아,화학물질 및 화학제품 제조업; 의약품 제외,5
2024-12,남아프리카공화국,1차 금속 제조업,4
2024-12,남아프리카공화국,개인 및 소비용품 수리업,4
2024-12,남아프리카공화국,건축기술  엔지니어링 및 기타 과학기술 서비스업,4
2024-12,남아프리카공화국,고무 및 플라스틱제품 제조업,4
2024-12,남아프리카공화국,금속 광업,4
2024-12,남아프리카공화국,금속가공제품 제조업; 기계 및 가구 제외,4
2024-12,남아프리카공화국,기타 기계 및 장비 제조업,4
2024-12,남아프리카공화국,기타 운송장비 제조업,4
2024-12,남아프리카공화국,기타 제품 제조업,5
2024-12,남아프리카공화국,도매 및 상품 중개업,4
2024-12,남아프리카공화국,비금속 광물제품 제조업,4
2024-12,남아프리카공화국,사업지원 서비스업,4
2024-12,남아프리카공화국,섬유제품 제조업; 의복제외,4
2024-12,남아프리카공화국,소매업; 자동차 제외,4
2024-12,남아프리카공화국,수도업,4
2024-12,남아프리카공화국,식료품 제조업,4
2024-12,남아프리카공화국,우편 및 통신업,4
2024-12,남아프리카공화국,육상운송 및 파이프라인 운송업,4
2024-12,남아프리카공화국,의료  정밀  광학기기 및 시계 제조업,4
2024-12,남아프리카공화국,인쇄 및 기록매체 복제업,4
2024-12,남아프리카공화국,임대업; 부동산 제외,4
2024-12,남아프리카공화국,자동차 및 부품 판매업,4
2024-12,남아프리카공화국,자동차 및 트레일러 제조업,4
2024-12,남아프리카공화국,전기  가스  증기 및 공기조절 공급업,4
2024-12,남아프리카공화국,전기장비 제조업,4
2024-12,남아프리카공화국,종합 건설업,4
2024-12,남아프리카공화국,창고 및 운송관련 서비스업,4
2024-12,남아프리카공화국,출판업,4
2024-12,남아프리카공화국,컴퓨터 프로그래밍  시스템 통합 및 관리업,4
2024-12,남아프리카공화국,펄프  종이 및 종이제품 제조업,4
2024-12,남아프리카공화국,화학물질 및 화학제품 제조업; 의약품 제외,4
2024-12,남아프리카공화국,환경 정화 및 복원업,4
2024-12,네덜란드,건축기술  엔지니어링 및 기타 과학기술 서비스업,2
2024-12,네덜란드,고무 및 플라스틱제품 제조업,1
2024-12,네덜란드,금속가공제품 제조업; 기계 및 가구 제외,4
2024-12,네덜란드,금융업,1
2024-12,네덜란드,기타 기계 및 장비 제조업,2
2024-12,네덜란드,도매 및 상품 중개업,1
2024-12,네덜란드,비금속 광물제품 제조업,1
2024-12,네덜란드,사업지원 서비스업,1
2024-12,네덜란드,섬유제품 제조업; 의복제외,1
2024-12,네덜란드,식료품 제조업,1
2024-12,네덜란드,육상운송 및 파이프라인 운송업,4
2024-12,네덜란드,의료  정밀  광학기기 및 시계 제조업,1
2024-12,네덜란드,임대업; 부동산 제외,1
2024-12,네덜란드,자동차 및 부품 판매업,1
2024-12,네덜란드,자동차 및 트레일러 제조업,1
2024-12,네덜란드,전기장비 제조업,1
2024-12,네덜란드,전문 서비스업,3
2024-12,네덜란드,전자부품  컴퓨터  영상  음향 및 통신장비 제조업,1
2024-12,네덜란드,정보서비스업,5
2024-12,네덜란드,창고 및 운송관련 서비스업,1
2024-12,네덜란드,출판업,1
2024-12,네덜란드,컴퓨터 프로그래밍  시스템 통합 및 관리업,1
2024-12,네덜란드,코크스  연탄 및 석유정제품 제조업,1
2024-12,네덜란드,펄프  종이 및 종이제품 제조업,1
2024-12,네덜란드,화학물질 및 화학제품 제조업; 의약품 제외,1
2024-12,네팔,가죽  가방 및 신발 제조업,4
2024-12,네팔,고무 및 플라스틱제품 제조업,4
2024-12,네팔,도매 및 상품 중개업,5
2024-12,네팔,식료품 제조업,4
2024-12,네팔,의료  정밀  광학기기 및 시계 제조업,4
2024-12,네팔,의료용 물질 및 의약품 제조업,5
2024-12,네팔,자동차 및 부품 판매업,4
2024-12,노르웨이,고무 및 플라스틱제품 제조업,1
2024-12,노르웨이,기타 기계 및 장비 제조업,1
2024-12,노르웨이,도매 및 상품 중개업,1
2024-12,노르웨이,소매업; 자동차 제외,1
2024-12,노르웨이,수상 운송업,1
2024-12,노르웨이,식료품 제조업,1
2024-12,노르웨이,의료  정밀  광학기기 및 시계 제조업,1
2024-12,노르웨이,의복  의복 액세서리 및 모피제품 제조업,1
2024-12,노르웨이,자동차 및 부품 판매업,1
2024-12,노르웨이,전기  가스  증기 및 공기조절 공급업,1
2024-12,노르웨이,전기장비 제조업,1
2024-12,노르웨이,전문 서비스업,1
2024-12,노르웨이,전자부품  컴퓨터  영상  음향 및 통신장비 제조업,1
2024-12,노르웨이,창고 및 운송관련 서비스업,1
2024-12,노르웨이,컴퓨터 프로그래밍  시스템 통합 및 관리업,1
2024-12,노르웨이,펄프  종이 및 종이제품 제조업,1
2024-12,노르웨이,화학물질 및 화학제품 제조업; 의약품 제외,1
2024-12,뉴질랜드,1차 금속 제조업,2
2024-12,뉴질랜드,금속가공제품 제조업; 기계 및 가구 제외,2
2024-12,뉴질랜드,기타 기계 및 장비 제조업,1
2024-12,뉴질랜드,도매 및 상품 중개업,2
2024-12,뉴질랜드,목재 및 나무제품 제조업; 가구 제외,2
2024-12,뉴질랜드,소매업; 자동차 제외,1
2024-12,뉴질랜드,식료품 제조업,2
2024-12,뉴질랜드,우편 및 통신업,1
2024-12,뉴질랜드,의료용 물질 및 의약품 제조업,2
2024-12,뉴질랜드,의복  의복 액세서리 및 모피제품 제조업,1
2024-12,뉴질랜드,인쇄 및 기록매체 복제업,1
2024-12,뉴질랜드,자동차 및 부품 판매업,1
2024-12,뉴질랜드,전기  가스  증기 및 공기조절 공급업,1
2024-12,뉴질랜드,전기장비 제조업,2
2024-12,뉴질랜드,펄프  종이 및 종이제품 제조업,1
2024-12,뉴질랜드,화학물질 및 화학제품 제조업; 의약품 제외,1
2024-12,뉴칼레도니아,광업 지원 서비스업,4
2024-12,뉴칼레도니아,도매 및 상품 중개업,4
2024-12,니카라과,도매 및 상품 중개업,5
2024-12,니카라과,소매업; 자동차 제외,5
2024-12,니카라과,우편 및 통신업,5
2024-12,니카라과,자동차 및 부품 판매업,5
2024-12,니카라과,화학물질 및 화학제품 제조업; 의약품 제외,5
2024-12,대만,1차 금속 제조업,2
2024-12,대만,가죽  가방 및 신발 제조업,2
2024-12,대만,건축기술  엔지니어링 및 기타 과학기술 서비스업,2
2024-12,대만,고무 및 플라스틱제품 제조업,2
2024-12,대만,금속가공제품 제조업; 기계 및 가구 제외,2
2024-12,대만,금융업,2
2024-12,대만,기타 기계 및 장비 제조업,2
2024-12,대만,기타 운송장비 제조업,2
2024-12,대만,기타 제품 제조업,2
2024-12,대만,도매 및 상품 중개업,2
2024-12,대만,방송업,2
2024-12,대만,비금속 광물제품 제조업,2
2024-12,대만,섬유제품 제조업; 의복제외,2
2024-12,대만,소매업; 자동차 제외,2
2024-12,대만,수상 운송업,2
2024-12,대만,식료품 제조업,2
2024-12,대만,우편 및 통신업,2
2024-12,대만,의료  정밀  광학기기 및 시계 제조업,2
2024-12,대만,의료용 물질 및 의약품 제조업,2
2024-12,대만,의복  의복 액세서리 및 모피제품 제조업,2
2024-12,대만,자동차 및 부품 판매업,2
2024-12,대만,자동차 및 트레일러 제조업,2
2024-12,대만,전기장비 제조업,2
2024-12,대만,전문직별 공사업,2
2024-12,대만,전자부품  컴퓨터  영상  음향 및 통신장비 제조업,2
2024-12,대만,종합 건설업,2
2024-12,대만,창고 및 운송관련 서비스업,2
2024-12,대만,출판업,2
2024-12,대만,코크스  연탄 및 석유정제품 제조업,2
2024-12,대만,펄프  종이 및 종이제품 제조업,2
2024-12,대만,화학물질 및 화학제품 제조업; 의약품 제외,2
2024-12,덴마크,개인 및 소비용품 수리업,1
2024-12,덴마크,고무 및 플라스틱제품 제조업,1
2024-12,덴마크,금속가공제품 제조업; 기계 및 가구 제외,1
2024-12,덴마크,기타 기계 및 장비 제조업,1
2024-12,덴마크,도매 및 상품 중개업,2
2024-12,덴마크,섬유제품 제조업; 의복제외,1
2024-12,덴마크,수상 운송업,1
2024-12,덴마크,식료품 제조업,1
2024-12,덴마크,의료  정밀  광학기기 및 시계 제조업,1
2024-12,덴마크,의료용 물질 및 의약품 제조업,1
2024-12,덴마크,의복  의복 액세서리 및 모피제품 제조업,1
2024-12,덴마크,자동차 및 부품 판매업,1
2024-12,덴마크,전자부품  컴퓨터  영상  음향 및 통신장비 제조업,1
2024-12,덴마크,창고 및 운송관련 서비스업,1
2024-12,덴마크,컴퓨터 프로그래밍  시스템 통합 및 관리업,1
2024-12,덴마크,펄프  종이 및 종이제품 제조업,1
2024-12,덴마크,화학물질 및 화학제품 제조업; 의약품 제외,1
2024-12,도미니카공화국,1차 금속 제조업,4
2024-12,도미니카공화국,고무 및 플라스틱제품 제조업,4
2024-12,도미니카공화국,도매 및 상품 중개업,4
2024-12,도미니카공화국,비금속 광물제품 제조업,4
2024-12,도미니카공화국,소매업; 자동차 제외,4
2024-12,도미니카공화국,식료품 제조업,4
2024-12,도미니카공화국,우편 및 통신업,4
2024-12,도미니카공화국,자동차 및 부품 판매업,4
2024-12,도미니카공화국,화학물질 및 화학제품 제조업; 의약품 제외,4
2024-12,독일,1차 금속 제조업,2
2024-12,독일,가구 제조업,1
2024-12,독일,개인 및 소비용품 수리업,1
2024-12,독일,건축기술  엔지니어링 및 기타 과학기술 서비스업,1
2024-12,독일,고무 및 플라스틱제품 제조업,2
2024-12,독일,교육 서비스업,2
2024-12,독일,금속가공제품 제조업; 기계 및 가구 제외,2
2024-12,독일,금융업,1
2024-12,독일,기타 기계 및 장비 제조업,2
2024-12,독일,기타 운송장비 제조업,1
2024-12,독일,기타 제품 제조업,2
2024-12,독일,도매 및 상품 중개업,2
2024-12,독일,비금속 광물제품 제조업,1
2024-12,독일,사업지원 서비스업,2
2024-12,독일,산업용 기계 및 장비 수리업,1
2024-12,독일,섬유제품 제조업; 의복제외,2
2024-12,독일,소매업; 자동차 제외,2
2024-12,독일,수상 운송업,2
2024-12,독일,우편 및 통신업,1
2024-12,독일,음료 제조업,1
2024-12,독일,의료  정밀  광학기기 및 시계 제조업,1
2024-12,독일,의료용 물질 및 의약품 제조업,1
2024-12,독일,의복  의복 액세서리 및 모피제품 제조업,2
2024-12,독일,인쇄 및 기록매체 복제업,1
2024-12,독일,자동차 및 부품 판매업,2
2024-12,독일,자동차 및 트레일러 제조업,2
2024-12,독일,전기  가스  증기 및 공기조절 공급업,1
2024-12,독일,전기장비 제조업,2
2024-12,독일,전문 서비스업,1
2024-12,독일,전자부품  컴퓨터  영상  음향 및 통신장비 제조업,2
2024-12,독일,창고 및 운송관련 서비스업,1
2024-12,독일,출판업,1
2024-12,독일,컴퓨터 프로그래밍  시스템 통합 및 관리업,1
2024-12,독일,코크스  연탄 및 석유정제품 제조업,2
2024-12,독일,펄프  종이 및 종이제품 제조업,1
2024-12,독일,화학물질 및 화학제품 제조업; 의약품 제외,1
2024-12,라오스,도매 및 상품 중개업,5
2024-12,라오스,식료품 제조업,5
2024-12,라오스,자동차 및 부품 판매업,5
2024-12,라오스,항공 운송업,5
2024-12,라이베리아,1차 금속 제조업,5
2024-12,라이베리아,도매 및 상품 중개업,5
2024-12,라트비아,고무 및 플라스틱제품 제조업,3
2024-12,라트비아,금속가공제품 제조업; 기계 및 가구 제외,3
2024-12,라트비아,도매 및 상품 중개업,3
2024-12,라트비아,섬유제품 제조업; 의복제외,3
2024-12,라트비아,소매업; 자동차 제외,3
2024-12,라트비아,의료용 물질 및 의약품 제조업,3
2024-12,라트비아,자동차 및 부품 판매업,3
2024-12,라트비아,전자부품  컴퓨터  영상  음향 및 통신장비 제조업,3
2024-12,라트비아,펄프  종이 및 종이제품 제조업,3
2024-12,러시아,고무 및 플라스틱제품 제조업,5
2024-12,러시아,금속 광업,5
2024-12,러시아,금속가공제품 제조업; 기계 및 가구 제외,5
2024-12,러시아,금융업,5
2024-12,러시아,기타 기계 및 장비 제조업,5
2024-12,러시아,기타 운송장비 제조업,5
2024-12,러시아,도매 및 상품 중개업,5
2024-12,러시아,목재 및 나무제품 제조업; 가구 제외,5
2024-12,러시아,비금속 광물제품 제조업,5
2024-12,러시아,소매업; 자동차 제외,5
2024-12,러시아,식료품 제조업,5
2024-12,러시아,의료용 물질 및 의약품 제조업,5
2024-12,러시아,자동차 및 부품 판매업,5
2024-12,러시아,전기장비 제조업,5
2024-12,러시아,전자부품  컴퓨터  영상  음향 및 통신장비 제조업,5
2024-12,러시아,펄프  종이 및 종이제품 제조업,5
2024-12,러시아,화학물질 및 화학제품 제조업; 의약품 제외,5
2024-12,레바논,도매 및 상품 중개업,4
2024-12,레바논,자동차 및 부품 판매업,4
2024-12,레바논,펄프  종이 및 종이제품 제조업,4
2024-12,레위니옹,자동차 및 부품 판매업,4
2024-12,루마니아,1차 금속 제조업,3
2024-12,루마니아,건축기술  엔지니어링 및 기타 과학기술 서비스업,3
2024-12,루마니아,고무 및 플라스틱제품 제조업,3
2024-12,루마니아,금속가공제품 제조업; 기계 및 가구 제외,3
2024-12,루마니아,기타 기계 및 장비 제조업,3
2024-12,루마니아,기타 운송장비 제조업,3
2024-12,루마니아,기타 제품 제조업,3
2024-12,루마니아,농업,3
2024-12,루마니아,도매 및 상품 중개업,3
2024-12,루마니아,부동산업,3
2024-12,루마니아,사업지원 서비스업,3
2024-12,루마니아,섬유제품 제조업; 의복제외,3
2024-12,루마니아,소매업; 자동차 제외,3
2024-12,루마니아,음료 제조업,3
2024-12,루마니아,의료용 물질 및 의약품 제조업,3
2024-12,루마니아,인쇄 및 기록매체 복제업,3
2024-12,루마니아,자동차 및 부품 판매업,3
2024-12,루마니아,자동차 및 트레일러 제조업,3
2024-12,루마니아,전기장비 제조업,3
2024-12,루마니아,전문 서비스업,3
2024-12,루마니아,전문직별 공사업,3
2024-12,루마니아,전자부품  컴퓨터  영상  음향 및 통신장비 제조업,3
2024-12,루마니아,종합 건설업,3
2024-12,루마니아,펄프  종이 및 종이제품 제조업,3
2024-12,루마니아,화학물질 및 화학제품 제조업; 의약품 제외,3
2024-12,룩셈부르크,고무 및 플라스틱제품 제조업,2
2024-12,룩셈부르크,금융업,2
2024-12,룩셈부르크,도매 및 상품 중개업,2
2024-12,룩셈부르크,비금속 광물제품 제조업,2
2024-12,룩셈부르크,자동차 및 부품 판매업,2
2024-12,룩셈부르크,전기  가스  증기 및 공기조절 공급업,2
2024-12,르완다,가구 제조업,4
2024-12,르완다,도매 및 상품 중개업,4
2024-12,리비아,자동차 및 부품 판매업,5
2024-12,리투아니아,개인 및 소비용품 수리업,2
2024-12,리투아니아,고무 및 플라스틱제품 제조업,2
2024-12,리투아니아,금속가공제품 제조업; 기계 및 가구 제외,2
2024-12,리투아니아,도매 및 상품 중개업,2
2024-12,리투아니아,사업지원 서비스업,2
2024-12,리투아니아,소매업; 자동차 제외,2
2024-12,리투아니아,자동차 및 부품 판매업,2
2024-12,리투아니아,자동차 및 트레일러 제조업,2
2024-12,리투아니아,전문직별 공사업,4
2024-12,리투아니아,화학물질 및 화학제품 제조업; 의약품 제외,2
2024-12,리히텐슈타인,금속가공제품 제조업; 기계 및 가구 제외,4
2024-12,리히텐슈타인,기타 기계 및 장비 제조업,4
2024-12,마다가스카르,자동차 및 부품 판매업,5
2024-12,마샬군도,도매 및 상품 중개업,4
2024-12,마카오,도매 및 상품 중개업,2
2024-12,마카오,사업지원 서비스업,2
2024-12,마카오,소매업; 자동차 제외,2
2024-12,마카오,스포츠 및 오락관련 서비스업,2
2024-12,마카오,우편 및 통신업,2
2024-12,마카오,출판업,2
2024-12,말레이시아,1차 금속 제조업,3
2024-12,말레이시아,개인 및 소비용품 수리업,3
2024-12,말레이시아,고무 및 플라스틱제품 제조업,3
2024-12,말레이시아,금속가공제품 제조업; 기계 및 가구 제외,3
2024-12,말레이시아,금융업,3
2024-12,말레이시아,기타 기계 및 장비 제조업,3
2024-12,말레이시아,기타 제품 제조업,3
2024-12,말레이시아,도매 및 상품 중개업,3
2024-12,말레이시아,목재 및 나무제품 제조업; 가구 제외,3
2024-12,말레이시아,비금속 광물제품 제조업,3
2024-12,말레이시아,사업지원 서비스업,3
2024-12,말레이시아,섬유제품 제조업; 의복제외,3
2024-12,말레이시아,소매업; 자동차 제외,3
2024-12,말레이시아,식료품 제조업,3
2024-12,말레이시아,음료 제조업,3
2024-12,말레이시아,의료용 물질 및 의약품 제조업,3
2024-12,말레이시아,의복  의복 액세서리 및 모피제품 제조업,3
2024-12,말레이시아,인쇄 및 기록매체 복제업,3
2024-12,말레이시아,자동차 및 부품 판매업,3
2024-12,말레이시아,자동차 및 트레일러 제조업,3
2024-12,말레이시아,전기장비 제조업,3
2024-12,말레이시아,전문직별 공사업,3
2024-12,말레이시아,전자부품  컴퓨터  영상  음향 및 통신장비 제조업,3
2024-12,말레이시아,창고 및 운송관련 서비스업,3
2024-12,말레이시아,출판업,3
2024-12,말레이시아,코크스  연탄 및 석유정제품 제조업,3
2024-12,말레이시아,펄프  종이 및 종이제품 제조업,3
2024-12,말레이시아,화학물질 및 화학제품 제조업; 의약품 제외,3
2024-12,말리,도매 및 상품 중개업,5
2024-12,말리,전문직별 공사업,5
2024-12,말리,컴퓨터 프로그래밍  시스템 통합 및 관리업,5
2024-12,멕시코,1차 금속 제조업,4
2024-12,멕시코,개인 및 소비용품 수리업,4
2024-12,멕시코,고무 및 플라스틱제품 제조업,4
2024-12,멕시코,금속가공제품 제조업; 기계 및 가구 제외,4
2024-12,멕시코,기타 기계 및 장비 제조업,4
2024-12,멕시코,기타 제품 제조업,4
2024-12,멕시코,도매 및 상품 중개업,4
2024-12,멕시코,비금속 광물제품 제조업,4
2024-12,멕시코,사업지원 서비스업,5
2024-12,멕시코,섬유제품 제조업; 의복제외,4
2024-12,멕시코,소매업; 자동차 제외,4
2024-12,멕시코,식료품 제조업,4
2024-12,멕시코,우편 및 통신업,4
2024-12,멕시코,의료용 물질 및 의약품 제조업,4
2024-12,멕시코,의복  의복 액세서리 및 모피제품 제조업,5
2024-12,멕시코,인쇄 및 기록매체 복제업,4
2024-12,멕시코,자동차 및 부품 판매업,4
2024-12,멕시코,자동차 및 트레일러 제조업,4
2024-12,멕시코,전기장비 제조업,5
2024-12,멕시코,전문 서비스업,4
2024-12,멕시코,전자부품  컴퓨터  영상  음향 및 통신장비 제조업,4
2024-12,멕시코,종합 건설업,5
2024-12,멕시코,창고 및 운송관련 서비스업,4
2024-12,멕시코,코크스  연탄 및 석유정제품 제조업,4
2024-12,멕시코,펄프  종이 및 종이제품 제조업,4
2024-12,멕시코,하수  폐수 및 분뇨 처리업,4
2024-12,멕시코,화학물질 및 화학제품 제조업; 의약품 제외,4
2024-12,모나코,도매 및 상품 중개업,4
2024-12,모로코,1차 금속 제조업,4
2024-12,모로코,가구 제조업,4
2024-12,모로코,개인 및 소비용품 수리업,4
2024-12,모로코,건축기술  엔지니어링 및 기타 과학기술 서비스업,4
2024-12,모로코,고무 및 플라스틱제품 제조업,4
2024-12,모로코,금속가공제품 제조업; 기계 및 가구 제외,4
2024-12,모로코,금융업,4
2024-12,모로코,기타 기계 및 장비 제조업,4
2024-12,모로코,도매 및 상품 중개업,4
2024-12,모로코,사업시설 관리 및 조경 서비스업,4
2024-12,모로코,사업지원 서비스업,4
2024-12,모로코,산업용 기계 및 장비 수리업,4
2024-12,모로코,소매업; 자동차 제외,4
2024-12,모로코,우편 및 통신업,4
2024-12,모로코,음료 제조업,4
2024-12,모로코,의료용 물질 및 의약품 제조업,4
2024-12,모로코,임대업; 부동산 제외,4
2024-12,모로코,자동차 및 부품 판매업,4
2024-12,모로코,전기장비 제조업,4
2024-12,모로코,전문직별 공사업,4
2024-12,모로코,컴퓨터 프로그래밍  시스템 통합 및 관리업,4
2024-12,모로코,펄프  종이 및 종이제품 제조업,4
2024-12,모로코,화학물질 및 화학제품 제조업; 의약품 제외,4
2024-12,모리셔스,도매 및 상품 중개업,4
2024-12,모리셔스,자동차 및 부품 판매업,2
2024-12,모리셔스,펄프  종이 및 종이제품 제조업,2
2024-12,모리타니아,도매 및 상품 중개업,4
2024-12,모리타니아,컴퓨터 프로그래밍  시스템 통합 및 관리업,5
2024-12,몬테네그로,도매 및 상품 중개업,3
2024-12,몰도바,금속가공제품 제조업; 기계 및 가구 제외,4
2024-12,몰도바,도매 및 상품 중개업,4
2024-12,몰도바,소매업; 자동차 제외,4
2024-12,몰도바,우편 및 통신업,4
2024-12,몰도바,자동차 및 부품 판매업,4
2024-12,몰도바,코크스  연탄 및 석유정제품 제조업,4
2024-12,몰디브,창고 및 운송관련 서비스업,4
2024-12,몰타,도매 및 상품 중개업,2
2024-12,몰타,섬유제품 제조업; 의복제외,2
2024-12,몰타,자동차 및 부품 판매업,2
2024-12,몰타,전자부품  컴퓨터  영상  음향 및 통신장비 제조업,2
2024-12,몽골,도매 및 상품 중개업,4
2024-12,몽골,소매업; 자동차 제외,4
2024-12,몽골,음료 제조업,5
2024-12,몽골,인쇄 및 기록매체 복제업,4
2024-12,몽골,자동차 및 부품 판매업,4
2024-12,몽골,펄프  종이 및 종이제품 제조업,4
2024-12,미국,1차 금속 제조업,2
2024-12,미국,가구 제조업,2
2024-12,미국,가죽  가방 및 신발 제조업,2
2024-12,미국,개인 및 소비용품 수리업,2
2024-12,미국,건축기술  엔지니어링 및 기타 과학기술 서비스업,2
2024-12,미국,고무 및 플라스틱제품 제조업,2
2024-12,미국,공공행정  국방 및 사회보장 행정,2
2024-12,미국,광업 지원 서비스업,2
2024-12,미국,금속가공제품 제조업; 기계 및 가구 제외,2
2024-12,미국,기타 개인 서비스업,2
2024-12,미국,기타 기계 및 장비 제조업,2
2024-12,미국,기타 운송장비 제조업,2
2024-12,미국,기타 전문  과학 및 기술 서비스업,2
2024-12,미국,기타 제품 제조업,2
2024-12,미국,도매 및 상품 중개업,2
2024-12,미국,목재 및 나무제품 제조업; 가구 제외,3
2024-12,미국,방송업,2
2024-12,미국,비금속 광물제품 제조업,4
2024-12,미국,사업지원 서비스업,2
2024-12,미국,산업용 기계 및 장비 수리업,2
2024-12,미국,섬유제품 제조업; 의복제외,2
2024-12,미국,소매업; 자동차 제외,3
2024-12,미국,수상 운송업,2
2024-12,미국,식료품 제조업,2
2024-12,미국,우편 및 통신업,2
2024-12,미국,육상운송 및 파이프라인 운송업,3
2024-12,미국,음식점 및 주점업,2
2024-12,미국,의료  정밀  광학기기 및 시계 제조업,2
2024-12,미국,의료용 물질 및 의약품 제조업,2
2024-12,미국,의복  의복 액세서리 및 모피제품 제조업,2
2024-12,미국,인쇄 및 기록매체 복제업,2
2024-12,미국,임대업; 부동산 제외,2
2024-12,미국,자동차 및 부품 판매업,2
2024-12,미국,자동차 및 트레일러 제조업,2
2024-12,미국,전기  가스  증기 및 공기조절 공급업,2
2024-12,미국,전기장비 제조업,2
2024-12,미국,전문 서비스업,2
2024-12,미국,전문직별 공사업,2
2024-12,미국,전자부품  컴퓨터  영상  음향 및 통신장비 제조업,2
2024-12,미국,정보서비스업,2
2024-12,미국,종합 건설업,2
2024-12,미국,창고 및 운송관련 서비스업,2
2024-12,미국,출판업,2
2024-12,미국,컴퓨터 프로그래밍  시스템 통합 및 관리업,2
2024-12,미국,코크스  연탄 및 석유정제품 제조업,2
2024-12,미국,펄프  종이 및 종이제품 제조업,3
2024-12,미국,항공 운송업,2
2024-12,미국,협회 및 단체,2
2024-12,미국,화학물질 및 화학제품 제조업; 의약품 제외,2
2024-12,미얀마,고무 및 플라스틱제품 제조업,5
2024-12,미얀마,도매 및 상품 중개업,5
2024-12,미얀마,식료품 제조업,5
2024-12,미얀마,인쇄 및 기록매체 복제업,5
2024-12,미얀마,자동차 및 부품 판매업,5
2024-12,바레인,가구 제조업,3
2024-12,바레인,건축기술  엔지니어링 및 기타 과학기술 서비스업,3
2024-12,바레인,기타 기계 및 장비 제조업,3
2024-12,바레인,도매 및 상품 중개업,3
2024-12,바레인,자동차 및 부품 판매업,3
2024-12,바레인,출판업,3
2024-12,바레인,화학물질 및 화학제품 제조업; 의약품 제외,3
2024-12,바베이도스,금융 및 보험 관련 서비스업,4
2024-12,방글라데시,1차 금속 제조업,4
2024-12,방글라데시,가죽  가방 및 신발 제조업,4
2024-12,방글라데시,고무 및 플라스틱제품 제조업,4
2024-12,방글라데시,금속가공제품 제조업; 기계 및 가구 제외,4
2024-12,방글라데시,기타 제품 제조업,4
2024-12,방글라데시,도매 및 상품 중개업,4
2024-12,방글라데시,보건업,4
2024-12,방글라데시,비금속 광물제품 제조업,4
2024-12,방글라데시,섬유제품 제조업; 의복제외,4
2024-12,방글라데시,식료품 제조업,4
2024-12,방글라데시,음료 제조업,5
2024-12,방글라데시,의료  정밀  광학기기 및 시계 제조업,4
2024-12,방글라데시,의료용 물질 및 의약품 제조업,4
2024-12,방글라데시,의복  의복 액세서리 및 모피제품 제조업,4
2024-12,방글라데시,인쇄 및 기록매체 복제업,4
2024-12,방글라데시,자동차 및 부품 판매업,4
2024-12,방글라데시,전기장비 제조업,4
2024-12,방글라데시,출판업,5
2024-12,방글라데시,코크스  연탄 및 석유정제품 제조업,4
2024-12,방글라데시,펄프  종이 및 종이제품 제조업,4
2024-12,방글라데시,화학물질 및 화학제품 제조업; 의약품 제외,4
2024-12,베넹,도매 및 상품 중개업,5
2024-12,베트남,1차 금속 제조업,4
2024-12,베트남,가구 제조업,5
2024-12,베트남,가죽  가방 및 신발 제조업,4
2024-12,베트남,개인 및 소비용품 수리업,4
2024-12,베트남,고무 및 플라스틱제품 제조업,4
2024-12,베트남,금속 광업,4
2024-12,베트남,금속가공제품 제조업; 기계 및 가구 제외,4
2024-12,베트남,기타 기계 및 장비 제조업,4
2024-12,베트남,기타 운송장비 제조업,4
2024-12,베트남,기타 전문  과학 및 기술 서비스업,4
2024-12,베트남,기타 제품 제조업,4
2024-12,베트남,농업,4
2024-12,베트남,도매 및 상품 중개업,4
2024-12,베트남,목재 및 나무제품 제조업; 가구 제외,4
2024-12,베트남,비금속 광물제품 제조업,4
2024-12,베트남,산업용 기계 및 장비 수리업,4
2024-12,베트남,섬유제품 제조업; 의복제외,4
2024-12,베트남,소매업; 자동차 제외,4
2024-12,베트남,식료품 제조업,4
2024-12,베트남,음료 제조업,5
2024-12,베트남,의료  정밀  광학기기 및 시계 제조업,4
2024-12,베트남,의료용 물질 및 의약품 제조업,4
2024-12,베트남,의복  의복 액세서리 및 모피제품 제조업,4
2024-12,베트남,인쇄 및 기록매체 복제업,4
2024-12,베트남,자동차 및 부품 판매업,4
2024-12,베트남,자동차 및 트레일러 제조업,4
2024-12,베트남,전기장비 제조업,4
2024-12,베트남,전문 서비스업,4
2024-12,베트남,전문직별 공사업,4
2024-12,베트남,전자부품  컴퓨터  영상  음향 및 통신장비 제조업,4
2024-12,베트남,종합 건설업,4
2024-12,베트남,창고 및 운송관련 서비스업,4
2024-12,베트남,코크스  연탄 및 석유정제품 제조업,4
2024-12,베트남,펄프  종이 및 종이제품 제조업,4
2024-12,베트남,폐기물 수집  운반  처리 및 원료 재생업,4
2024-12,베트남,화학물질 및 화학제품 제조업; 의약품 제외,4
2024-12,벨기에,1차 금속 제조업,4
2024-12,벨기에,고무 및 플라스틱제품 제조업,2
2024-12,벨기에,금속가공제품 제조업; 기계 및 가구 제외,2
2024-12,벨기에,금융업,2
2024-12,벨기에,기타 기계 및 장비 제조업,2
2024-12,벨기에,도매 및 상품 중개업,2
2024-12,벨기에,비금속 광물제품 제조업,2
2024-12,벨기에,사업지원 서비스업,2
2024-12,벨기에,산업용 기계 및 장비 수리업,2
2024-12,벨기에,섬유제품 제조업; 의복제외,2
2024-12,벨기에,소매업; 자동차 제외,2
2024-12,벨기에,수상 운송업,2
2024-12,벨기에,식료품 제조업,2
2024-12,벨기에,의료  정밀  광학기기 및 시계 제조업,2
2024-12,벨기에,의복  의복 액세서리 및 모피제품 제조업,2
2024-12,벨기에,자동차 및 부품 판매업,2
2024-12,벨기에,자동차 및 트레일러 제조업,2
2024-12,벨기에,전기장비 제조업,2
2024-12,벨기에,전문 서비스업,2
2024-12,벨기에,전자부품  컴퓨터  영상  음향 및 통신장비 제조업,2
2024-12,벨기에,창고 및 운송관련 서비스업,2
2024-12,벨기에,컴퓨터 프로그래밍  시스템 통합 및 관리업,2
2024-12,벨기에,코크스  연탄 및 석유정제품 제조업,2
2024-12,벨기에,펄프  종이 및 종이제품 제조업,2
2024-12,벨기에,화학물질 및 화학제품 제조업; 의약품 제외,2
2024-12,벨라루스,도매 및 상품 중개업,5
2024-12,벨라루스,자동차 및 부품 판매업,5
2024-12,벨라루스,종합 건설업,5
2024-12,벨리즈,도매 및 상품 중개업,4
2024-12,벨리즈,소매업; 자동차 제외,4
2024-12,벨리즈,자동차 및 부품 판매업,4
2024-12,보스니아-헤르체코비나,도매 및 상품 중개업,3
2024-12,보스니아-헤르체코비나,소매업; 자동차 제외,3
2024-12,보스니아-헤르체코비나,자동차 및 부품 판매업,4
2024-12,볼리비아,가구 제조업,4
2024-12,볼리비아,금속 광업,4
2024-12,볼리비아,도매 및 상품 중개업,4
2024-12,볼리비아,육상운송 및 파이프라인 운송업,4
2024-12,볼리비아,자동차 및 부품 판매업,4
2024-12,볼리비아,화학물질 및 화학제품 제조업; 의약품 제외,4
2024-12,부룬디,가구 제조업,5
2024-12,부르키나파소,금속 광업,5
2024-12,부르키나파소,기타 운송장비 제조업,5
2024-12,부르키나파소,도매 및 상품 중개업,5
2024-12,부르키나파소,비금속광물 광업; 연료용 제외,5
2024-12,북마케도니아,도매 및 상품 중개업,3
2024-12,북마케도니아,소매업; 자동차 제외,3
2024-12,북마케도니아,자동차 및 트레일러 제조업,3
2024-12,북마케도니아,펄프  종이 및 종이제품 제조업,3
2024-12,불가리아,개인 및 소비용품 수리업,3
2024-12,불가리아,고무 및 플라스틱제품 제조업,3
2024-12,불가리아,금속가공제품 제조업; 기계 및 가구 제외,3
2024-12,불가리아,기타 기계 및 장비 제조업,3
2024-12,불가리아,기타 제품 제조업,3
2024-12,불가리아,담배 제조업,3
2024-12,불가리아,도매 및 상품 중개업,3
2024-12,불가리아,섬유제품 제조업; 의복제외,3
2024-12,불가리아,식료품 제조업,3
2024-12,불가리아,우편 및 통신업,3
2024-12,불가리아,의료용 물질 및 의약품 제조업,3
2024-12,불가리아,인쇄 및 기록매체 복제업,3
2024-12,불가리아,자동차 및 부품 판매업,3
2024-12,불가리아,자동차 및 트레일러 제조업,3
2024-12,불가리아,전기장비 제조업,3
2024-12,불가리아,펄프  종이 및 종이제품 제조업,3
2024-12,불가리아,화학물질 및 화학제품 제조업; 의약품 제외,3
2024-12,브라질,1차 금속 제조업,4
2024-12,브라질,가구 제조업,4
2024-12,브라질,가죽  가방 및 신발 제조업,4
2024-12,브라질,고무 및 플라스틱제품 제조업,4
2024-12,브라질,금속가공제품 제조업; 기계 및 가구 제외,4
2024-12,브라질,금융 및 보험 관련 서비스업,4
2024-12,브라질,금융업,4
2024-12,브라질,기타 기계 및 장비 제조업,4
2024-12,브라질,기타 운송장비 제조업,5
2024-12,브라질,기타 제품 제조업,4
2024-12,브라질,도매 및 상품 중개업,4
2024-12,브라질,목재 및 나무제품 제조업; 가구 제외,4
2024-12,브라질,비금속 광물제품 제조업,4
2024-12,브라질,사업지원 서비스업,4
2024-12,브라질,섬유제품 제조업; 의복제외,4
2024-12,브라질,소매업; 자동차 제외,4
2024-12,브라질,숙박업,4
2024-12,브라질,식료품 제조업,4
2024-12,브라질,연구개발업,4
2024-12,브라질,의료  정밀  광학기기 및 시계 제조업,4
2024-12,브라질,의료용 물질 및 의약품 제조업,4
2024-12,브라질,의복  의복 액세서리 및 모피제품 제조업,4
2024-12,브라질,인쇄 및 기록매체 복제업,4
2024-12,브라질,자동차 및 부품 판매업,4
2024-12,브라질,자동차 및 트레일러 제조업,4
2024-12,브라질,전기장비 제조업,4
2024-12,브라질,전문 서비스업,4
2024-12,브라질,전문직별 공사업,4
2024-12,브라질,전자부품  컴퓨터  영상  음향 및 통신장비 제조업,4
2024-12,브라질,창고 및 운송관련 서비스업,4
2024-12,브라질,컴퓨터 프로그래밍  시스템 통합 및 관리업,4
2024-12,브라질,코크스  연탄 및 석유정제품 제조업,4
2024-12,브라질,펄프  종이 및 종이제품 제조업,4
2024-12,브라질,화학물질 및 화학제품 제조업; 의약품 제외,4
2024-12,사우디아라비아,1차 금속 제조업,3
2024-12,사우디아라비아,가구 제조업,3
2024-12,사우디아라비아,건축기술  엔지니어링 및 기타 과학기술 서비스업,3
2024-12,사우디아라비아,고무 및 플라스틱제품 제조업,3
2024-12,사우디아라비아,광업 지원 서비스업,3
2024-12,사우디아라비아,금속가공제품 제조업; 기계 및 가구 제외,3
2024-12,사우디아라비아,금융업,3
2024-12,사우디아라비아,기타 기계 및 장비 제조업,3
2024-12,사우디아라비아,도매 및 상품 중개업,4
2024-12,사우디아라비아,비금속 광물제품 제조업,4
2024-12,사우디아라비아,사업시설 관리 및 조경 서비스업,3
2024-12,사우디아라비아,사업지원 서비스업,3
2024-12,사우디아라비아,섬유제품 제조업; 의복제외,3
2024-12,사우디아라비아,소매업; 자동차 제외,3
2024-12,사우디아라비아,수도업,3
2024-12,사우디아라비아,수상 운송업,5
2024-12,사우디아라비아,식료품 제조업,3
2024-12,사우디아라비아,의료  정밀  광학기기 및 시계 제조업,3
2024-12,사우디아라비아,의료용 물질 및 의약품 제조업,3
2024-12,사우디아라비아,의복  의복 액세서리 및 모피제품 제조업,5
2024-12,사우디아라비아,자동차 및 부품 판매업,4
2024-12,사우디아라비아,전기  가스  증기 및 공기조절 공급업,3
2024-12,사우디아라비아,전기장비 제조업,3
2024-12,사우디아라비아,전문직별 공사업,3
2024-12,사우디아라비아,종합 건설업,3
2024-12,사우디아라비아,창고 및 운송관련 서비스업,3
2024-12,사우디아라비아,출판업,3
2024-12,사우디아라비아,컴퓨터 프로그래밍  시스템 통합 및 관리업,3
2024-12,사우디아라비아,코크스  연탄 및 석유정제품 제조업,3
2024-12,사우디아라비아,펄프  종이 및 종이제품 제조업,4
2024-12,사우디아라비아,화학물질 및 화학제품 제조업; 의약품 제외,3
2024-12,사이프러스,도매 및 상품 중개업,2
2024-12,사이프러스,수상 운송업,2
2024-12,사이프러스,자동차 및 부품 판매업,2
2024-12,산 마리노,1차 금속 제조업,5
2024-12,산 마리노,고무 및 플라스틱제품 제조업,2
2024-12,세네갈,가구 제조업,5
2024-12,세네갈,도매 및 상품 중개업,5
2024-12,세르비아,고무 및 플라스틱제품 제조업,3
2024-12,세르비아,도매 및 상품 중개업,3
2024-12,세르비아,사업지원 서비스업,3
2024-12,세르비아,섬유제품 제조업; 의복제외,4
2024-12,세르비아,자동차 및 부품 판매업,3
2024-12,세르비아,자동차 및 트레일러 제조업,3
2024-12,세르비아,전기장비 제조업,3
2024-12,세르비아,전문직별 공사업,3
2024-12,세르비아,전자부품  컴퓨터  영상  음향 및 통신장비 제조업,3
2024-12,세르비아,컴퓨터 프로그래밍  시스템 통합 및 관리업,3
2024-12,세르비아,화학물질 및 화학제품 제조업; 의약품 제외,4
2024-12,세이셸,도매 및 상품 중개업,4
2024-12,세이셸,소매업; 자동차 제외,4
2024-12,세인트 빈센트 그레나딘,도매 및 상품 중개업,4
2024-12,수리남,금속 광업,5
2024-12,스리랑카,고무 및 플라스틱제품 제조업,5
2024-12,스리랑카,금속가공제품 제조업; 기계 및 가구 제외,4
2024-12,스리랑카,도매 및 상품 중개업,4
2024-12,스리랑카,비금속 광물제품 제조업,4
2024-12,스리랑카,섬유제품 제조업; 의복제외,4
2024-12,스리랑카,식료품 제조업,4
2024-12,스리랑카,의복  의복 액세서리 및 모피제품 제조업,4
2024-12,스리랑카,자동차 및 부품 판매업,4
2024-12,스리랑카,전기장비 제조업,4
2024-12,스리랑카,화학물질 및 화학제품 제조업; 의약품 제외,4
2024-12,스웨덴,1차 금속 제조업,2
2024-12,스웨덴,개인 및 소비용품 수리업,2
2024-12,스웨덴,건축기술  엔지니어링 및 기타 과학기술 서비스업,2
2024-12,스웨덴,고무 및 플라스틱제품 제조업,2
2024-12,스웨덴,금속가공제품 제조업; 기계 및 가구 제외,2
2024-12,스웨덴,기타 기계 및 장비 제조업,2
2024-12,스웨덴,도매 및 상품 중개업,2
2024-12,스웨덴,섬유제품 제조업; 의복제외,2
2024-12,스웨덴,소매업; 자동차 제외,2
2024-12,스웨덴,연구개발업,2
2024-12,스웨덴,자동차 및 부품 판매업,2
2024-12,스웨덴,자동차 및 트레일러 제조업,2
2024-12,스웨덴,전기장비 제조업,2
2024-12,스웨덴,전문 서비스업,2
2024-12,스웨덴,전자부품  컴퓨터  영상  음향 및 통신장비 제조업,2
2024-12,스웨덴,컴퓨터 프로그래밍  시스템 통합 및 관리업,2
2024-12,스웨덴,코크스  연탄 및 석유정제품 제조업,2
2024-12,스웨덴,펄프  종이 및 종이제품 제조업,2
2024-12,스웨덴,화학물질 및 화학제품 제조업; 의약품 제외,2
2024-12,스위스,1차 금속 제조업,1
2024-12,스위스,가죽  가방 및 신발 제조업,1
2024-12,스위스,고무 및 플라스틱제품 제조업,1
2024-12,스위스,금속가공제품 제조업; 기계 및 가구 제외,1
2024-12,스위스,금융 및 보험 관련 서비스업,1
2024-12,스위스,기타 기계 및 장비 제조업,1
2024-12,스위스,기타 운송장비 제조업,1
2024-12,스위스,기타 제품 제조업,1
2024-12,스위스,담배 제조업,1
2024-12,스위스,도매 및 상품 중개업,2
2024-12,스위스,비금속 광물제품 제조업,1
2024-12,스위스,사업지원 서비스업,1
2024-12,스위스,소매업; 자동차 제외,1
2024-12,스위스,수도업,1
2024-12,스위스,수상 운송업,1
2024-12,스위스,의료  정밀  광학기기 및 시계 제조업,1
2024-12,스위스,의료용 물질 및 의약품 제조업,1
2024-12,스위스,의복  의복 액세서리 및 모피제품 제조업,1
2024-12,스위스,자동차 및 부품 판매업,1
2024-12,스위스,전기장비 제조업,1
2024-12,스위스,전문 서비스업,1
2024-12,스위스,전문직별 공사업,2
2024-12,스위스,전자부품  컴퓨터  영상  음향 및 통신장비 제조업,1
2024-12,스위스,코크스  연탄 및 석유정제품 제조업,1
2024-12,스위스,화학물질 및 화학제품 제조업; 의약품 제외,1
2024-12,스페인,1차 금속 제조업,2
2024-12,스페인,개인 및 소비용품 수리업,2
2024-12,스페인,건축기술  엔지니어링 및 기타 과학기술 서비스업,2
2024-12,스페인,고무 및 플라스틱제품 제조업,2
2024-12,스페인,금속가공제품 제조업; 기계 및 가구 제외,2
2024-12,스페인,금융업,2
2024-12,스페인,기타 기계 및 장비 제조업,2
2024-12,스페인,기타 운송장비 제조업,5
2024-12,스페인,기타 제품 제조업,2
2024-12,스페인,도매 및 상품 중개업,2
2024-12,스페인,비금속 광물제품 제조업,2
2024-12,스페인,비금속광물 광업; 연료용 제외,2
2024-12,스페인,사업지원 서비스업,2
2024-12,스페인,산업용 기계 및 장비 수리업,2
2024-12,스페인,섬유제품 제조업; 의복제외,2
2024-12,스페인,소매업; 자동차 제외,2
2024-12,스페인,식료품 제조업,2
2024-12,스페인,우편 및 통신업,2
2024-12,스페인,의료  정밀  광학기기 및 시계 제조업,2
2024-12,스페인,의료용 물질 및 의약품 제조업,2
2024-12,스페인,인쇄 및 기록매체 복제업,2
2024-12,스페인,자동차 및 부품 판매업,2
2024-12,스페인,자동차 및 트레일러 제조업,3
2024-12,스페인,전기  가스  증기 및 공기조절 공급업,5
2024-12,스페인,전기장비 제조업,2
2024-12,스페인,전문 서비스업,2
2024-12,스페인,전문직별 공사업,2
2024-12,스페인,전자부품  컴퓨터  영상  음향 및 통신장비 제조업,2
2024-12,스페인,종합 건설업,2
2024-12,스페인,컴퓨터 프로그래밍  시스템 통합 및 관리업,2
2024-12,스페인,코크스  연탄 및 석유정제품 제조업,2
2024-12,스페인,펄프  종이 및 종이제품 제조업,2
2024-12,스페인,하수  폐수 및 분뇨 처리업,2
2024-12,스페인,화학물질 및 화학제품 제조업; 의약품 제외,2
2024-12,슬로바키아,고무 및 플라스틱제품 제조업,2
2024-12,슬로바키아,기타 기계 및 장비 제조업,2
2024-12,슬로바키아,도매 및 상품 중개업,2
2024-12,슬로바키아,목재 및 나무제품 제조업; 가구 제외,2
2024-12,슬로바키아,비금속 광물제품 제조업,2
2024-12,슬로바키아,산업용 기계 및 장비 수리업,2
2024-12,슬로바키아,섬유제품 제조업; 의복제외,2
2024-12,슬로바키아,소매업; 자동차 제외,2
2024-12,슬로바키아,의료  정밀  광학기기 및 시계 제조업,2
2024-12,슬로바키아,의복  의복 액세서리 및 모피제품 제조업,2
2024-12,슬로바키아,인쇄 및 기록매체 복제업,2
2024-12,슬로바키아,자동차 및 부품 판매업,2
2024-12,슬로바키아,자동차 및 트레일러 제조업,2
2024-12,슬로바키아,전기장비 제조업,2
2024-12,슬로바키아,전문직별 공사업,2
2024-12,슬로바키아,전자부품  컴퓨터  영상  음향 및 통신장비 제조업,2
2024-12,슬로바키아,화학물질 및 화학제품 제조업; 의약품 제외,3
2024-12,슬로베니아,기타 기계 및 장비 제조업,2
2024-12,슬로베니아,기타 제품 제조업,2
2024-12,슬로베니아,도매 및 상품 중개업,2
2024-12,슬로베니아,섬유제품 제조업; 의복제외,2
2024-12,슬로베니아,소매업; 자동차 제외,2
2024-12,슬로베니아,자동차 및 부품 판매업,2
2024-12,슬로베니아,전기장비 제조업,2
2024-12,슬로베니아,전문직별 공사업,2
2024-12,슬로베니아,화학물질 및 화학제품 제조업; 의약품 제외,2
2024-12,시에라리온,도매 및 상품 중개업,5
2024-12,싱가포르,1차 금속 제조업,1
2024-12,싱가포르,가죽  가방 및 신발 제조업,1
2024-12,싱가포르,건축기술  엔지니어링 및 기타 과학기술 서비스업,1
2024-12,싱가포르,고무 및 플라스틱제품 제조업,1
2024-12,싱가포르,광업 지원 서비스업,1
2024-12,싱가포르,금속가공제품 제조업; 기계 및 가구 제외,1
2024-12,싱가포르,금융업,1
2024-12,싱가포르,기타 기계 및 장비 제조업,1
2024-12,싱가포르,기타 운송장비 제조업,1
2024-12,싱가포르,담배 제조업,1
2024-12,싱가포르,도매 및 상품 중개업,1
2024-12,싱가포르,비금속 광물제품 제조업,1
2024-12,싱가포르,사업지원 서비스업,2
2024-12,싱가포르,석탄  원유 및 천연가스 광업,1
2024-12,싱가포르,섬유제품 제조업; 의복제외,1
2024-12,싱가포르,소매업; 자동차 제외,1
2024-12,싱가포르,수상 운송업,1
2024-12,싱가포르,식료품 제조업,3
2024-12,싱가포르,음료 제조업,1
2024-12,싱가포르,의료  정밀  광학기기 및 시계 제조업,1
2024-12,싱가포르,인쇄 및 기록매체 복제업,1
2024-12,싱가포르,임대업; 부동산 제외,1
2024-12,싱가포르,자동차 및 부품 판매업,1
2024-12,싱가포르,자동차 및 트레일러 제조업,1
2024-12,싱가포르,전기  가스  증기 및 공기조절 공급업,1
2024-12,싱가포르,전기장비 제조업,1
2024-12,싱가포르,전문 서비스업,1
2024-12,싱가포르,전문직별 공사업,1
2024-12,싱가포르,전자부품  컴퓨터  영상  음향 및 통신장비 제조업,1
2024-12,싱가포르,종합 건설업,1
2024-12,싱가포르,창고 및 운송관련 서비스업,1
2024-12,싱가포르,출판업,1
2024-12,싱가포르,코크스  연탄 및 석유정제품 제조업,1
2024-12,싱가포르,펄프  종이 및 종이제품 제조업,1
2024-12,싱가포르,화학물질 및 화학제품 제조업; 의약품 제외,1
2024-12,아랍에미리트 연합,1차 금속 제조업,4
2024-12,아랍에미리트 연합,가구 제조업,3
2024-12,아랍에미리트 연합,고무 및 플라스틱제품 제조업,3
2024-12,아랍에미리트 연합,광업 지원 서비스업,3
2024-12,아랍에미리트 연합,금속 광업,3
2024-12,아랍에미리트 연합,금속가공제품 제조업; 기계 및 가구 제외,3
2024-12,아랍에미리트 연합,기타 기계 및 장비 제조업,3
2024-12,아랍에미리트 연합,도매 및 상품 중개업,3
2024-12,아랍에미리트 연합,비금속 광물제품 제조업,3
2024-12,아랍에미리트 연합,소매업; 자동차 제외,3
2024-12,아랍에미리트 연합,수상 운송업,2
2024-12,아랍에미리트 연합,식료품 제조업,3
2024-12,아랍에미리트 연합,육상운송 및 파이프라인 운송업,3
2024-12,아랍에미리트 연합,의료용 물질 및 의약품 제조업,3
2024-12,아랍에미리트 연합,자동차 및 부품 판매업,3
2024-12,아랍에미리트 연합,자동차 및 트레일러 제조업,3
2024-12,아랍에미리트 연합,전기  가스  증기 및 공기조절 공급업,4
2024-12,아랍에미리트 연합,전기장비 제조업,3
2024-12,아랍에미리트 연합,전문 서비스업,3
2024-12,아랍에미리트 연합,전문직별 공사업,4
2024-12,아랍에미리트 연합,종합 건설업,4
2024-12,아랍에미리트 연합,창고 및 운송관련 서비스업,3
2024-12,아랍에미리트 연합,출판업,3
2024-12,아랍에미리트 연합,코크스  연탄 및 석유정제품 제조업,3
2024-12,아랍에미리트 연합,펄프  종이 및 종이제품 제조업,3
2024-12,아랍에미리트 연합,항공 운송업,2
2024-12,아랍에미리트 연합,화학물질 및 화학제품 제조업; 의약품 제외,3
2024-12,아루바,자동차 및 부품 판매업,4
2024-12,아르메니아,1차 금속 제조업,5
2024-12,아르메니아,가구 제조업,5
2024-12,아르메니아,고무 및 플라스틱제품 제조업,5
2024-12,아르메니아,도매 및 상품 중개업,5
2024-12,아르메니아,펄프  종이 및 종이제품 제조업,5
2024-12,아르헨티나,1차 금속 제조업,4
2024-12,아르헨티나,가구 제조업,4
2024-12,아르헨티나,고무 및 플라스틱제품 제조업,4
2024-12,아르헨티나,기타 개인 서비스업,4
2024-12,아르헨티나,기타 기계 및 장비 제조업,4
2024-12,아르헨티나,도매 및 상품 중개업,4
2024-12,아르헨티나,비금속 광물제품 제조업,4
2024-12,아르헨티나,석탄  원유 및 천연가스 광업,5
2024-12,아르헨티나,섬유제품 제조업; 의복제외,4
2024-12,아르헨티나,소매업; 자동차 제외,4
2024-12,아르헨티나,우편 및 통신업,5
2024-12,아르헨티나,의료  정밀  광학기기 및 시계 제조업,4
2024-12,아르헨티나,의료용 물질 및 의약품 제조업,4
2024-12,아르헨티나,의복  의복 액세서리 및 모피제품 제조업,4
2024-12,아르헨티나,인쇄 및 기록매체 복제업,4
2024-12,아르헨티나,자동차 및 부품 판매업,4
2024-12,아르헨티나,자동차 및 트레일러 제조업,4
2024-12,아르헨티나,전기장비 제조업,4
2024-12,아르헨티나,전자부품  컴퓨터  영상  음향 및 통신장비 제조업,4
2024-12,아르헨티나,펄프  종이 및 종이제품 제조업,4
2024-12,아르헨티나,화학물질 및 화학제품 제조업; 의약품 제외,4
2024-12,아이슬란드,개인 및 소비용품 수리업,2
2024-12,아이슬란드,고무 및 플라스틱제품 제조업,2
2024-12,아이슬란드,기타 전문  과학 및 기술 서비스업,2
2024-12,아이슬란드,소매업; 자동차 제외,2
2024-12,아이슬란드,자동차 및 부품 판매업,2
2024-12,아이슬란드,전문직별 공사업,2
2024-12,아이티,자동차 및 부품 판매업,5
2024-12,아일랜드,고무 및 플라스틱제품 제조업,1
2024-12,아일랜드,금속가공제품 제조업; 기계 및 가구 제외,1
2024-12,아일랜드,금융업,1
2024-12,아일랜드,기타 개인 서비스업,1
2024-12,아일랜드,기타 제품 제조업,1
2024-12,아일랜드,농업,1
2024-12,아일랜드,도매 및 상품 중개업,1
2024-12,아일랜드,비금속 광물제품 제조업,1
2024-12,아일랜드,소매업; 자동차 제외,1
2024-12,아일랜드,식료품 제조업,1
2024-12,아일랜드,의료  정밀  광학기기 및 시계 제조업,1
2024-12,아일랜드,의료용 물질 및 의약품 제조업,1
2024-12,아일랜드,인쇄 및 기록매체 복제업,1
2024-12,아일랜드,자동차 및 부품 판매업,1
2024-12,아일랜드,전기장비 제조업,1
2024-12,아일랜드,전문직별 공사업,1
2024-12,아일랜드,전자부품  컴퓨터  영상  음향 및 통신장비 제조업,1
2024-12,아일랜드,컴퓨터 프로그래밍  시스템 통합 및 관리업,1
2024-12,아일랜드,코크스  연탄 및 석유정제품 제조업,1
2024-12,아일랜드,펄프  종이 및 종이제품 제조업,1
2024-12,아일랜드,화학물질 및 화학제품 제조업; 의약품 제외,1
2024-12,아제르바이잔,1차 금속 제조업,4
2024-12,아제르바이잔,가구 제조업,4
2024-12,아제르바이잔,개인 및 소비용품 수리업,4
2024-12,아제르바이잔,도매 및 상품 중개업,5
2024-12,아제르바이잔,부동산업,4
2024-12,아제르바이잔,비금속 광물제품 제조업,4
2024-12,아제르바이잔,소매업; 자동차 제외,4
2024-12,아제르바이잔,자동차 및 부품 판매업,4
2024-12,아제르바이잔,컴퓨터 프로그래밍  시스템 통합 및 관리업,4
2024-12,안도라,개인 및 소비용품 수리업,3
2024-12,안도라,도매 및 상품 중개업,4
2024-12,알제리,가죽  가방 및 신발 제조업,4
2024-12,알제리,고무 및 플라스틱제품 제조업,5
2024-12,알제리,도매 및 상품 중개업,4
2024-12,알제리,비금속 광물제품 제조업,5
2024-12,알제리,의료용 물질 및 의약품 제조업,4
2024-12,알제리,의복  의복 액세서리 및 모피제품 제조업,5
2024-12,알제리,자동차 및 부품 판매업,4
2024-12,알제리,전기장비 제조업,5
2024-12,알제리,전문직별 공사업,5
2024-12,알제리,전자부품  컴퓨터  영상  음향 및 통신장비 제조업,4
2024-12,알제리,펄프  종이 및 종이제품 제조업,4
2024-12,알제리,화학물질 및 화학제품 제조업; 의약품 제외,5
2024-12,에스토니아,개인 및 소비용품 수리업,2
2024-12,에스토니아,금속가공제품 제조업; 기계 및 가구 제외,2
2024-12,에스토니아,기타 기계 및 장비 제조업,2
2024-12,에스토니아,도매 및 상품 중개업,2
2024-12,에스토니아,산업용 기계 및 장비 수리업,2
2024-12,에스토니아,섬유제품 제조업; 의복제외,2
2024-12,에스토니아,소매업; 자동차 제외,3
2024-12,에스토니아,임대업; 부동산 제외,2
2024-12,에스토니아,자동차 및 부품 판매업,2
2024-12,에스토니아,전기장비 제조업,2
2024-12,에스토니아,전자부품  컴퓨터  영상  음향 및 통신장비 제조업,2
2024-12,에스토니아,화학물질 및 화학제품 제조업; 의약품 제외,2
2024-12,에콰도르,가구 제조업,5
2024-12,에콰도르,고무 및 플라스틱제품 제조업,4
2024-12,에콰도르,금속가공제품 제조업; 기계 및 가구 제외,4
2024-12,에콰도르,도매 및 상품 중개업,4
2024-12,에콰도르,섬유제품 제조업; 의복제외,4
2024-12,에콰도르,소매업; 자동차 제외,4
2024-12,에콰도르,식료품 제조업,4
2024-12,에콰도르,어업,4
2024-12,에콰도르,의료용 물질 및 의약품 제조업,4
2024-12,에콰도르,자동차 및 부품 판매업,4
2024-12,에콰도르,자동차 및 트레일러 제조업,4
2024-12,에콰도르,전기장비 제조업,5
2024-12,에콰도르,펄프  종이 및 종이제품 제조업,4
2024-12,에콰도르,화학물질 및 화학제품 제조업; 의약품 제외,4
2024-12,에티오피아,도매 및 상품 중개업,5
2024-12,엘살바도르,1차 금속 제조업,4
2024-12,엘살바도르,고무 및 플라스틱제품 제조업,4
2024-12,엘살바도르,도매 및 상품 중개업,4
2024-12,엘살바도르,섬유제품 제조업; 의복제외,4
2024-12,엘살바도르,소매업; 자동차 제외,4
2024-12,엘살바도르,식료품 제조업,4
2024-12,엘살바도르,우편 및 통신업,4
2024-12,엘살바도르,자동차 및 부품 판매업,5
2024-12,엘살바도르,화학물질 및 화학제품 제조업; 의약품 제외,4
2024-12,영국,1차 금속 제조업,2
2024-12,영국,가구 제조업,2
2024-12,영국,개인 및 소비용품 수리업,3
2024-12,영국,고무 및 플라스틱제품 제조업,2
2024-12,영국,금속가공제품 제조업; 기계 및 가구 제외,2
2024-12,영국,금융업,2
2024-12,영국,기타 개인 서비스업,2
2024-12,영국,기타 기계 및 장비 제조업,2
2024-12,영국,기타 운송장비 제조업,2
2024-12,영국,기타 전문  과학 및 기술 서비스업,2
2024-12,영국,기타 제품 제조업,2
2024-12,영국,도매 및 상품 중개업,2
2024-12,영국,비금속 광물제품 제조업,2
2024-12,영국,사업지원 서비스업,2
2024-12,영국,산업용 기계 및 장비 수리업,2
2024-12,영국,섬유제품 제조업; 의복제외,2
2024-12,영국,소매업; 자동차 제외,2
2024-12,영국,수상 운송업,2
2024-12,영국,스포츠 및 오락관련 서비스업,2
2024-12,영국,식료품 제조업,2
2024-12,영국,우편 및 통신업,2
2024-12,영국,음료 제조업,2
2024-12,영국,의료  정밀  광학기기 및 시계 제조업,2
2024-12,영국,의료용 물질 및 의약품 제조업,2
2024-12,영국,의복  의복 액세서리 및 모피제품 제조업,2
2024-12,영국,인쇄 및 기록매체 복제업,2
2024-12,영국,자동차 및 부품 판매업,2
2024-12,영국,자동차 및 트레일러 제조업,2
2024-12,영국,전기  가스  증기 및 공기조절 공급업,3
2024-12,영국,전기장비 제조업,2
2024-12,영국,전문 서비스업,3
2024-12,영국,전문직별 공사업,2
2024-12,영국,전자부품  컴퓨터  영상  음향 및 통신장비 제조업,2
2024-12,영국,종합 건설업,2
2024-12,영국,창고 및 운송관련 서비스업,2
2024-12,영국,출판업,2
2024-12,영국,컴퓨터 프로그래밍  시스템 통합 및 관리업,2
2024-12,영국,코크스  연탄 및 석유정제품 제조업,2
2024-12,영국,펄프  종이 및 종이제품 제조업,2
2024-12,영국,화학물질 및 화학제품 제조업; 의약품 제외,2
2024-12,영국령 버진군도,금융 및 보험 관련 서비스업,4
2024-12,영국령 버진군도,금융업,4
2024-12,오만,1차 금속 제조업,3
2024-12,오만,가구 제조업,5
2024-12,오만,건축기술  엔지니어링 및 기타 과학기술 서비스업,3
2024-12,오만,고무 및 플라스틱제품 제조업,3
2024-12,오만,도매 및 상품 중개업,3
2024-12,오만,식료품 제조업,3
2024-12,오만,자동차 및 부품 판매업,3
2024-12,오만,종합 건설업,3
2024-12,오만,컴퓨터 프로그래밍  시스템 통합 및 관리업,4
2024-12,오만,화학물질 및 화학제품 제조업; 의약품 제외,3
2024-12,오스트리아,가구 제조업,1
2024-12,오스트리아,고무 및 플라스틱제품 제조업,1
2024-12,오스트리아,기타 기계 및 장비 제조업,1
2024-12,오스트리아,도매 및 상품 중개업,1
2024-12,오스트리아,비금속 광물제품 제조업,1
2024-12,오스트리아,산업용 기계 및 장비 수리업,1
2024-12,오스트리아,섬유제품 제조업; 의복제외,1
2024-12,오스트리아,식료품 제조업,1
2024-12,오스트리아,음료 제조업,1
2024-12,오스트리아,의료  정밀  광학기기 및 시계 제조업,1
2024-12,오스트리아,자동차 및 부품 판매업,1
2024-12,오스트리아,자동차 및 트레일러 제조업,1
2024-12,오스트리아,전기장비 제조업,2
2024-12,오스트리아,전문직별 공사업,1
2024-12,오스트리아,펄프  종이 및 종이제품 제조업,1
2024-12,온두라스,1차 금속 제조업,4
2024-12,온두라스,건축기술  엔지니어링 및 기타 과학기술 서비스업,4
2024-12,온두라스,고무 및 플라스틱제품 제조업,4
2024-12,온두라스,금속가공제품 제조업; 기계 및 가구 제외,5
2024-12,온두라스,농업,4
2024-12,온두라스,도매 및 상품 중개업,4
2024-12,온두라스,섬유제품 제조업; 의복제외,5
2024-12,온두라스,소매업; 자동차 제외,4
2024-12,온두라스,식료품 제조업,4
2024-12,온두라스,자동차 및 부품 판매업,5
2024-12,온두라스,화학물질 및 화학제품 제조업; 의약품 제외,4
2024-12,요르단,가구 제조업,3
2024-12,요르단,고무 및 플라스틱제품 제조업,3
2024-12,요르단,금속가공제품 제조업; 기계 및 가구 제외,3
2024-12,요르단,금융업,3
2024-12,요르단,기타 기계 및 장비 제조업,3
2024-12,요르단,농업,3
2024-12,요르단,도매 및 상품 중개업,4
2024-12,요르단,비금속 광물제품 제조업,3
2024-12,요르단,식료품 제조업,3
2024-12,요르단,의료용 물질 및 의약품 제조업,3
2024-12,요르단,자동차 및 부품 판매업,3
2024-12,요르단,전기장비 제조업,3
2024-12,요르단,펄프  종이 및 종이제품 제조업,5
2024-12,요르단,협회 및 단체,3
2024-12,요르단,화학물질 및 화학제품 제조업; 의약품 제외,3
2024-12,우간다,1차 금속 제조업,5
2024-12,우간다,가구 제조업,5
2024-12,우간다,금속가공제품 제조업; 기계 및 가구 제외,5
2024-12,우간다,도매 및 상품 중개업,5
2024-12,우루과이,도매 및 상품 중개업,4
2024-12,우루과이,의료용 물질 및 의약품 제조업,4
2024-12,우루과이,자동차 및 부품 판매업,4
2024-12,우루과이,자동차 및 트레일러 제조업,4
2024-12,우루과이,전문직별 공사업,5
2024-12,우루과이,컴퓨터 프로그래밍  시스템 통합 및 관리업,4
2024-12,우루과이,펄프  종이 및 종이제품 제조업,4
2024-12,우루과이,화학물질 및 화학제품 제조업; 의약품 제외,4
2024-12,우즈베키스탄,1차 금속 제조업,4
2024-12,우즈베키스탄,고무 및 플라스틱제품 제조업,5
2024-12,우즈베키스탄,도매 및 상품 중개업,4
2024-12,우즈베키스탄,소매업; 자동차 제외,4
2024-12,우즈베키스탄,음식점 및 주점업,4
2024-12,우즈베키스탄,의료용 물질 및 의약품 제조업,4
2024-12,우즈베키스탄,자동차 및 부품 판매업,5
2024-12,우즈베키스탄,자동차 및 트레일러 제조업,5
2024-12,우즈베키스탄,전기장비 제조업,4
2024-12,우즈베키스탄,펄프  종이 및 종이제품 제조업,4
2024-12,우크라이나,고무 및 플라스틱제품 제조업,4
2024-12,우크라이나,도매 및 상품 중개업,5
2024-12,우크라이나,산업용 기계 및 장비 수리업,5
2024-12,우크라이나,소매업; 자동차 제외,5
2024-12,우크라이나,자동차 및 부품 판매업,4
2024-12,우크라이나,전기장비 제조업,4
2024-12,우크라이나,화학물질 및 화학제품 제조업; 의약품 제외,5
2024-12,이라크,도매 및 상품 중개업,5
2024-12,이라크,자동차 및 부품 판매업,5
2024-12,이스라엘,1차 금속 제조업,3
2024-12,이스라엘,고무 및 플라스틱제품 제조업,3
2024-12,이스라엘,금속가공제품 제조업; 기계 및 가구 제외,3
2024-12,이스라엘,금융업,3
2024-12,이스라엘,기타 기계 및 장비 제조업,3
2024-12,이스라엘,도매 및 상품 중개업,3
2024-12,이스라엘,비금속 광물제품 제조업,3
2024-12,이스라엘,산업용 기계 및 장비 수리업,3
2024-12,이스라엘,섬유제품 제조업; 의복제외,3
2024-12,이스라엘,소매업; 자동차 제외,3
2024-12,이스라엘,식료품 제조업,4
2024-12,이스라엘,우편 및 통신업,3
2024-12,이스라엘,의료  정밀  광학기기 및 시계 제조업,3
2024-12,이스라엘,의료용 물질 및 의약품 제조업,3
2024-12,이스라엘,의복  의복 액세서리 및 모피제품 제조업,3
2024-12,이스라엘,자동차 및 부품 판매업,3
2024-12,이스라엘,전기장비 제조업,3
2024-12,이스라엘,전문직별 공사업,3
2024-12,이스라엘,전자부품  컴퓨터  영상  음향 및 통신장비 제조업,3
2024-12,이스라엘,컴퓨터 프로그래밍  시스템 통합 및 관리업,3
2024-12,이스라엘,펄프  종이 및 종이제품 제조업,3
2024-12,이스라엘,화학물질 및 화학제품 제조업; 의약품 제외,3
2024-12,이집트,1차 금속 제조업,5
2024-12,이집트,가구 제조업,5
2024-12,이집트,고무 및 플라스틱제품 제조업,4
2024-12,이집트,금속가공제품 제조업; 기계 및 가구 제외,5
2024-12,이집트,기타 기계 및 장비 제조업,4
2024-12,이집트,도매 및 상품 중개업,5
2024-12,이집트,부동산업,4
2024-12,이집트,비금속 광물제품 제조업,4
2024-12,이집트,사업지원 서비스업,4
2024-12,이집트,섬유제품 제조업; 의복제외,4
2024-12,이집트,소매업; 자동차 제외,4
2024-12,이집트,식료품 제조업,4
2024-12,이집트,우편 및 통신업,4
2024-12,이집트,의료  정밀  광학기기 및 시계 제조업,4
2024-12,이집트,의료용 물질 및 의약품 제조업,4
2024-12,이집트,의복  의복 액세서리 및 모피제품 제조업,5
2024-12,이집트,자동차 및 부품 판매업,5
2024-12,이집트,자동차 및 트레일러 제조업,4
2024-12,이집트,전기장비 제조업,5
2024-12,이집트,전문직별 공사업,5
2024-12,이집트,전자부품  컴퓨터  영상  음향 및 통신장비 제조업,4
2024-12,이집트,출판업,4
2024-12,이집트,코크스  연탄 및 석유정제품 제조업,4
2024-12,이집트,펄프  종이 및 종이제품 제조업,5
2024-12,이집트,화학물질 및 화학제품 제조업; 의약품 제외,5
2024-12,이탈리아,1차 금속 제조업,2
2024-12,이탈리아,가구 제조업,2
2024-12,이탈리아,가죽  가방 및 신발 제조업,2
2024-12,이탈리아,개인 및 소비용품 수리업,2
2024-12,이탈리아,고무 및 플라스틱제품 제조업,2
2024-12,이탈리아,금속가공제품 제조업; 기계 및 가구 제외,2
2024-12,이탈리아,금융업,2
2024-12,이탈리아,기타 기계 및 장비 제조업,2
2024-12,이탈리아,기타 운송장비 제조업,3
2024-12,이탈리아,기타 제품 제조업,3
2024-12,이탈리아,농업,2
2024-12,이탈리아,도매 및 상품 중개업,2
2024-12,이탈리아,비금속 광물제품 제조업,2
2024-12,이탈리아,산업용 기계 및 장비 수리업,2
2024-12,이탈리아,섬유제품 제조업; 의복제외,2
2024-12,이탈리아,소매업; 자동차 제외,3
2024-12,이탈리아,수상 운송업,2
2024-12,이탈리아,식료품 제조업,2
2024-12,이탈리아,우편 및 통신업,2
2024-12,이탈리아,음료 제조업,2
2024-12,이탈리아,의료  정밀  광학기기 및 시계 제조업,2
2024-12,이탈리아,의료용 물질 및 의약품 제조업,2
2024-12,이탈리아,의복  의복 액세서리 및 모피제품 제조업,3
2024-12,이탈리아,인쇄 및 기록매체 복제업,2
2024-12,이탈리아,임대업; 부동산 제외,2
2024-12,이탈리아,자동차 및 부품 판매업,3
2024-12,이탈리아,자동차 및 트레일러 제조업,2
2024-12,이탈리아,전기  가스  증기 및 공기조절 공급업,2
2024-12,이탈리아,전기장비 제조업,2
2024-12,이탈리아,전문 서비스업,2
2024-12,이탈리아,전문직별 공사업,2
2024-12,이탈리아,전자부품  컴퓨터  영상  음향 및 통신장비 제조업,2
2024-12,이탈리아,종합 건설업,2
2024-12,이탈리아,창고 및 운송관련 서비스업,2
2024-12,이탈리아,출판업,2
2024-12,이탈리아,컴퓨터 프로그래밍  시스템 통합 및 관리업,2
2024-12,이탈리아,코크스  연탄 및 석유정제품 제조업,2
2024-12,이탈리아,펄프  종이 및 종이제품 제조업,2
2024-12,이탈리아,화학물질 및 화학제품 제조업; 의약품 제외,2
2024-12,인도,1차 금속 제조업,4
2024-12,인도,가구 제조업,4
2024-12,인도,가죽  가방 및 신발 제조업,4
2024-12,인도,개인 및 소비용품 수리업,4
2024-12,인도,건축기술  엔지니어링 및 기타 과학기술 서비스업,4
2024-12,인도,고무 및 플라스틱제품 제조업,4
2024-12,인도,교육 서비스업,4
2024-12,인도,금속 광업,4
2024-12,인도,금속가공제품 제조업; 기계 및 가구 제외,4
2024-12,인도,금융 및 보험 관련 서비스업,4
2024-12,인도,기타 기계 및 장비 제조업,4
2024-12,인도,기타 운송장비 제조업,4
2024-12,인도,기타 제품 제조업,4
2024-12,인도,농업,4
2024-12,인도,담배 제조업,4
2024-12,인도,도매 및 상품 중개업,4
2024-12,인도,방송업,4
2024-12,인도,보건업,4
2024-12,인도,부동산업,4
2024-12,인도,비금속 광물제품 제조업,4
2024-12,인도,섬유제품 제조업; 의복제외,4
2024-12,인도,소매업; 자동차 제외,4
2024-12,인도,수상 운송업,4
2024-12,인도,숙박업,4
2024-12,인도,식료품 제조업,4
2024-12,인도,우편 및 통신업,4
2024-12,인도,음료 제조업,4
2024-12,인도,의료  정밀  광학기기 및 시계 제조업,4
2024-12,인도,의료용 물질 및 의약품 제조업,4
2024-12,인도,의복  의복 액세서리 및 모피제품 제조업,4
2024-12,인도,인쇄 및 기록매체 복제업,4
2024-12,인도,자동차 및 부품 판매업,4
2024-12,인도,자동차 및 트레일러 제조업,4
2024-12,인도,전기장비 제조업,4
2024-12,인도,전문직별 공사업,4
2024-12,인도,전자부품  컴퓨터  영상  음향 및 통신장비 제조업,4
2024-12,인도,종합 건설업,4
2024-12,인도,창고 및 운송관련 서비스업,4
2024-12,인도,출판업,4
2024-12,인도,컴퓨터 프로그래밍  시스템 통합 및 관리업,4
2024-12,인도,코크스  연탄 및 석유정제품 제조업,4
2024-12,인도,펄프  종이 및 종이제품 제조업,4
2024-12,인도,화학물질 및 화학제품 제조업; 의약품 제외,4
2024-12,인도네시아,1차 금속 제조업,4
2024-12,인도네시아,가죽  가방 및 신발 제조업,3
2024-12,인도네시아,건축기술  엔지니어링 및 기타 과학기술 서비스업,3
2024-12,인도네시아,고무 및 플라스틱제품 제조업,4
2024-12,인도네시아,금속 광업,4
2024-12,인도네시아,금속가공제품 제조업; 기계 및 가구 제외,3
2024-12,인도네시아,기타 기계 및 장비 제조업,3
2024-12,인도네시아,담배 제조업,3
2024-12,인도네시아,도매 및 상품 중개업,4
2024-12,인도네시아,비금속 광물제품 제조업,3
2024-12,인도네시아,사업시설 관리 및 조경 서비스업,3
2024-12,인도네시아,석탄  원유 및 천연가스 광업,3
2024-12,인도네시아,섬유제품 제조업; 의복제외,3
2024-12,인도네시아,소매업; 자동차 제외,3
2024-12,인도네시아,식료품 제조업,3
2024-12,인도네시아,음료 제조업,3
2024-12,인도네시아,의료용 물질 및 의약품 제조업,3
2024-12,인도네시아,의복  의복 액세서리 및 모피제품 제조업,4
2024-12,인도네시아,인쇄 및 기록매체 복제업,4
2024-12,인도네시아,임대업; 부동산 제외,3
2024-12,인도네시아,자동차 및 부품 판매업,3
2024-12,인도네시아,자동차 및 트레일러 제조업,3
2024-12,인도네시아,전기장비 제조업,3
2024-12,인도네시아,전문직별 공사업,3
2024-12,인도네시아,전자부품  컴퓨터  영상  음향 및 통신장비 제조업,3
2024-12,인도네시아,종합 건설업,4
2024-12,인도네시아,창고 및 운송관련 서비스업,3
2024-12,인도네시아,펄프  종이 및 종이제품 제조업,3
2024-12,인도네시아,화학물질 및 화학제품 제조업; 의약품 제외,3
2024-12,일본,1차 금속 제조업,2
2024-12,일본,가죽  가방 및 신발 제조업,2
2024-12,일본,개인 및 소비용품 수리업,2
2024-12,일본,건축기술  엔지니어링 및 기타 과학기술 서비스업,2
2024-12,일본,고무 및 플라스틱제품 제조업,2
2024-12,일본,금속가공제품 제조업; 기계 및 가구 제외,2
2024-12,일본,금융업,2
2024-12,일본,기타 개인 서비스업,2
2024-12,일본,기타 기계 및 장비 제조업,2
2024-12,일본,기타 운송장비 제조업,2
2024-12,일본,기타 제품 제조업,2
2024-12,일본,농업,2
2024-12,일본,도매 및 상품 중개업,2
2024-12,일본,부동산업,2
2024-12,일본,비금속 광물제품 제조업,2
2024-12,일본,사업지원 서비스업,2
2024-12,일본,섬유제품 제조업; 의복제외,2
2024-12,일본,소매업; 자동차 제외,2
2024-12,일본,수상 운송업,2
2024-12,일본,식료품 제조업,2
2024-12,일본,우편 및 통신업,3
2024-12,일본,육상운송 및 파이프라인 운송업,2
2024-12,일본,음료 제조업,2
2024-12,일본,의료  정밀  광학기기 및 시계 제조업,2
2024-12,일본,의료용 물질 및 의약품 제조업,2
2024-12,일본,의복  의복 액세서리 및 모피제품 제조업,2
2024-12,일본,인쇄 및 기록매체 복제업,2
2024-12,일본,자동차 및 부품 판매업,2
2024-12,일본,자동차 및 트레일러 제조업,2
2024-12,일본,전기  가스  증기 및 공기조절 공급업,2
2024-12,일본,전기장비 제조업,2
2024-12,일본,전문 서비스업,2
2024-12,일본,전문직별 공사업,2
2024-12,일본,전자부품  컴퓨터  영상  음향 및 통신장비 제조업,2
2024-12,일본,종합 건설업,2
2024-12,일본,창고 및 운송관련 서비스업,2
2024-12,일본,출판업,2
2024-12,일본,코크스  연탄 및 석유정제품 제조업,2
2024-12,일본,펄프  종이 및 종이제품 제조업,2
2024-12,일본,협회 및 단체,2
2024-12,일본,화학물질 및 화학제품 제조업; 의약품 제외,2
2024-12,자메이카,도매 및 상품 중개업,5
2024-12,자메이카,소매업; 자동차 제외,4
2024-12,자메이카,자동차 및 부품 판매업,4
2024-12,조지아,고무 및 플라스틱제품 제조업,4
2024-12,조지아,도매 및 상품 중개업,4
2024-12,조지아,소매업; 자동차 제외,4
2024-12,조지아,자동차 및 부품 판매업,4
2024-12,조지아,전문직별 공사업,4
2024-12,조지아,출판업,4
2024-12,중국,1차 금속 제조업,4
2024-12,중국,가구 제조업,4
2024-12,중국,가죽  가방 및 신발 제조업,4
2024-12,중국,개인 및 소비용품 수리업,4
2024-12,중국,건축기술  엔지니어링 및 기타 과학기술 서비스업,4
2024-12,중국,고무 및 플라스틱제품 제조업,4
2024-12,중국,공공행정  국방 및 사회보장 행정,4
2024-12,중국,교육 서비스업,4
2024-12,중국,금속가공제품 제조업; 기계 및 가구 제외,4
2024-12,중국,금융업,4
2024-12,중국,기타 기계 및 장비 제조업,4
2024-12,중국,기타 운송장비 제조업,4
2024-12,중국,기타 전문  과학 및 기술 서비스업,4
2024-12,중국,기타 제품 제조업,4
2024-12,중국,담배 제조업,4
2024-12,중국,도매 및 상품 중개업,4
2024-12,중국,보건업,4
2024-12,중국,부동산업,4
2024-12,중국,비금속 광물제품 제조업,4
2024-12,중국,사업시설 관리 및 조경 서비스업,4
2024-12,중국,산업용 기계 및 장비 수리업,4
2024-12,중국,석탄  원유 및 천연가스 광업,4
2024-12,중국,섬유제품 제조업; 의복제외,4
2024-12,중국,소매업; 자동차 제외,4
2024-12,중국,수상 운송업,4
2024-12,중국,숙박업,4
2024-12,중국,스포츠 및 오락관련 서비스업,4
2024-12,중국,식료품 제조업,4
2024-12,중국,연구개발업,4
2024-12,중국,영상ㆍ오디오 기록물 제작 및 배급업,4
2024-12,중국,우편 및 통신업,4
2024-12,중국,육상운송 및 파이프라인 운송업,4
2024-12,중국,음료 제조업,4
2024-12,중국,음식점 및 주점업,4
2024-12,중국,의료  정밀  광학기기 및 시계 제조업,4
2024-12,중국,의료용 물질 및 의약품 제조업,4
2024-12,중국,의복  의복 액세서리 및 모피제품 제조업,4
2024-12,중국,인쇄 및 기록매체 복제업,4
2024-12,중국,자동차 및 부품 판매업,4
2024-12,중국,자동차 및 트레일러 제조업,4
2024-12,중국,전기  가스  증기 및 공기조절 공급업,4
2024-12,중국,전기장비 제조업,4
2024-12,중국,전문 서비스업,4
2024-12,중국,전문직별 공사업,4
2024-12,중국,전자부품  컴퓨터  영상  음향 및 통신장비 제조업,4
2024-12,중국,정보서비스업,4
2024-12,중국,종합 건설업,4
2024-12,중국,창고 및 운송관련 서비스업,4
2024-12,중국,출판업,4
2024-12,중국,컴퓨터 프로그래밍  시스템 통합 및 관리업,4
2024-12,중국,코크스  연탄 및 석유정제품 제조업,4
2024-12,중국,펄프  종이 및 종이제품 제조업,4
2024-12,중국,항공 운송업,4
2024-12,중국,화학물질 및 화학제품 제조업; 의약품 제외,4
2024-12,지부티,도매 및 상품 중개업,5
2024-12,지부티,자동차 및 부품 판매업,5
2024-12,체코,1차 금속 제조업,2
2024-12,체코,고무 및 플라스틱제품 제조업,2
2024-12,체코,금속가공제품 제조업; 기계 및 가구 제외,2
2024-12,체코,기타 기계 및 장비 제조업,2
2024-12,체코,도매 및 상품 중개업,2
2024-12,체코,비금속 광물제품 제조업,2
2024-12,체코,비금속광물 광업; 연료용 제외,2
2024-12,체코,섬유제품 제조업; 의복제외,2
2024-12,체코,소매업; 자동차 제외,2
2024-12,체코,식료품 제조업,2
2024-12,체코,의료용 물질 및 의약품 제조업,2
2024-12,체코,의복  의복 액세서리 및 모피제품 제조업,2
2024-12,체코,인쇄 및 기록매체 복제업,2
2024-12,체코,자동차 및 부품 판매업,2
2024-12,체코,자동차 및 트레일러 제조업,2
2024-12,체코,전기장비 제조업,2
2024-12,체코,전문 서비스업,2
2024-12,체코,전자부품  컴퓨터  영상  음향 및 통신장비 제조업,2
2024-12,체코,화학물질 및 화학제품 제조업; 의약품 제외,3
2024-12,칠레,1차 금속 제조업,5
2024-12,칠레,가구 제조업,3
2024-12,칠레,개인 및 소비용품 수리업,3
2024-12,칠레,고무 및 플라스틱제품 제조업,4
2024-12,칠레,금속 광업,5
2024-12,칠레,금속가공제품 제조업; 기계 및 가구 제외,3
2024-12,칠레,기타 기계 및 장비 제조업,3
2024-12,칠레,농업,3
2024-12,칠레,도매 및 상품 중개업,3
2024-12,칠레,비금속 광물제품 제조업,3
2024-12,칠레,사업지원 서비스업,3
2024-12,칠레,섬유제품 제조업; 의복제외,3
2024-12,칠레,소매업; 자동차 제외,3
2024-12,칠레,식료품 제조업,3
2024-12,칠레,어업,3
2024-12,칠레,의료  정밀  광학기기 및 시계 제조업,3
2024-12,칠레,자동차 및 부품 판매업,4
2024-12,칠레,전기장비 제조업,4
2024-12,칠레,전문직별 공사업,5
2024-12,칠레,컴퓨터 프로그래밍  시스템 통합 및 관리업,3
2024-12,칠레,펄프  종이 및 종이제품 제조업,4
2024-12,칠레,화학물질 및 화학제품 제조업; 의약품 제외,3
2024-12,카메룬,금융업,5
2024-12,카보베르데,도매 및 상품 중개업,5
2024-12,카자흐스탄,고무 및 플라스틱제품 제조업,4
2024-12,카자흐스탄,금속 광업,5
2024-12,카자흐스탄,금속가공제품 제조업; 기계 및 가구 제외,5
2024-12,카자흐스탄,기타 기계 및 장비 제조업,4
2024-12,카자흐스탄,도매 및 상품 중개업,4
2024-12,카자흐스탄,비금속 광물제품 제조업,4
2024-12,카자흐스탄,소매업; 자동차 제외,4
2024-12,카자흐스탄,음료 제조업,4
2024-12,카자흐스탄,자동차 및 부품 판매업,4
2024-12,카자흐스탄,자동차 및 트레일러 제조업,4
2024-12,카자흐스탄,전자부품  컴퓨터  영상  음향 및 통신장비 제조업,4
2024-12,카자흐스탄,컴퓨터 프로그래밍  시스템 통합 및 관리업,4
2024-12,카타르,건축기술  엔지니어링 및 기타 과학기술 서비스업,3
2024-12,카타르,고무 및 플라스틱제품 제조업,2
2024-12,카타르,도매 및 상품 중개업,2
2024-12,카타르,석탄  원유 및 천연가스 광업,2
2024-12,카타르,소매업; 자동차 제외,2
2024-12,카타르,수상 운송업,2
2024-12,카타르,임대업; 부동산 제외,2
2024-12,카타르,자동차 및 부품 판매업,2
2024-12,카타르,전기장비 제조업,2
2024-12,카타르,전자부품  컴퓨터  영상  음향 및 통신장비 제조업,2
2024-12,카타르,종합 건설업,5
2024-12,카타르,화학물질 및 화학제품 제조업; 의약품 제외,2
2024-12,캄보디아,고무 및 플라스틱제품 제조업,5
2024-12,캄보디아,도매 및 상품 중개업,5
2024-12,캄보디아,소매업; 자동차 제외,5
2024-12,캄보디아,식료품 제조업,5
2024-12,캄보디아,의료용 물질 및 의약품 제조업,5
2024-12,캄보디아,자동차 및 트레일러 제조업,5
2024-12,캄보디아,전기장비 제조업,5
2024-12,캄보디아,전문직별 공사업,5
2024-12,캐나다,1차 금속 제조업,2
2024-12,캐나다,개인 및 소비용품 수리업,2
2024-12,캐나다,건축기술  엔지니어링 및 기타 과학기술 서비스업,1
2024-12,캐나다,고무 및 플라스틱제품 제조업,2
2024-12,캐나다,금속가공제품 제조업; 기계 및 가구 제외,2
2024-12,캐나다,금융업,2
2024-12,캐나다,기타 기계 및 장비 제조업,2
2024-12,캐나다,기타 운송장비 제조업,1
2024-12,캐나다,기타 제품 제조업,2
2024-12,캐나다,도매 및 상품 중개업,2
2024-12,캐나다,목재 및 나무제품 제조업; 가구 제외,2
2024-12,캐나다,보건업,2
2024-12,캐나다,비금속 광물제품 제조업,4
2024-12,캐나다,사업지원 서비스업,2
2024-12,캐나다,산업용 기계 및 장비 수리업,1
2024-12,캐나다,섬유제품 제조업; 의복제외,2
2024-12,캐나다,소매업; 자동차 제외,2
2024-12,캐나다,수상 운송업,1
2024-12,캐나다,식료품 제조업,2
2024-12,캐나다,연구개발업,1
2024-12,캐나다,우편 및 통신업,2
2024-12,캐나다,육상운송 및 파이프라인 운송업,5
2024-12,캐나다,의료  정밀  광학기기 및 시계 제조업,2
2024-12,캐나다,의료용 물질 및 의약품 제조업,2
2024-12,캐나다,의복  의복 액세서리 및 모피제품 제조업,2
2024-12,캐나다,인쇄 및 기록매체 복제업,2
2024-12,캐나다,자동차 및 부품 판매업,2
2024-12,캐나다,자동차 및 트레일러 제조업,2
2024-12,캐나다,전기  가스  증기 및 공기조절 공급업,2
2024-12,캐나다,전기장비 제조업,2
2024-12,캐나다,전문 서비스업,2
2024-12,캐나다,전문직별 공사업,2
2024-12,캐나다,전자부품  컴퓨터  영상  음향 및 통신장비 제조업,2
2024-12,캐나다,정보서비스업,2
2024-12,캐나다,종합 건설업,2
2024-12,캐나다,출판업,2
2024-12,캐나다,코크스  연탄 및 석유정제품 제조업,2
2024-12,캐나다,펄프  종이 및 종이제품 제조업,2
2024-12,캐나다,화학물질 및 화학제품 제조업; 의약품 제외,2
2024-12,케냐,1차 금속 제조업,4
2024-12,케냐,가구 제조업,5
2024-12,케냐,가죽  가방 및 신발 제조업,4
2024-12,케냐,고무 및 플라스틱제품 제조업,5
2024-12,케냐,기타 기계 및 장비 제조업,4
2024-12,케냐,도매 및 상품 중개업,4
2024-12,케냐,사업지원 서비스업,4
2024-12,케냐,섬유제품 제조업; 의복제외,5
2024-12,케냐,소매업; 자동차 제외,4
2024-12,케냐,식료품 제조업,4
2024-12,케냐,우편 및 통신업,4
2024-12,케냐,의복  의복 액세서리 및 모피제품 제조업,4
2024-12,케냐,전기장비 제조업,4
2024-12,케냐,출판업,4
2024-12,케냐,화학물질 및 화학제품 제조업; 의약품 제외,5
2024-12,코소보,자동차 및 부품 판매업,4
2024-12,코스타리카,고무 및 플라스틱제품 제조업,4
2024-12,코스타리카,금속가공제품 제조업; 기계 및 가구 제외,5
2024-12,코스타리카,기타 기계 및 장비 제조업,4
2024-12,코스타리카,도매 및 상품 중개업,4
2024-12,코스타리카,소매업; 자동차 제외,4
2024-12,코스타리카,자동차 및 부품 판매업,4
2024-12,코스타리카,전기장비 제조업,4
2024-12,코스타리카,컴퓨터 프로그래밍  시스템 통합 및 관리업,4
2024-12,코스타리카,화학물질 및 화학제품 제조업; 의약품 제외,4
2024-12,코트디부아르,고무 및 플라스틱제품 제조업,4
2024-12,코트디부아르,금속 광업,4
2024-12,코트디부아르,금속가공제품 제조업; 기계 및 가구 제외,4
2024-12,코트디부아르,도매 및 상품 중개업,4
2024-12,코트디부아르,식료품 제조업,4
2024-12,코트디부아르,화학물질 및 화학제품 제조업; 의약품 제외,4
2024-12,콜롬비아,1차 금속 제조업,5
2024-12,콜롬비아,가구 제조업,4
2024-12,콜롬비아,개인 및 소비용품 수리업,4
2024-12,콜롬비아,건축기술  엔지니어링 및 기타 과학기술 서비스업,4
2024-12,콜롬비아,고무 및 플라스틱제품 제조업,4
2024-12,콜롬비아,금속 광업,4
2024-12,콜롬비아,금속가공제품 제조업; 기계 및 가구 제외,4
2024-12,콜롬비아,기타 기계 및 장비 제조업,4
2024-12,콜롬비아,기타 운송장비 제조업,4
2024-12,콜롬비아,기타 제품 제조업,4
2024-12,콜롬비아,농업,4
2024-12,콜롬비아,도매 및 상품 중개업,4
2024-12,콜롬비아,비금속 광물제품 제조업,4
2024-12,콜롬비아,산업용 기계 및 장비 수리업,5
2024-12,콜롬비아,섬유제품 제조업; 의복제외,4
2024-12,콜롬비아,소매업; 자동차 제외,4
2024-12,콜롬비아,식료품 제조업,4
2024-12,콜롬비아,육상운송 및 파이프라인 운송업,4
2024-12,콜롬비아,의료용 물질 및 의약품 제조업,4
2024-12,콜롬비아,의복  의복 액세서리 및 모피제품 제조업,4
2024-12,콜롬비아,인쇄 및 기록매체 복제업,4
2024-12,콜롬비아,자동차 및 부품 판매업,4
2024-12,콜롬비아,자동차 및 트레일러 제조업,4
2024-12,콜롬비아,전기장비 제조업,4
2024-12,콜롬비아,종합 건설업,5
2024-12,콜롬비아,출판업,4
2024-12,콜롬비아,펄프  종이 및 종이제품 제조업,4
2024-12,콜롬비아,화학물질 및 화학제품 제조업; 의약품 제외,4
2024-12,콩고,도매 및 상품 중개업,5
2024-12,콩고민주공화국,도매 및 상품 중개업,5
2024-12,콩고민주공화국,소매업; 자동차 제외,5
2024-12,쿠웨이트,가구 제조업,3
2024-12,쿠웨이트,금속가공제품 제조업; 기계 및 가구 제외,3
2024-12,쿠웨이트,기타 기계 및 장비 제조업,3
2024-12,쿠웨이트,도매 및 상품 중개업,4
2024-12,쿠웨이트,사업지원 서비스업,3
2024-12,쿠웨이트,소매업; 자동차 제외,3
2024-12,쿠웨이트,수도업,3
2024-12,쿠웨이트,자동차 및 부품 판매업,3
2024-12,쿠웨이트,자동차 및 트레일러 제조업,3
2024-12,쿠웨이트,전기장비 제조업,3
2024-12,쿠웨이트,출판업,3
2024-12,쿠웨이트,펄프  종이 및 종이제품 제조업,3
2024-12,쿠웨이트,화학물질 및 화학제품 제조업; 의약품 제외,3
2024-12,크로아티아,개인 및 소비용품 수리업,3
2024-12,크로아티아,고무 및 플라스틱제품 제조업,3
2024-12,크로아티아,금속가공제품 제조업; 기계 및 가구 제외,3
2024-12,크로아티아,도매 및 상품 중개업,3
2024-12,크로아티아,섬유제품 제조업; 의복제외,3
2024-12,크로아티아,자동차 및 부품 판매업,3
2024-12,크로아티아,전기장비 제조업,3
2024-12,크로아티아,컴퓨터 프로그래밍  시스템 통합 및 관리업,3
2024-12,크로아티아,화학물질 및 화학제품 제조업; 의약품 제외,4
2024-12,키르기즈공화국,도매 및 상품 중개업,5
2024-12,키르기즈공화국,자동차 및 부품 판매업,5
2024-12,타지키스탄,가구 제조업,5
2024-12,타지키스탄,도매 및 상품 중개업,5
2024-12,탄자니아,1차 금속 제조업,5
2024-12,탄자니아,가구 제조업,5
2024-12,탄자니아,고무 및 플라스틱제품 제조업,5
2024-12,탄자니아,도매 및 상품 중개업,5
2024-12,탄자니아,섬유제품 제조업; 의복제외,5
2024-12,탄자니아,소매업; 자동차 제외,5
2024-12,탄자니아,자동차 및 부품 판매업,5
2024-12,탄자니아,전기장비 제조업,5
2024-12,탄자니아,전문직별 공사업,5
2024-12,탄자니아,화학물질 및 화학제품 제조업; 의약품 제외,5
2024-12,태국,1차 금속 제조업,3
2024-12,태국,가구 제조업,3
2024-12,태국,가죽  가방 및 신발 제조업,3
2024-12,태국,고무 및 플라스틱제품 제조업,3
2024-12,태국,금속가공제품 제조업; 기계 및 가구 제외,4
2024-12,태국,기타 기계 및 장비 제조업,3
2024-12,태국,기타 제품 제조업,3
2024-12,태국,도매 및 상품 중개업,3
2024-12,태국,비금속 광물제품 제조업,3
2024-12,태국,섬유제품 제조업; 의복제외,3
2024-12,태국,소매업; 자동차 제외,3
2024-12,태국,수상 운송업,4
2024-12,태국,식료품 제조업,3
2024-12,태국,의료  정밀  광학기기 및 시계 제조업,3
2024-12,태국,의복  의복 액세서리 및 모피제품 제조업,3
2024-12,태국,인쇄 및 기록매체 복제업,3
2024-12,태국,자동차 및 부품 판매업,3
2024-12,태국,자동차 및 트레일러 제조업,3
2024-12,태국,전기장비 제조업,3
2024-12,태국,전문 서비스업,3
2024-12,태국,전문직별 공사업,3
2024-12,태국,전자부품  컴퓨터  영상  음향 및 통신장비 제조업,4
2024-12,태국,종합 건설업,5
2024-12,태국,출판업,3
2024-12,태국,코크스  연탄 및 석유정제품 제조업,3
2024-12,태국,펄프  종이 및 종이제품 제조업,3
2024-12,태국,화학물질 및 화학제품 제조업; 의약품 제외,3
2024-12,토고,가구 제조업,5
2024-12,토고,도매 및 상품 중개업,5
2024-12,투르크메니스탄,공공행정  국방 및 사회보장 행정,5
2024-12,튀니지,가구 제조업,4
2024-12,튀니지,개인 및 소비용품 수리업,4
2024-12,튀니지,고무 및 플라스틱제품 제조업,4
2024-12,튀니지,도매 및 상품 중개업,4
2024-12,튀니지,비금속광물 광업; 연료용 제외,4
2024-12,튀니지,섬유제품 제조업; 의복제외,4
2024-12,튀니지,의료  정밀  광학기기 및 시계 제조업,4
2024-12,튀니지,의료용 물질 및 의약품 제조업,4
2024-12,튀니지,의복  의복 액세서리 및 모피제품 제조업,4
2024-12,튀니지,자동차 및 부품 판매업,5
2024-12,튀니지,자동차 및 트레일러 제조업,4
2024-12,튀니지,전기장비 제조업,4
2024-12,튀니지,전문직별 공사업,4
2024-12,튀니지,전자부품  컴퓨터  영상  음향 및 통신장비 제조업,4
2024-12,튀니지,펄프  종이 및 종이제품 제조업,5
2024-12,튀니지,화학물질 및 화학제품 제조업; 의약품 제외,4
2024-12,튀르키예(구 터키),1차 금속 제조업,5
2024-12,튀르키예(구 터키),가구 제조업,4
2024-12,튀르키예(구 터키),가죽  가방 및 신발 제조업,4
2024-12,튀르키예(구 터키),고무 및 플라스틱제품 제조업,5
2024-12,튀르키예(구 터키),금속가공제품 제조업; 기계 및 가구 제외,4
2024-12,튀르키예(구 터키),기타 기계 및 장비 제조업,4
2024-12,튀르키예(구 터키),기타 운송장비 제조업,5
2024-12,튀르키예(구 터키),기타 제품 제조업,4
2024-12,튀르키예(구 터키),도매 및 상품 중개업,4
2024-12,튀르키예(구 터키),목재 및 나무제품 제조업; 가구 제외,4
2024-12,튀르키예(구 터키),방송업,5
2024-12,튀르키예(구 터키),비금속 광물제품 제조업,4
2024-12,튀르키예(구 터키),사업지원 서비스업,4
2024-12,튀르키예(구 터키),산업용 기계 및 장비 수리업,4
2024-12,튀르키예(구 터키),섬유제품 제조업; 의복제외,4
2024-12,튀르키예(구 터키),소매업; 자동차 제외,4
2024-12,튀르키예(구 터키),식료품 제조업,4
2024-12,튀르키예(구 터키),육상운송 및 파이프라인 운송업,4
2024-12,튀르키예(구 터키),의료  정밀  광학기기 및 시계 제조업,4
2024-12,튀르키예(구 터키),의료용 물질 및 의약품 제조업,4
2024-12,튀르키예(구 터키),의복  의복 액세서리 및 모피제품 제조업,4
2024-12,튀르키예(구 터키),인쇄 및 기록매체 복제업,5
2024-12,튀르키예(구 터키),자동차 및 부품 판매업,4
2024-12,튀르키예(구 터키),자동차 및 트레일러 제조업,4
2024-12,튀르키예(구 터키),전기장비 제조업,4
2024-12,튀르키예(구 터키),전문직별 공사업,4
2024-12,튀르키예(구 터키),전자부품  컴퓨터  영상  음향 및 통신장비 제조업,5
2024-12,튀르키예(구 터키),출판업,4
2024-12,튀르키예(구 터키),컴퓨터 프로그래밍  시스템 통합 및 관리업,4
2024-12,튀르키예(구 터키),코크스  연탄 및 석유정제품 제조업,4
2024-12,튀르키예(구 터키),펄프  종이 및 종이제품 제조업,4
2024-12,튀르키예(구 터키),화학물질 및 화학제품 제조업; 의약품 제외,4
2024-12,트리니다드토바고,금속가공제품 제조업; 기계 및 가구 제외,3
2024-12,트리니다드토바고,도매 및 상품 중개업,3
2024-12,트리니다드토바고,소매업; 자동차 제외,3
2024-12,트리니다드토바고,자동차 및 부품 판매업,3
2024-12,파나마,금속가공제품 제조업; 기계 및 가구 제외,4
2024-12,파나마,금융업,4
2024-12,파나마,도매 및 상품 중개업,4
2024-12,파나마,소매업; 자동차 제외,4
2024-12,파나마,자동차 및 부품 판매업,4
2024-12,파나마,화학물질 및 화학제품 제조업; 의약품 제외,4
2024-12,파라과이,도매 및 상품 중개업,4
2024-12,파라과이,섬유제품 제조업; 의복제외,4
2024-12,파라과이,소매업; 자동차 제외,4
2024-12,파라과이,자동차 및 부품 판매업,5
2024-12,파라과이,전기장비 제조업,4
2024-12,파라과이,화학물질 및 화학제품 제조업; 의약품 제외,4
2024-12,파키스탄,1차 금속 제조업,5
2024-12,파키스탄,가죽  가방 및 신발 제조업,5
2024-12,파키스탄,고무 및 플라스틱제품 제조업,5
2024-12,파키스탄,기타 기계 및 장비 제조업,5
2024-12,파키스탄,기타 제품 제조업,5
2024-12,파키스탄,담배 제조업,5
2024-12,파키스탄,도매 및 상품 중개업,5
2024-12,파키스탄,사업지원 서비스업,5
2024-12,파키스탄,섬유제품 제조업; 의복제외,5
2024-12,파키스탄,식료품 제조업,5
2024-12,파키스탄,의료  정밀  광학기기 및 시계 제조업,5
2024-12,파키스탄,의료용 물질 및 의약품 제조업,5
2024-12,파키스탄,의복  의복 액세서리 및 모피제품 제조업,5
2024-12,파키스탄,자동차 및 트레일러 제조업,5
2024-12,파키스탄,전기장비 제조업,5
2024-12,파키스탄,창고 및 운송관련 서비스업,5
2024-12,파키스탄,펄프  종이 및 종이제품 제조업,5
2024-12,파키스탄,화학물질 및 화학제품 제조업; 의약품 제외,5
2024-12,파푸아뉴기니,금속 광업,4
2024-12,파푸아뉴기니,식료품 제조업,4
2024-12,페루,1차 금속 제조업,3
2024-12,페루,가구 제조업,4
2024-12,페루,고무 및 플라스틱제품 제조업,3
2024-12,페루,광업 지원 서비스업,3
2024-12,페루,금속 광업,3
2024-12,페루,금속가공제품 제조업; 기계 및 가구 제외,4
2024-12,페루,농업,3
2024-12,페루,도매 및 상품 중개업,4
2024-12,페루,보건업,4
2024-12,페루,사업지원 서비스업,4
2024-12,페루,섬유제품 제조업; 의복제외,4
2024-12,페루,소매업; 자동차 제외,3
2024-12,페루,식료품 제조업,3
2024-12,페루,우편 및 통신업,4
2024-12,페루,의료용 물질 및 의약품 제조업,3
2024-12,페루,임대업; 부동산 제외,4
2024-12,페루,자동차 및 부품 판매업,4
2024-12,페루,자동차 및 트레일러 제조업,3
2024-12,페루,전기장비 제조업,3
2024-12,페루,전문직별 공사업,3
2024-12,페루,종합 건설업,4
2024-12,페루,코크스  연탄 및 석유정제품 제조업,4
2024-12,페루,펄프  종이 및 종이제품 제조업,5
2024-12,페루,화학물질 및 화학제품 제조업; 의약품 제외,3
2024-12,포르투갈,1차 금속 제조업,2
2024-12,포르투갈,개인 및 소비용품 수리업,2
2024-12,포르투갈,고무 및 플라스틱제품 제조업,2
2024-12,포르투갈,금속가공제품 제조업; 기계 및 가구 제외,2
2024-12,포르투갈,금융업,2
2024-12,포르투갈,기타 기계 및 장비 제조업,2
2024-12,포르투갈,도매 및 상품 중개업,2
2024-12,포르투갈,비금속 광물제품 제조업,2
2024-12,포르투갈,산업용 기계 및 장비 수리업,2
2024-12,포르투갈,섬유제품 제조업; 의복제외,2
2024-12,포르투갈,소매업; 자동차 제외,2
2024-12,포르투갈,우편 및 통신업,2
2024-12,포르투갈,의료  정밀  광학기기 및 시계 제조업,2
2024-12,포르투갈,의료용 물질 및 의약품 제조업,2
2024-12,포르투갈,의복  의복 액세서리 및 모피제품 제조업,2
2024-12,포르투갈,자동차 및 부품 판매업,2
2024-12,포르투갈,자동차 및 트레일러 제조업,2
2024-12,포르투갈,전기장비 제조업,2
2024-12,포르투갈,전문직별 공사업,2
2024-12,포르투갈,전자부품  컴퓨터  영상  음향 및 통신장비 제조업,2
2024-12,포르투갈,컴퓨터 프로그래밍  시스템 통합 및 관리업,2
2024-12,포르투갈,펄프  종이 및 종이제품 제조업,2
2024-12,포르투갈,화학물질 및 화학제품 제조업; 의약품 제외,2
2024-12,폴란드,1차 금속 제조업,4
2024-12,폴란드,개인 및 소비용품 수리업,3
2024-12,폴란드,건축기술  엔지니어링 및 기타 과학기술 서비스업,3
2024-12,폴란드,고무 및 플라스틱제품 제조업,3
2024-12,폴란드,금속가공제품 제조업; 기계 및 가구 제외,3
2024-12,폴란드,금융 및 보험 관련 서비스업,3
2024-12,폴란드,기타 기계 및 장비 제조업,3
2024-12,폴란드,도매 및 상품 중개업,3
2024-12,폴란드,목재 및 나무제품 제조업; 가구 제외,3
2024-12,폴란드,비금속 광물제품 제조업,3
2024-12,폴란드,사업지원 서비스업,3
2024-12,폴란드,산업용 기계 및 장비 수리업,3
2024-12,폴란드,섬유제품 제조업; 의복제외,3
2024-12,폴란드,소매업; 자동차 제외,3
2024-12,폴란드,식료품 제조업,3
2024-12,폴란드,우편 및 통신업,3
2024-12,폴란드,육상운송 및 파이프라인 운송업,3
2024-12,폴란드,의료  정밀  광학기기 및 시계 제조업,3
2024-12,폴란드,의료용 물질 및 의약품 제조업,3
2024-12,폴란드,의복  의복 액세서리 및 모피제품 제조업,3
2024-12,폴란드,자동차 및 부품 판매업,3
2024-12,폴란드,자동차 및 트레일러 제조업,3
2024-12,폴란드,전기장비 제조업,3
2024-12,폴란드,전문 서비스업,3
2024-12,폴란드,전자부품  컴퓨터  영상  음향 및 통신장비 제조업,4
2024-12,폴란드,컴퓨터 프로그래밍  시스템 통합 및 관리업,3
2024-12,폴란드,코크스  연탄 및 석유정제품 제조업,4
2024-12,폴란드,펄프  종이 및 종이제품 제조업,3
2024-12,폴란드,화학물질 및 화학제품 제조업; 의약품 제외,3
2024-12,푸에르토리코,도매 및 상품 중개업,4
2024-12,푸에르토리코,자동차 및 부품 판매업,4
2024-12,프랑스,건축기술  엔지니어링 및 기타 과학기술 서비스업,2
2024-12,프랑스,고무 및 플라스틱제품 제조업,2
2024-12,프랑스,금속가공제품 제조업; 기계 및 가구 제외,2
2024-12,프랑스,금융업,2
2024-12,프랑스,기타 기계 및 장비 제조업,2
2024-12,프랑스,기타 전문  과학 및 기술 서비스업,2
2024-12,프랑스,기타 제품 제조업,2
2024-12,프랑스,도매 및 상품 중개업,2
2024-12,프랑스,목재 및 나무제품 제조업; 가구 제외,4
2024-12,프랑스,부동산업,2
2024-12,프랑스,비금속 광물제품 제조업,2
2024-12,프랑스,비금속광물 광업; 연료용 제외,2
2024-12,프랑스,사업지원 서비스업,2
2024-12,프랑스,산업용 기계 및 장비 수리업,2
2024-12,프랑스,섬유제품 제조업; 의복제외,2
2024-12,프랑스,소매업; 자동차 제외,3
2024-12,프랑스,수상 운송업,2
2024-12,프랑스,연구개발업,2
2024-12,프랑스,의료  정밀  광학기기 및 시계 제조업,2
2024-12,프랑스,의료용 물질 및 의약품 제조업,2
2024-12,프랑스,의복  의복 액세서리 및 모피제품 제조업,2
2024-12,프랑스,자동차 및 부품 판매업,2
2024-12,프랑스,자동차 및 트레일러 제조업,2
2024-12,프랑스,전기장비 제조업,2
2024-12,프랑스,전문 서비스업,2
2024-12,프랑스,전문직별 공사업,2
2024-12,프랑스,전자부품  컴퓨터  영상  음향 및 통신장비 제조업,2
2024-12,프랑스,종합 건설업,2
2024-12,프랑스,출판업,2
2024-12,프랑스,컴퓨터 프로그래밍  시스템 통합 및 관리업,2
2024-12,프랑스,코크스  연탄 및 석유정제품 제조업,2
2024-12,프랑스,펄프  종이 및 종이제품 제조업,2
2024-12,프랑스,화학물질 및 화학제품 제조업; 의약품 제외,2
2024-12,피지,금속 광업,4
2024-12,피지,인쇄 및 기록매체 복제업,4
2024-12,핀란드,건축기술  엔지니어링 및 기타 과학기술 서비스업,1
2024-12,핀란드,고무 및 플라스틱제품 제조업,1
2024-12,핀란드,금속가공제품 제조업; 기계 및 가구 제외,1
2024-12,핀란드,금융업,1
2024-12,핀란드,기타 기계 및 장비 제조업,2
2024-12,핀란드,도매 및 상품 중개업,1
2024-12,핀란드,비금속 광물제품 제조업,1
2024-12,핀란드,사업지원 서비스업,1
2024-12,핀란드,산업용 기계 및 장비 수리업,1
2024-12,핀란드,소매업; 자동차 제외,2
2024-12,핀란드,의료용 물질 및 의약품 제조업,1
2024-12,핀란드,자동차 및 부품 판매업,1
2024-12,핀란드,자동차 및 트레일러 제조업,1
2024-12,핀란드,전기장비 제조업,1
2024-12,핀란드,전자부품  컴퓨터  영상  음향 및 통신장비 제조업,1
2024-12,핀란드,화학물질 및 화학제품 제조업; 의약품 제외,1
2024-12,필리핀,1차 금속 제조업,5
2024-12,필리핀,개인 및 소비용품 수리업,4
2024-12,필리핀,고무 및 플라스틱제품 제조업,4
2024-12,필리핀,금속가공제품 제조업; 기계 및 가구 제외,5
2024-12,필리핀,금융업,4
2024-12,필리핀,기타 기계 및 장비 제조업,4
2024-12,필리핀,기타 운송장비 제조업,4
2024-12,필리핀,기타 제품 제조업,4
2024-12,필리핀,농업,4
2024-12,필리핀,도매 및 상품 중개업,4
2024-12,필리핀,비금속 광물제품 제조업,4
2024-12,필리핀,사업지원 서비스업,4
2024-12,필리핀,소매업; 자동차 제외,4
2024-12,필리핀,숙박업,4
2024-12,필리핀,식료품 제조업,4
2024-12,필리핀,우편 및 통신업,4
2024-12,필리핀,음료 제조업,4
2024-12,필리핀,의료용 물질 및 의약품 제조업,4
2024-12,필리핀,인쇄 및 기록매체 복제업,4
2024-12,필리핀,자동차 및 부품 판매업,4
2024-12,필리핀,자동차 및 트레일러 제조업,4
2024-12,필리핀,전기  가스  증기 및 공기조절 공급업,4
2024-12,필리핀,전기장비 제조업,4
2024-12,필리핀,전문 서비스업,4
2024-12,필리핀,전문직별 공사업,4
2024-12,필리핀,전자부품  컴퓨터  영상  음향 및 통신장비 제조업,4
2024-12,필리핀,종합 건설업,4
2024-12,필리핀,창고 및 운송관련 서비스업,4
2024-12,필리핀,펄프  종이 및 종이제품 제조업,4
2024-12,필리핀,화학물질 및 화학제품 제조업; 의약품 제외,5
2024-12,헝가리,고무 및 플라스틱제품 제조업,3
2024-12,헝가리,기타 기계 및 장비 제조업,3
2024-12,헝가리,기타 제품 제조업,3
2024-12,헝가리,도매 및 상품 중개업,3
2024-12,헝가리,소매업; 자동차 제외,3
2024-12,헝가리,식료품 제조업,3
2024-12,헝가리,연구개발업,3
2024-12,헝가리,의료  정밀  광학기기 및 시계 제조업,3
2024-12,헝가리,의료용 물질 및 의약품 제조업,3
2024-12,헝가리,자동차 및 부품 판매업,3
2024-12,헝가리,자동차 및 트레일러 제조업,3
2024-12,헝가리,전기장비 제조업,3
2024-12,헝가리,전문직별 공사업,3
2024-12,헝가리,전자부품  컴퓨터  영상  음향 및 통신장비 제조업,3
2024-12,헝가리,폐기물 수집  운반  처리 및 원료 재생업,3
2024-12,헝가리,화학물질 및 화학제품 제조업; 의약품 제외,3
2024-12,호주,1차 금속 제조업,3
2024-12,호주,개인 및 소비용품 수리업,5
2024-12,호주,고무 및 플라스틱제품 제조업,1
2024-12,호주,교육 서비스업,1
2024-12,호주,금속가공제품 제조업; 기계 및 가구 제외,1
2024-12,호주,금융업,1
2024-12,호주,기타 기계 및 장비 제조업,1
2024-12,호주,도매 및 상품 중개업,1
2024-12,호주,방송업,1
2024-12,호주,섬유제품 제조업; 의복제외,1
2024-12,호주,소매업; 자동차 제외,1
2024-12,호주,의료  정밀  광학기기 및 시계 제조업,1
2024-12,호주,의료용 물질 및 의약품 제조업,1
2024-12,호주,인쇄 및 기록매체 복제업,1
2024-12,호주,자동차 및 부품 판매업,1
2024-12,호주,자동차 및 트레일러 제조업,1
2024-12,호주,전기  가스  증기 및 공기조절 공급업,1
2024-12,호주,전기장비 제조업,1
2024-12,호주,전문 서비스업,1
2024-12,호주,전문직별 공사업,1
2024-12,호주,전자부품  컴퓨터  영상  음향 및 통신장비 제조업,1
2024-12,호주,출판업,1
2024-12,호주,펄프  종이 및 종이제품 제조업,1
2024-12,호주,화학물질 및 화학제품 제조업; 의약품 제외,1
2024-12,홍콩,개인 및 소비용품 수리업,3
2024-12,홍콩,교육 서비스업,3
2024-12,홍콩,금융업,3
2024-12,홍콩,기타 기계 및 장비 제조업,3
2024-12,홍콩,도매 및 상품 중개업,3
2024-12,홍콩,방송업,3
2024-12,홍콩,사업지원 서비스업,3
2024-12,홍콩,산업용 기계 및 장비 수리업,3
2024-12,홍콩,섬유제품 제조업; 의복제외,3
2024-12,홍콩,소매업; 자동차 제외,3
2024-12,홍콩,수상 운송업,3
2024-12,홍콩,숙박업,3
2024-12,홍콩,식료품 제조업,3
2024-12,홍콩,연구개발업,3
2024-12,홍콩,음료 제조업,3
2024-12,홍콩,인쇄 및 기록매체 복제업,3
2024-12,홍콩,자동차 및 부품 판매업,3
2024-12,홍콩,전기장비 제조업,3
2024-12,홍콩,전문 서비스업,3
2024-12,홍콩,전문직별 공사업,3
2024-12,홍콩,종합 건설업,3
2024-12,홍콩,창고 및 운송관련 서비스업,3
2024-12,홍콩,출판업,3
2024-12,홍콩,컴퓨터 프로그래밍  시스템 통합 및 관리업,3
2024-12,홍콩,항공 운송업,3
2024-12,홍콩,화학물질 및 화학제품 제조업; 의약품 제외,5
2024-11,가나,고무 및 플라스틱제품 제조업,5
2024-11,가나,금속 광업,5
2024-11,가나,도매 및 상품 중개업,4
2024-11,가나,자동차 및 부품 판매업,5
2024-11,가나,자동차 및 트레일러 제조업,4
2024-11,가나,화학물질 및 화학제품 제조업; 의약품 제외,5
2024-11,감비아,도매 및 상품 중개업,4
2024-11,감비아,정보서비스업,4
2024-11,과달루프,자동차 및 부품 판매업,4
2024-11,과테말라,1차 금속 제조업,4
2024-11,과테말라,고무 및 플라스틱제품 제조업,4
2024-11,과테말라,금속가공제품 제조업; 기계 및 가구 제외,4
2024-11,과테말라,도매 및 상품 중개업,4
2024-11,과테말라,섬유제품 제조업; 의복제외,4
2024-11,과테말라,소매업; 자동차 제외,4
2024-11,과테말라,식료품 제조업,4
2024-11,과테말라,의복  의복 액세서리 및 모피제품 제조업,5
2024-11,과테말라,자동차 및 부품 판매업,4
2024-11,과테말라,화학물질 및 화학제품 제조업; 의약품 제외,4
2024-11,괌,우편 및 통신업,4
2024-11,그리스,1차 금속 제조업,3
2024-11,그리스,고무 및 플라스틱제품 제조업,3
2024-11,그리스,금속가공제품 제조업; 기계 및 가구 제외,3
2024-11,그리스,기타 기계 및 장비 제조업,3
2024-11,그리스,도매 및 상품 중개업,3
2024-11,그리스,소매업; 자동차 제외,3
2024-11,그리스,식료품 제조업,3
2024-11,그리스,우편 및 통신업,3
2024-11,그리스,의료  정밀  광학기기 및 시계 제조업,3
2024-11,그리스,인쇄 및 기록매체 복제업,3
2024-11,그리스,자동차 및 부품 판매업,3
2024-11,그리스,자동차 및 트레일러 제조업,3
2024-11,그리스,전기장비 제조업,3
2024-11,그리스,전문직별 공사업,3
2024-11,그리스,종합 건설업,3
2024-11,그리스,컴퓨터 프로그래밍  시스템 통합 및 관리업,3
2024-11,그리스,펄프  종이 및 종이제품 제조업,3
2024-11,그리스,화학물질 및 화학제품 제조업; 의약품 제외,3
2024-11,기니,도매 및 상품 중개업,5
2024-11,기니,화학물질 및 화학제품 제조업; 의약품 제외,5
2024-11,나이지리아,가구 제조업,5
2024-11,나이지리아,도매 및 상품 중개업,5
2024-11,나이지리아,석탄  원유 및 천연가스 광업,5
2024-11,나이지리아,화학물질 및 화학제품 제조업; 의약품 제외,5
2024-11,남아프리카공화국,1차 금속 제조업,4
2024-11,남아프리카공화국,개인 및 소비용품 수리업,4
2024-11,남아프리카공화국,건축기술  엔지니어링 및 기타 과학기술 서비스업,4
2024-11,남아프리카공화국,고무 및 플라스틱제품 제조업,4
2024-11,남아프리카공화국,금속가공제품 제조업; 기계 및 가구 제외,4
2024-11,남아프리카공화국,기타 기계 및 장비 제조업,4
2024-11,남아프리카공화국,기타 운송장비 제조업,4
2024-11,남아프리카공화국,기타 제품 제조업,5
2024-11,남아프리카공화국,도매 및 상품 중개업,4
2024-11,남아프리카공화국,비금속 광물제품 제조업,4
2024-11,남아프리카공화국,사업지원 서비스업,4
2024-11,남아프리카공화국,섬유제품 제조업; 의복제외,4
2024-11,남아프리카공화국,소매업; 자동차 제외,4
2024-11,남아프리카공화국,수도업,4
2024-11,남아프리카공화국,식료품 제조업,4
2024-11,남아프리카공화국,우편 및 통신업,4
2024-11,남아프리카공화국,육상운송 및 파이프라인 운송업,4
2024-11,남아프리카공화국,의료  정밀  광학기기 및 시계 제조업,4
2024-11,남아프리카공화국,인쇄 및 기록매체 복제업,4
2024-11,남아프리카공화국,임대업; 부동산 제외,4
2024-11,남아프리카공화국,자동차 및 부품 판매업,4
2024-11,남아프리카공화국,자동차 및 트레일러 제조업,4
2024-11,남아프리카공화국,전기  가스  증기 및 공기조절 공급업,4
2024-11,남아프리카공화국,전기장비 제조업,4
2024-11,남아프리카공화국,전문직별 공사업,4
2024-11,남아프리카공화국,종합 건설업,4
2024-11,남아프리카공화국,창고 및 운송관련 서비스업,4
2024-11,남아프리카공화국,출판업,4
2024-11,남아프리카공화국,컴퓨터 프로그래밍  시스템 통합 및 관리업,4
2024-11,남아프리카공화국,펄프  종이 및 종이제품 제조업,4
2024-11,남아프리카공화국,화학물질 및 화학제품 제조업; 의약품 제외,4
2024-11,남아프리카공화국,환경 정화 및 복원업,4
2024-11,네덜란드,건축기술  엔지니어링 및 기타 과학기술 서비스업,1
2024-11,네덜란드,고무 및 플라스틱제품 제조업,1
2024-11,네덜란드,금속가공제품 제조업; 기계 및 가구 제외,5
2024-11,네덜란드,금융업,1
2024-11,네덜란드,기타 기계 및 장비 제조업,1
2024-11,네덜란드,기타 전문  과학 및 기술 서비스업,1
2024-11,네덜란드,농업,1
2024-11,네덜란드,도매 및 상품 중개업,1
2024-11,네덜란드,비금속 광물제품 제조업,1
2024-11,네덜란드,사업지원 서비스업,1
2024-11,네덜란드,섬유제품 제조업; 의복제외,1
2024-11,네덜란드,소매업; 자동차 제외,1
2024-11,네덜란드,식료품 제조업,1
2024-11,네덜란드,육상운송 및 파이프라인 운송업,1
2024-11,네덜란드,의료  정밀  광학기기 및 시계 제조업,1
2024-11,네덜란드,임대업; 부동산 제외,1
2024-11,네덜란드,자동차 및 부품 판매업,1
2024-11,네덜란드,자동차 및 트레일러 제조업,1
2024-11,네덜란드,전기장비 제조업,1
2024-11,네덜란드,전문 서비스업,1
2024-11,네덜란드,전자부품  컴퓨터  영상  음향 및 통신장비 제조업,1
2024-11,네덜란드,정보서비스업,1
2024-11,네덜란드,창고 및 운송관련 서비스업,1
2024-11,네덜란드,컴퓨터 프로그래밍  시스템 통합 및 관리업,1
2024-11,네덜란드,코크스  연탄 및 석유정제품 제조업,1
2024-11,네덜란드,펄프  종이 및 종이제품 제조업,1
2024-11,네덜란드,화학물질 및 화학제품 제조업; 의약품 제외,1
2024-11,네팔,가죽  가방 및 신발 제조업,4
2024-11,네팔,고무 및 플라스틱제품 제조업,4
2024-11,네팔,도매 및 상품 중개업,4
2024-11,네팔,식료품 제조업,4
2024-11,네팔,의료  정밀  광학기기 및 시계 제조업,4
2024-11,네팔,의료용 물질 및 의약품 제조업,4
2024-11,네팔,자동차 및 부품 판매업,4
2024-11,노르웨이,고무 및 플라스틱제품 제조업,1
2024-11,노르웨이,기타 기계 및 장비 제조업,1
2024-11,노르웨이,도매 및 상품 중개업,1
2024-11,노르웨이,소매업; 자동차 제외,1
2024-11,노르웨이,수상 운송업,1
2024-11,노르웨이,식료품 제조업,1
2024-11,노르웨이,의료  정밀  광학기기 및 시계 제조업,1
2024-11,노르웨이,의복  의복 액세서리 및 모피제품 제조업,1
2024-11,노르웨이,자동차 및 부품 판매업,1
2024-11,노르웨이,전기  가스  증기 및 공기조절 공급업,1
2024-11,노르웨이,전기장비 제조업,2
2024-11,노르웨이,전문 서비스업,1
2024-11,노르웨이,전자부품  컴퓨터  영상  음향 및 통신장비 제조업,1
2024-11,노르웨이,창고 및 운송관련 서비스업,1
2024-11,노르웨이,컴퓨터 프로그래밍  시스템 통합 및 관리업,1
2024-11,노르웨이,펄프  종이 및 종이제품 제조업,1
2024-11,노르웨이,화학물질 및 화학제품 제조업; 의약품 제외,1
2024-11,뉴질랜드,1차 금속 제조업,2
2024-11,뉴질랜드,고무 및 플라스틱제품 제조업,2
2024-11,뉴질랜드,금속가공제품 제조업; 기계 및 가구 제외,2
2024-11,뉴질랜드,기타 기계 및 장비 제조업,2
2024-11,뉴질랜드,도매 및 상품 중개업,2
2024-11,뉴질랜드,목재 및 나무제품 제조업; 가구 제외,2
2024-11,뉴질랜드,소매업; 자동차 제외,2
2024-11,뉴질랜드,식료품 제조업,2
2024-11,뉴질랜드,우편 및 통신업,2
2024-11,뉴질랜드,의료용 물질 및 의약품 제조업,2
2024-11,뉴질랜드,의복  의복 액세서리 및 모피제품 제조업,2
2024-11,뉴질랜드,인쇄 및 기록매체 복제업,2
2024-11,뉴질랜드,자동차 및 부품 판매업,2
2024-11,뉴질랜드,전기  가스  증기 및 공기조절 공급업,3
2024-11,뉴질랜드,전기장비 제조업,2
2024-11,뉴질랜드,펄프  종이 및 종이제품 제조업,2
2024-11,뉴질랜드,화학물질 및 화학제품 제조업; 의약품 제외,2
2024-11,뉴칼레도니아,광업 지원 서비스업,4
2024-11,뉴칼레도니아,도매 및 상품 중개업,4
2024-11,니카라과,도매 및 상품 중개업,5
2024-11,니카라과,소매업; 자동차 제외,5
2024-11,니카라과,우편 및 통신업,5
2024-11,니카라과,자동차 및 부품 판매업,5
2024-11,니카라과,화학물질 및 화학제품 제조업; 의약품 제외,5
2024-11,대만,1차 금속 제조업,2
2024-11,대만,가죽  가방 및 신발 제조업,2
2024-11,대만,건축기술  엔지니어링 및 기타 과학기술 서비스업,2
2024-11,대만,고무 및 플라스틱제품 제조업,2
2024-11,대만,금속가공제품 제조업; 기계 및 가구 제외,2
2024-11,대만,금융업,2
2024-11,대만,기타 기계 및 장비 제조업,2
2024-11,대만,기타 운송장비 제조업,2
2024-11,대만,기타 제품 제조업,2
2024-11,대만,도매 및 상품 중개업,2
2024-11,대만,방송업,2
2024-11,대만,비금속 광물제품 제조업,2
2024-11,대만,섬유제품 제조업; 의복제외,2
2024-11,대만,소매업; 자동차 제외,2
2024-11,대만,수상 운송업,2
2024-11,대만,식료품 제조업,2
2024-11,대만,우편 및 통신업,2
2024-11,대만,의료  정밀  광학기기 및 시계 제조업,2
2024-11,대만,의료용 물질 및 의약품 제조업,2
2024-11,대만,의복  의복 액세서리 및 모피제품 제조업,2
2024-11,대만,자동차 및 부품 판매업,2
2024-11,대만,자동차 및 트레일러 제조업,2
2024-11,대만,전기장비 제조업,2
2024-11,대만,전문직별 공사업,2
2024-11,대만,전자부품  컴퓨터  영상  음향 및 통신장비 제조업,2
2024-11,대만,종합 건설업,2
2024-11,대만,창고 및 운송관련 서비스업,2
2024-11,대만,출판업,2
2024-11,대만,코크스  연탄 및 석유정제품 제조업,2
2024-11,대만,펄프  종이 및 종이제품 제조업,2
2024-11,대만,화학물질 및 화학제품 제조업; 의약품 제외,2
2024-11,덴마크,개인 및 소비용품 수리업,1
2024-11,덴마크,고무 및 플라스틱제품 제조업,1
2024-11,덴마크,금속가공제품 제조업; 기계 및 가구 제외,1
2024-11,덴마크,기타 기계 및 장비 제조업,1
2024-11,덴마크,도매 및 상품 중개업,2
2024-11,덴마크,섬유제품 제조업; 의복제외,1
2024-11,덴마크,수상 운송업,1
2024-11,덴마크,식료품 제조업,1
2024-11,덴마크,의료  정밀  광학기기 및 시계 제조업,1
2024-11,덴마크,의료용 물질 및 의약품 제조업,1
2024-11,덴마크,의복  의복 액세서리 및 모피제품 제조업,1
2024-11,덴마크,자동차 및 부품 판매업,1
2024-11,덴마크,전자부품  컴퓨터  영상  음향 및 통신장비 제조업,1
2024-11,덴마크,창고 및 운송관련 서비스업,1
2024-11,덴마크,컴퓨터 프로그래밍  시스템 통합 및 관리업,1
2024-11,덴마크,화학물질 및 화학제품 제조업; 의약품 제외,1
2024-11,도미니카공화국,1차 금속 제조업,4
2024-11,도미니카공화국,고무 및 플라스틱제품 제조업,4
2024-11,도미니카공화국,도매 및 상품 중개업,4
2024-11,도미니카공화국,비금속 광물제품 제조업,4
2024-11,도미니카공화국,소매업; 자동차 제외,4
2024-11,도미니카공화국,식료품 제조업,5
2024-11,도미니카공화국,우편 및 통신업,4
2024-11,도미니카공화국,자동차 및 부품 판매업,4
2024-11,도미니카공화국,화학물질 및 화학제품 제조업; 의약품 제외,4
2024-11,독일,1차 금속 제조업,2
2024-11,독일,가구 제조업,1
2024-11,독일,개인 및 소비용품 수리업,1
2024-11,독일,건축기술  엔지니어링 및 기타 과학기술 서비스업,2
2024-11,독일,고무 및 플라스틱제품 제조업,2
2024-11,독일,교육 서비스업,2
2024-11,독일,금속가공제품 제조업; 기계 및 가구 제외,2
2024-11,독일,금융업,2
2024-11,독일,기타 기계 및 장비 제조업,2
2024-11,독일,기타 운송장비 제조업,1
2024-11,독일,기타 제품 제조업,2
2024-11,독일,도매 및 상품 중개업,2
2024-11,독일,비금속 광물제품 제조업,2
2024-11,독일,사업지원 서비스업,2
2024-11,독일,산업용 기계 및 장비 수리업,2
2024-11,독일,섬유제품 제조업; 의복제외,2
2024-11,독일,소매업; 자동차 제외,2
2024-11,독일,수상 운송업,2
2024-11,독일,우편 및 통신업,2
2024-11,독일,음료 제조업,2
2024-11,독일,의료  정밀  광학기기 및 시계 제조업,1
2024-11,독일,의료용 물질 및 의약품 제조업,1
2024-11,독일,의복  의복 액세서리 및 모피제품 제조업,2
2024-11,독일,인쇄 및 기록매체 복제업,1
2024-11,독일,자동차 및 부품 판매업,2
2024-11,독일,자동차 및 트레일러 제조업,2
2024-11,독일,전기  가스  증기 및 공기조절 공급업,2
2024-11,독일,전기장비 제조업,2
2024-11,독일,전문 서비스업,1
2024-11,독일,전자부품  컴퓨터  영상  음향 및 통신장비 제조업,2
2024-11,독일,창고 및 운송관련 서비스업,2
2024-11,독일,출판업,2
2024-11,독일,컴퓨터 프로그래밍  시스템 통합 및 관리업,1
2024-11,독일,코크스  연탄 및 석유정제품 제조업,2
2024-11,독일,펄프  종이 및 종이제품 제조업,1
2024-11,독일,화학물질 및 화학제품 제조업; 의약품 제외,1
2024-11,라오스,도매 및 상품 중개업,5
2024-11,라오스,식료품 제조업,5
2024-11,라오스,자동차 및 부품 판매업,5
2024-11,라오스,항공 운송업,5
2024-11,라이베리아,1차 금속 제조업,5
2024-11,라이베리아,도매 및 상품 중개업,5
2024-11,라트비아,고무 및 플라스틱제품 제조업,2
2024-11,라트비아,금속가공제품 제조업; 기계 및 가구 제외,3
2024-11,라트비아,도매 및 상품 중개업,3
2024-11,라트비아,섬유제품 제조업; 의복제외,3
2024-11,라트비아,소매업; 자동차 제외,3
2024-11,라트비아,의료용 물질 및 의약품 제조업,3
2024-11,라트비아,자동차 및 부품 판매업,3
2024-11,라트비아,전자부품  컴퓨터  영상  음향 및 통신장비 제조업,3
2024-11,라트비아,펄프  종이 및 종이제품 제조업,3
2024-11,러시아,고무 및 플라스틱제품 제조업,5
2024-11,러시아,금속 광업,5
2024-11,러시아,금속가공제품 제조업; 기계 및 가구 제외,5
2024-11,러시아,금융업,5
2024-11,러시아,기타 기계 및 장비 제조업,5
2024-11,러시아,기타 운송장비 제조업,5
2024-11,러시아,도매 및 상품 중개업,5
2024-11,러시아,목재 및 나무제품 제조업; 가구 제외,5
2024-11,러시아,비금속 광물제품 제조업,5
2024-11,러시아,소매업; 자동차 제외,5
2024-11,러시아,식료품 제조업,5
2024-11,러시아,의료용 물질 및 의약품 제조업,5
2024-11,러시아,자동차 및 부품 판매업,5
2024-11,러시아,자동차 및 트레일러 제조업,5
2024-11,러시아,전기장비 제조업,5
2024-11,러시아,전자부품  컴퓨터  영상  음향 및 통신장비 제조업,5
2024-11,러시아,펄프  종이 및 종이제품 제조업,5
2024-11,러시아,화학물질 및 화학제품 제조업; 의약품 제외,5
2024-11,레바논,도매 및 상품 중개업,4
2024-11,레바논,자동차 및 부품 판매업,4
2024-11,레바논,펄프  종이 및 종이제품 제조업,4
2024-11,레위니옹,자동차 및 부품 판매업,4
2024-11,루마니아,1차 금속 제조업,3
2024-11,루마니아,건축기술  엔지니어링 및 기타 과학기술 서비스업,3
2024-11,루마니아,고무 및 플라스틱제품 제조업,3
2024-11,루마니아,금속가공제품 제조업; 기계 및 가구 제외,3
2024-11,루마니아,기타 기계 및 장비 제조업,3
2024-11,루마니아,기타 운송장비 제조업,3
2024-11,루마니아,기타 제품 제조업,3
2024-11,루마니아,농업,3
2024-11,루마니아,도매 및 상품 중개업,3
2024-11,루마니아,부동산업,3
2024-11,루마니아,사업지원 서비스업,3
2024-11,루마니아,섬유제품 제조업; 의복제외,3
2024-11,루마니아,소매업; 자동차 제외,3
2024-11,루마니아,식료품 제조업,3
2024-11,루마니아,음료 제조업,3
2024-11,루마니아,의료용 물질 및 의약품 제조업,3
2024-11,루마니아,인쇄 및 기록매체 복제업,3
2024-11,루마니아,자동차 및 부품 판매업,3
2024-11,루마니아,자동차 및 트레일러 제조업,3
2024-11,루마니아,전기장비 제조업,3
2024-11,루마니아,전문 서비스업,3
2024-11,루마니아,전문직별 공사업,3
2024-11,루마니아,전자부품  컴퓨터  영상  음향 및 통신장비 제조업,3
2024-11,루마니아,종합 건설업,3
2024-11,루마니아,펄프  종이 및 종이제품 제조업,3
2024-11,루마니아,화학물질 및 화학제품 제조업; 의약품 제외,3
2024-11,룩셈부르크,고무 및 플라스틱제품 제조업,2
2024-11,룩셈부르크,금융업,2
2024-11,룩셈부르크,도매 및 상품 중개업,2
2024-11,룩셈부르크,비금속 광물제품 제조업,2
2024-11,룩셈부르크,자동차 및 부품 판매업,2
2024-11,룩셈부르크,전기  가스  증기 및 공기조절 공급업,3
2024-11,르완다,가구 제조업,4
2024-11,르완다,도매 및 상품 중개업,4
2024-11,리비아,자동차 및 부품 판매업,5
2024-11,리투아니아,개인 및 소비용품 수리업,2
2024-11,리투아니아,고무 및 플라스틱제품 제조업,2
2024-11,리투아니아,금속가공제품 제조업; 기계 및 가구 제외,2
2024-11,리투아니아,도매 및 상품 중개업,2
2024-11,리투아니아,사업지원 서비스업,2
2024-11,리투아니아,소매업; 자동차 제외,2
2024-11,리투아니아,자동차 및 부품 판매업,2
2024-11,리투아니아,자동차 및 트레일러 제조업,2
2024-11,리투아니아,전문직별 공사업,2
2024-11,리투아니아,화학물질 및 화학제품 제조업; 의약품 제외,2
2024-11,리히텐슈타인,금속가공제품 제조업; 기계 및 가구 제외,3
2024-11,리히텐슈타인,기타 기계 및 장비 제조업,3
2024-11,마샬군도,도매 및 상품 중개업,4
2024-11,마카오,도매 및 상품 중개업,2
2024-11,마카오,사업지원 서비스업,2
2024-11,마카오,소매업; 자동차 제외,2
2024-11,마카오,스포츠 및 오락관련 서비스업,2
2024-11,마카오,우편 및 통신업,2
2024-11,마카오,출판업,2
2024-11,말레이시아,1차 금속 제조업,3
2024-11,말레이시아,개인 및 소비용품 수리업,3
2024-11,말레이시아,고무 및 플라스틱제품 제조업,3
2024-11,말레이시아,금속가공제품 제조업; 기계 및 가구 제외,3
2024-11,말레이시아,금융업,3
2024-11,말레이시아,기타 기계 및 장비 제조업,3
2024-11,말레이시아,기타 제품 제조업,3
2024-11,말레이시아,도매 및 상품 중개업,3
2024-11,말레이시아,목재 및 나무제품 제조업; 가구 제외,3
2024-11,말레이시아,비금속 광물제품 제조업,3
2024-11,말레이시아,사업지원 서비스업,3
2024-11,말레이시아,섬유제품 제조업; 의복제외,3
2024-11,말레이시아,소매업; 자동차 제외,3
2024-11,말레이시아,식료품 제조업,3
2024-11,말레이시아,음료 제조업,3
2024-11,말레이시아,의료용 물질 및 의약품 제조업,3
2024-11,말레이시아,의복  의복 액세서리 및 모피제품 제조업,3
2024-11,말레이시아,인쇄 및 기록매체 복제업,3
2024-11,말레이시아,자동차 및 부품 판매업,3
2024-11,말레이시아,자동차 및 트레일러 제조업,3
2024-11,말레이시아,전기장비 제조업,3
2024-11,말레이시아,전문직별 공사업,3
2024-11,말레이시아,전자부품  컴퓨터  영상  음향 및 통신장비 제조업,3
2024-11,말레이시아,창고 및 운송관련 서비스업,3
2024-11,말레이시아,출판업,3
2024-11,말레이시아,코크스  연탄 및 석유정제품 제조업,3
2024-11,말레이시아,펄프  종이 및 종이제품 제조업,3
2024-11,말레이시아,화학물질 및 화학제품 제조업; 의약품 제외,3
2024-11,말리,도매 및 상품 중개업,5
2024-11,말리,전문직별 공사업,5
2024-11,말리,컴퓨터 프로그래밍  시스템 통합 및 관리업,5
2024-11,멕시코,1차 금속 제조업,4
2024-11,멕시코,개인 및 소비용품 수리업,4
2024-11,멕시코,고무 및 플라스틱제품 제조업,4
2024-11,멕시코,금속가공제품 제조업; 기계 및 가구 제외,4
2024-11,멕시코,기타 기계 및 장비 제조업,4
2024-11,멕시코,기타 제품 제조업,4
2024-11,멕시코,도매 및 상품 중개업,4
2024-11,멕시코,비금속 광물제품 제조업,4
2024-11,멕시코,사업지원 서비스업,4
2024-11,멕시코,섬유제품 제조업; 의복제외,4
2024-11,멕시코,소매업; 자동차 제외,4
2024-11,멕시코,식료품 제조업,4
2024-11,멕시코,우편 및 통신업,4
2024-11,멕시코,의료용 물질 및 의약품 제조업,4
2024-11,멕시코,의복  의복 액세서리 및 모피제품 제조업,5
2024-11,멕시코,인쇄 및 기록매체 복제업,4
2024-11,멕시코,자동차 및 부품 판매업,4
2024-11,멕시코,자동차 및 트레일러 제조업,4
2024-11,멕시코,전기장비 제조업,5
2024-11,멕시코,전문 서비스업,4
2024-11,멕시코,전자부품  컴퓨터  영상  음향 및 통신장비 제조업,4
2024-11,멕시코,종합 건설업,5
2024-11,멕시코,창고 및 운송관련 서비스업,4
2024-11,멕시코,코크스  연탄 및 석유정제품 제조업,4
2024-11,멕시코,펄프  종이 및 종이제품 제조업,4
2024-11,멕시코,하수  폐수 및 분뇨 처리업,4
2024-11,멕시코,화학물질 및 화학제품 제조업; 의약품 제외,4
2024-11,모나코,도매 및 상품 중개업,4
2024-11,모로코,1차 금속 제조업,4
2024-11,모로코,가구 제조업,4
2024-11,모로코,개인 및 소비용품 수리업,4
2024-11,모로코,건축기술  엔지니어링 및 기타 과학기술 서비스업,4
2024-11,모로코,고무 및 플라스틱제품 제조업,4
2024-11,모로코,금속가공제품 제조업; 기계 및 가구 제외,4
2024-11,모로코,금융업,4
2024-11,모로코,기타 기계 및 장비 제조업,4
2024-11,모로코,도매 및 상품 중개업,4
2024-11,모로코,사업시설 관리 및 조경 서비스업,4
2024-11,모로코,사업지원 서비스업,4
2024-11,모로코,산업용 기계 및 장비 수리업,4
2024-11,모로코,소매업; 자동차 제외,4
2024-11,모로코,우편 및 통신업,4
2024-11,모로코,음료 제조업,4
2024-11,모로코,의료용 물질 및 의약품 제조업,4
2024-11,모로코,임대업; 부동산 제외,4
2024-11,모로코,자동차 및 부품 판매업,4
2024-11,모로코,전기장비 제조업,4
2024-11,모로코,전문직별 공사업,4
2024-11,모로코,컴퓨터 프로그래밍  시스템 통합 및 관리업,4
2024-11,모로코,펄프  종이 및 종이제품 제조업,4
2024-11,모로코,화학물질 및 화학제품 제조업; 의약품 제외,4
2024-11,모리셔스,도매 및 상품 중개업,3
2024-11,모리셔스,자동차 및 부품 판매업,3
2024-11,모리셔스,펄프  종이 및 종이제품 제조업,2
2024-11,모리타니아,도매 및 상품 중개업,4
2024-11,모리타니아,컴퓨터 프로그래밍  시스템 통합 및 관리업,5
2024-11,몬테네그로,도매 및 상품 중개업,3
2024-11,몰도바,금속가공제품 제조업; 기계 및 가구 제외,4
2024-11,몰도바,도매 및 상품 중개업,4
2024-11,몰도바,소매업; 자동차 제외,4
2024-11,몰도바,우편 및 통신업,4
2024-11,몰도바,자동차 및 부품 판매업,4
2024-11,몰도바,코크스  연탄 및 석유정제품 제조업,4
2024-11,몰디브,창고 및 운송관련 서비스업,4
2024-11,몰타,도매 및 상품 중개업,2
2024-11,몰타,섬유제품 제조업; 의복제외,2
2024-11,몰타,자동차 및 부품 판매업,2
2024-11,몰타,전자부품  컴퓨터  영상  음향 및 통신장비 제조업,2
2024-11,몽골,도매 및 상품 중개업,4
2024-11,몽골,소매업; 자동차 제외,4
2024-11,몽골,우편 및 통신업,4
2024-11,몽골,음료 제조업,5
2024-11,몽골,인쇄 및 기록매체 복제업,4
2024-11,몽골,자동차 및 부품 판매업,4
2024-11,몽골,펄프  종이 및 종이제품 제조업,4
2024-11,미국,1차 금속 제조업,2
2024-11,미국,가구 제조업,2
2024-11,미국,가죽  가방 및 신발 제조업,2
2024-11,미국,개인 및 소비용품 수리업,2
2024-11,미국,건축기술  엔지니어링 및 기타 과학기술 서비스업,2
2024-11,미국,고무 및 플라스틱제품 제조업,2
2024-11,미국,공공행정  국방 및 사회보장 행정,2
2024-11,미국,광업 지원 서비스업,2
2024-11,미국,금속가공제품 제조업; 기계 및 가구 제외,2
2024-11,미국,기타 개인 서비스업,2
2024-11,미국,기타 기계 및 장비 제조업,2
2024-11,미국,기타 운송장비 제조업,2
2024-11,미국,기타 전문  과학 및 기술 서비스업,2
2024-11,미국,기타 제품 제조업,2
2024-11,미국,도매 및 상품 중개업,2
2024-11,미국,목재 및 나무제품 제조업; 가구 제외,3
2024-11,미국,방송업,2
2024-11,미국,비금속 광물제품 제조업,4
2024-11,미국,사업지원 서비스업,2
2024-11,미국,산업용 기계 및 장비 수리업,2
2024-11,미국,섬유제품 제조업; 의복제외,2
2024-11,미국,소매업; 자동차 제외,3
2024-11,미국,수상 운송업,2
2024-11,미국,식료품 제조업,3
2024-11,미국,우편 및 통신업,2
2024-11,미국,육상운송 및 파이프라인 운송업,3
2024-11,미국,음식점 및 주점업,2
2024-11,미국,의료  정밀  광학기기 및 시계 제조업,2
2024-11,미국,의료용 물질 및 의약품 제조업,2
2024-11,미국,의복  의복 액세서리 및 모피제품 제조업,2
2024-11,미국,인쇄 및 기록매체 복제업,2
2024-11,미국,임대업; 부동산 제외,2
2024-11,미국,자동차 및 부품 판매업,2
2024-11,미국,자동차 및 트레일러 제조업,2
2024-11,미국,전기  가스  증기 및 공기조절 공급업,2
2024-11,미국,전기장비 제조업,2
2024-11,미국,전문 서비스업,2
2024-11,미국,전문직별 공사업,2
2024-11,미국,전자부품  컴퓨터  영상  음향 및 통신장비 제조업,2
2024-11,미국,정보서비스업,2
2024-11,미국,종합 건설업,2
2024-11,미국,창고 및 운송관련 서비스업,2
2024-11,미국,출판업,2
2024-11,미국,컴퓨터 프로그래밍  시스템 통합 및 관리업,2
2024-11,미국,코크스  연탄 및 석유정제품 제조업,2
2024-11,미국,펄프  종이 및 종이제품 제조업,3
2024-11,미국,항공 운송업,2
2024-11,미국,협회 및 단체,2
2024-11,미국,화학물질 및 화학제품 제조업; 의약품 제외,2
2024-11,미얀마,고무 및 플라스틱제품 제조업,5
2024-11,미얀마,도매 및 상품 중개업,5
2024-11,미얀마,식료품 제조업,5
2024-11,미얀마,인쇄 및 기록매체 복제업,5
2024-11,미얀마,자동차 및 부품 판매업,5
2024-11,바레인,가구 제조업,3
2024-11,바레인,기타 기계 및 장비 제조업,3
2024-11,바레인,도매 및 상품 중개업,3
2024-11,바레인,자동차 및 부품 판매업,3
2024-11,바레인,출판업,3
2024-11,바레인,화학물질 및 화학제품 제조업; 의약품 제외,3
2024-11,바베이도스,금융 및 보험 관련 서비스업,4
2024-11,방글라데시,1차 금속 제조업,4
2024-11,방글라데시,가죽  가방 및 신발 제조업,4
2024-11,방글라데시,고무 및 플라스틱제품 제조업,4
2024-11,방글라데시,금속가공제품 제조업; 기계 및 가구 제외,5
2024-11,방글라데시,기타 제품 제조업,4
2024-11,방글라데시,도매 및 상품 중개업,4
2024-11,방글라데시,보건업,4
2024-11,방글라데시,비금속 광물제품 제조업,4
2024-11,방글라데시,섬유제품 제조업; 의복제외,4
2024-11,방글라데시,식료품 제조업,5
2024-11,방글라데시,음료 제조업,5
2024-11,방글라데시,의료  정밀  광학기기 및 시계 제조업,4
2024-11,방글라데시,의료용 물질 및 의약품 제조업,4
2024-11,방글라데시,의복  의복 액세서리 및 모피제품 제조업,4
2024-11,방글라데시,인쇄 및 기록매체 복제업,4
2024-11,방글라데시,자동차 및 부품 판매업,4
2024-11,방글라데시,전기장비 제조업,4
2024-11,방글라데시,전자부품  컴퓨터  영상  음향 및 통신장비 제조업,4
2024-11,방글라데시,출판업,5
2024-11,방글라데시,코크스  연탄 및 석유정제품 제조업,4
2024-11,방글라데시,펄프  종이 및 종이제품 제조업,4
2024-11,방글라데시,화학물질 및 화학제품 제조업; 의약품 제외,4
2024-11,베넹,도매 및 상품 중개업,5
2024-11,베트남,1차 금속 제조업,4
2024-11,베트남,가구 제조업,5
2024-11,베트남,가죽  가방 및 신발 제조업,4
2024-11,베트남,개인 및 소비용품 수리업,4
2024-11,베트남,고무 및 플라스틱제품 제조업,4
2024-11,베트남,금속 광업,4
2024-11,베트남,금속가공제품 제조업; 기계 및 가구 제외,4
2024-11,베트남,기타 기계 및 장비 제조업,4
2024-11,베트남,기타 운송장비 제조업,4
2024-11,베트남,기타 전문  과학 및 기술 서비스업,4
2024-11,베트남,기타 제품 제조업,4
2024-11,베트남,농업,4
2024-11,베트남,도매 및 상품 중개업,4
2024-11,베트남,목재 및 나무제품 제조업; 가구 제외,4
2024-11,베트남,비금속 광물제품 제조업,4
2024-11,베트남,산업용 기계 및 장비 수리업,4
2024-11,베트남,섬유제품 제조업; 의복제외,4
2024-11,베트남,소매업; 자동차 제외,4
2024-11,베트남,식료품 제조업,4
2024-11,베트남,음료 제조업,5
2024-11,베트남,의료  정밀  광학기기 및 시계 제조업,4
2024-11,베트남,의료용 물질 및 의약품 제조업,4
2024-11,베트남,의복  의복 액세서리 및 모피제품 제조업,4
2024-11,베트남,인쇄 및 기록매체 복제업,4
2024-11,베트남,자동차 및 부품 판매업,4
2024-11,베트남,자동차 및 트레일러 제조업,4
2024-11,베트남,전기장비 제조업,4
2024-11,베트남,전문 서비스업,4
2024-11,베트남,전문직별 공사업,4
2024-11,베트남,전자부품  컴퓨터  영상  음향 및 통신장비 제조업,4
2024-11,베트남,종합 건설업,4
2024-11,베트남,창고 및 운송관련 서비스업,4
2024-11,베트남,코크스  연탄 및 석유정제품 제조업,4
2024-11,베트남,펄프  종이 및 종이제품 제조업,4
2024-11,베트남,폐기물 수집  운반  처리 및 원료 재생업,4
2024-11,베트남,화학물질 및 화학제품 제조업; 의약품 제외,4
2024-11,벨기에,1차 금속 제조업,4
2024-11,벨기에,고무 및 플라스틱제품 제조업,2
2024-11,벨기에,금속가공제품 제조업; 기계 및 가구 제외,2
2024-11,벨기에,금융업,2
2024-11,벨기에,기타 기계 및 장비 제조업,2
2024-11,벨기에,도매 및 상품 중개업,2
2024-11,벨기에,비금속 광물제품 제조업,2
2024-11,벨기에,사업지원 서비스업,2
2024-11,벨기에,산업용 기계 및 장비 수리업,2
2024-11,벨기에,섬유제품 제조업; 의복제외,2
2024-11,벨기에,소매업; 자동차 제외,2
2024-11,벨기에,수상 운송업,2
2024-11,벨기에,식료품 제조업,2
2024-11,벨기에,의료  정밀  광학기기 및 시계 제조업,2
2024-11,벨기에,의복  의복 액세서리 및 모피제품 제조업,2
2024-11,벨기에,자동차 및 부품 판매업,2
2024-11,벨기에,자동차 및 트레일러 제조업,2
2024-11,벨기에,전기장비 제조업,2
2024-11,벨기에,전문 서비스업,2
2024-11,벨기에,전자부품  컴퓨터  영상  음향 및 통신장비 제조업,2
2024-11,벨기에,창고 및 운송관련 서비스업,2
2024-11,벨기에,코크스  연탄 및 석유정제품 제조업,2
2024-11,벨기에,펄프  종이 및 종이제품 제조업,2
2024-11,벨기에,화학물질 및 화학제품 제조업; 의약품 제외,2
2024-11,벨라루스,도매 및 상품 중개업,5
2024-11,벨라루스,자동차 및 부품 판매업,5
2024-11,벨라루스,종합 건설업,5
2024-11,벨리즈,도매 및 상품 중개업,4
2024-11,벨리즈,소매업; 자동차 제외,4
2024-11,벨리즈,자동차 및 부품 판매업,4
2024-11,보스니아-헤르체코비나,도매 및 상품 중개업,3
2024-11,보스니아-헤르체코비나,소매업; 자동차 제외,3
2024-11,보스니아-헤르체코비나,자동차 및 부품 판매업,4
2024-11,볼리비아,가구 제조업,4
2024-11,볼리비아,금속 광업,4
2024-11,볼리비아,도매 및 상품 중개업,4
2024-11,볼리비아,육상운송 및 파이프라인 운송업,4
2024-11,볼리비아,자동차 및 부품 판매업,4
2024-11,볼리비아,화학물질 및 화학제품 제조업; 의약품 제외,4
2024-11,부룬디,가구 제조업,5
2024-11,부르키나파소,금속 광업,5
2024-11,부르키나파소,기타 운송장비 제조업,5
2024-11,부르키나파소,도매 및 상품 중개업,5
2024-11,부르키나파소,비금속광물 광업; 연료용 제외,5
2024-11,북마케도니아,도매 및 상품 중개업,3
2024-11,북마케도니아,소매업; 자동차 제외,4
2024-11,북마케도니아,자동차 및 트레일러 제조업,3
2024-11,북마케도니아,펄프  종이 및 종이제품 제조업,3
2024-11,불가리아,개인 및 소비용품 수리업,3
2024-11,불가리아,고무 및 플라스틱제품 제조업,3
2024-11,불가리아,금속가공제품 제조업; 기계 및 가구 제외,4
2024-11,불가리아,기타 기계 및 장비 제조업,3
2024-11,불가리아,기타 제품 제조업,3
2024-11,불가리아,담배 제조업,3
2024-11,불가리아,도매 및 상품 중개업,3
2024-11,불가리아,섬유제품 제조업; 의복제외,3
2024-11,불가리아,식료품 제조업,3
2024-11,불가리아,우편 및 통신업,3
2024-11,불가리아,인쇄 및 기록매체 복제업,3
2024-11,불가리아,자동차 및 부품 판매업,3
2024-11,불가리아,자동차 및 트레일러 제조업,3
2024-11,불가리아,전기장비 제조업,3
2024-11,불가리아,펄프  종이 및 종이제품 제조업,3
2024-11,불가리아,화학물질 및 화학제품 제조업; 의약품 제외,3
2024-11,브라질,1차 금속 제조업,4
2024-11,브라질,가구 제조업,4
2024-11,브라질,가죽  가방 및 신발 제조업,4
2024-11,브라질,고무 및 플라스틱제품 제조업,4
2024-11,브라질,금속가공제품 제조업; 기계 및 가구 제외,4
2024-11,브라질,금융 및 보험 관련 서비스업,4
2024-11,브라질,금융업,4
2024-11,브라질,기타 기계 및 장비 제조업,4
2024-11,브라질,기타 제품 제조업,4
2024-11,브라질,도매 및 상품 중개업,4
2024-11,브라질,목재 및 나무제품 제조업; 가구 제외,4
2024-11,브라질,비금속 광물제품 제조업,4
2024-11,브라질,사업지원 서비스업,4
2024-11,브라질,섬유제품 제조업; 의복제외,4
2024-11,브라질,소매업; 자동차 제외,4
2024-11,브라질,숙박업,4
2024-11,브라질,식료품 제조업,4
2024-11,브라질,연구개발업,4
2024-11,브라질,의료  정밀  광학기기 및 시계 제조업,4
2024-11,브라질,의료용 물질 및 의약품 제조업,4
2024-11,브라질,의복  의복 액세서리 및 모피제품 제조업,4
2024-11,브라질,인쇄 및 기록매체 복제업,4
2024-11,브라질,자동차 및 부품 판매업,4
2024-11,브라질,자동차 및 트레일러 제조업,4
2024-11,브라질,전기장비 제조업,4
2024-11,브라질,전문 서비스업,4
2024-11,브라질,전문직별 공사업,4
2024-11,브라질,전자부품  컴퓨터  영상  음향 및 통신장비 제조업,4
2024-11,브라질,창고 및 운송관련 서비스업,4
2024-11,브라질,컴퓨터 프로그래밍  시스템 통합 및 관리업,4
2024-11,브라질,코크스  연탄 및 석유정제품 제조업,4
2024-11,브라질,펄프  종이 및 종이제품 제조업,4
2024-11,브라질,화학물질 및 화학제품 제조업; 의약품 제외,4
2024-11,사우디아라비아,1차 금속 제조업,4
2024-11,사우디아라비아,가구 제조업,3
2024-11,사우디아라비아,건축기술  엔지니어링 및 기타 과학기술 서비스업,3
2024-11,사우디아라비아,고무 및 플라스틱제품 제조업,3
2024-11,사우디아라비아,광업 지원 서비스업,3
2024-11,사우디아라비아,금속가공제품 제조업; 기계 및 가구 제외,3
2024-11,사우디아라비아,금융업,3
2024-11,사우디아라비아,기타 기계 및 장비 제조업,3
2024-11,사우디아라비아,도매 및 상품 중개업,4
2024-11,사우디아라비아,비금속 광물제품 제조업,3
2024-11,사우디아라비아,사업시설 관리 및 조경 서비스업,3
2024-11,사우디아라비아,사업지원 서비스업,3
2024-11,사우디아라비아,섬유제품 제조업; 의복제외,3
2024-11,사우디아라비아,소매업; 자동차 제외,3
2024-11,사우디아라비아,수도업,3
2024-11,사우디아라비아,수상 운송업,5
2024-11,사우디아라비아,식료품 제조업,3
2024-11,사우디아라비아,의료  정밀  광학기기 및 시계 제조업,3
2024-11,사우디아라비아,의료용 물질 및 의약품 제조업,3
2024-11,사우디아라비아,의복  의복 액세서리 및 모피제품 제조업,4
2024-11,사우디아라비아,자동차 및 부품 판매업,4
2024-11,사우디아라비아,전기  가스  증기 및 공기조절 공급업,3
2024-11,사우디아라비아,전기장비 제조업,3
2024-11,사우디아라비아,전문직별 공사업,3
2024-11,사우디아라비아,종합 건설업,3
2024-11,사우디아라비아,창고 및 운송관련 서비스업,3
2024-11,사우디아라비아,출판업,3
2024-11,사우디아라비아,컴퓨터 프로그래밍  시스템 통합 및 관리업,3
2024-11,사우디아라비아,코크스  연탄 및 석유정제품 제조업,3
2024-11,사우디아라비아,펄프  종이 및 종이제품 제조업,3
2024-11,사우디아라비아,화학물질 및 화학제품 제조업; 의약품 제외,3
2024-11,사이프러스,도매 및 상품 중개업,2
2024-11,사이프러스,수상 운송업,2
2024-11,사이프러스,자동차 및 부품 판매업,2
2024-11,산 마리노,1차 금속 제조업,5
2024-11,산 마리노,고무 및 플라스틱제품 제조업,2
2024-11,세네갈,가구 제조업,4
2024-11,세네갈,도매 및 상품 중개업,4
2024-11,세르비아,고무 및 플라스틱제품 제조업,3
2024-11,세르비아,도매 및 상품 중개업,4
2024-11,세르비아,사업지원 서비스업,3
2024-11,세르비아,섬유제품 제조업; 의복제외,4
2024-11,세르비아,자동차 및 부품 판매업,3
2024-11,세르비아,자동차 및 트레일러 제조업,3
2024-11,세르비아,전기장비 제조업,3
2024-11,세르비아,전문직별 공사업,3
2024-11,세르비아,전자부품  컴퓨터  영상  음향 및 통신장비 제조업,3
2024-11,세르비아,컴퓨터 프로그래밍  시스템 통합 및 관리업,3
2024-11,세르비아,화학물질 및 화학제품 제조업; 의약품 제외,3
2024-11,세이셸,도매 및 상품 중개업,4
2024-11,세이셸,소매업; 자동차 제외,4
2024-11,세인트 빈센트 그레나딘,도매 및 상품 중개업,4
2024-11,수리남,금속 광업,5
2024-11,스리랑카,고무 및 플라스틱제품 제조업,5
2024-11,스리랑카,금속가공제품 제조업; 기계 및 가구 제외,4
2024-11,스리랑카,도매 및 상품 중개업,4
2024-11,스리랑카,비금속 광물제품 제조업,4
2024-11,스리랑카,섬유제품 제조업; 의복제외,4
2024-11,스리랑카,식료품 제조업,4
2024-11,스리랑카,의복  의복 액세서리 및 모피제품 제조업,4
2024-11,스리랑카,자동차 및 부품 판매업,4
2024-11,스리랑카,전기장비 제조업,4
2024-11,스리랑카,화학물질 및 화학제품 제조업; 의약품 제외,4
2024-11,스웨덴,1차 금속 제조업,2
2024-11,스웨덴,개인 및 소비용품 수리업,2
2024-11,스웨덴,건축기술  엔지니어링 및 기타 과학기술 서비스업,2
2024-11,스웨덴,고무 및 플라스틱제품 제조업,2
2024-11,스웨덴,금속가공제품 제조업; 기계 및 가구 제외,2
2024-11,스웨덴,기타 기계 및 장비 제조업,2
2024-11,스웨덴,도매 및 상품 중개업,2
2024-11,스웨덴,섬유제품 제조업; 의복제외,2
2024-11,스웨덴,소매업; 자동차 제외,2
2024-11,스웨덴,연구개발업,2
2024-11,스웨덴,자동차 및 부품 판매업,2
2024-11,스웨덴,자동차 및 트레일러 제조업,2
2024-11,스웨덴,전기장비 제조업,2
2024-11,스웨덴,전문 서비스업,2
2024-11,스웨덴,전자부품  컴퓨터  영상  음향 및 통신장비 제조업,2
2024-11,스웨덴,컴퓨터 프로그래밍  시스템 통합 및 관리업,2
2024-11,스웨덴,코크스  연탄 및 석유정제품 제조업,2
2024-11,스웨덴,펄프  종이 및 종이제품 제조업,2
2024-11,스웨덴,화학물질 및 화학제품 제조업; 의약품 제외,2
2024-11,스위스,1차 금속 제조업,1
2024-11,스위스,가죽  가방 및 신발 제조업,1
2024-11,스위스,고무 및 플라스틱제품 제조업,1
2024-11,스위스,금속가공제품 제조업; 기계 및 가구 제외,1
2024-11,스위스,금융 및 보험 관련 서비스업,1
2024-11,스위스,기타 기계 및 장비 제조업,1
2024-11,스위스,기타 운송장비 제조업,1
2024-11,스위스,기타 제품 제조업,1
2024-11,스위스,담배 제조업,1
2024-11,스위스,도매 및 상품 중개업,2
2024-11,스위스,비금속 광물제품 제조업,1
2024-11,스위스,사업지원 서비스업,1
2024-11,스위스,소매업; 자동차 제외,1
2024-11,스위스,수도업,1
2024-11,스위스,수상 운송업,1
2024-11,스위스,의료  정밀  광학기기 및 시계 제조업,1
2024-11,스위스,의료용 물질 및 의약품 제조업,1
2024-11,스위스,의복  의복 액세서리 및 모피제품 제조업,1
2024-11,스위스,자동차 및 부품 판매업,1
2024-11,스위스,전기장비 제조업,1
2024-11,스위스,전문 서비스업,1
2024-11,스위스,전문직별 공사업,1
2024-11,스위스,전자부품  컴퓨터  영상  음향 및 통신장비 제조업,1
2024-11,스위스,코크스  연탄 및 석유정제품 제조업,1
2024-11,스위스,화학물질 및 화학제품 제조업; 의약품 제외,1
2024-11,스페인,1차 금속 제조업,2
2024-11,스페인,개인 및 소비용품 수리업,2
2024-11,스페인,건축기술  엔지니어링 및 기타 과학기술 서비스업,2
2024-11,스페인,고무 및 플라스틱제품 제조업,2
2024-11,스페인,금속가공제품 제조업; 기계 및 가구 제외,2
2024-11,스페인,금융업,2
2024-11,스페인,기타 기계 및 장비 제조업,2
2024-11,스페인,기타 운송장비 제조업,5
2024-11,스페인,기타 제품 제조업,2
2024-11,스페인,도매 및 상품 중개업,2
2024-11,스페인,비금속 광물제품 제조업,2
2024-11,스페인,비금속광물 광업; 연료용 제외,2
2024-11,스페인,사업지원 서비스업,2
2024-11,스페인,산업용 기계 및 장비 수리업,2
2024-11,스페인,섬유제품 제조업; 의복제외,2
2024-11,스페인,소매업; 자동차 제외,2
2024-11,스페인,식료품 제조업,2
2024-11,스페인,우편 및 통신업,2
2024-11,스페인,의료  정밀  광학기기 및 시계 제조업,2
2024-11,스페인,의료용 물질 및 의약품 제조업,2
2024-11,스페인,인쇄 및 기록매체 복제업,2
2024-11,스페인,자동차 및 부품 판매업,2
2024-11,스페인,자동차 및 트레일러 제조업,3
2024-11,스페인,전기  가스  증기 및 공기조절 공급업,5
2024-11,스페인,전기장비 제조업,2
2024-11,스페인,전문 서비스업,2
2024-11,스페인,전문직별 공사업,2
2024-11,스페인,전자부품  컴퓨터  영상  음향 및 통신장비 제조업,2
2024-11,스페인,종합 건설업,2
2024-11,스페인,컴퓨터 프로그래밍  시스템 통합 및 관리업,2
2024-11,스페인,코크스  연탄 및 석유정제품 제조업,2
2024-11,스페인,펄프  종이 및 종이제품 제조업,2
2024-11,스페인,하수  폐수 및 분뇨 처리업,2
2024-11,스페인,화학물질 및 화학제품 제조업; 의약품 제외,2
2024-11,슬로바키아,고무 및 플라스틱제품 제조업,2
2024-11,슬로바키아,기타 기계 및 장비 제조업,2
2024-11,슬로바키아,도매 및 상품 중개업,2
2024-11,슬로바키아,목재 및 나무제품 제조업; 가구 제외,2
2024-11,슬로바키아,부동산업,2
2024-11,슬로바키아,비금속 광물제품 제조업,2
2024-11,슬로바키아,산업용 기계 및 장비 수리업,2
2024-11,슬로바키아,섬유제품 제조업; 의복제외,2
2024-11,슬로바키아,소매업; 자동차 제외,2
2024-11,슬로바키아,의료  정밀  광학기기 및 시계 제조업,2
2024-11,슬로바키아,의복  의복 액세서리 및 모피제품 제조업,2
2024-11,슬로바키아,인쇄 및 기록매체 복제업,2
2024-11,슬로바키아,자동차 및 부품 판매업,2
2024-11,슬로바키아,자동차 및 트레일러 제조업,2
2024-11,슬로바키아,전기장비 제조업,2
2024-11,슬로바키아,전문직별 공사업,2
2024-11,슬로바키아,전자부품  컴퓨터  영상  음향 및 통신장비 제조업,2
2024-11,슬로바키아,화학물질 및 화학제품 제조업; 의약품 제외,2
2024-11,슬로베니아,기타 기계 및 장비 제조업,2
2024-11,슬로베니아,기타 제품 제조업,2
2024-11,슬로베니아,도매 및 상품 중개업,2
2024-11,슬로베니아,섬유제품 제조업; 의복제외,2
2024-11,슬로베니아,소매업; 자동차 제외,2
2024-11,슬로베니아,자동차 및 부품 판매업,2
2024-11,슬로베니아,전기장비 제조업,2
2024-11,슬로베니아,전문직별 공사업,2
2024-11,슬로베니아,화학물질 및 화학제품 제조업; 의약품 제외,2
2024-11,시에라리온,도매 및 상품 중개업,5
2024-11,싱가포르,1차 금속 제조업,1
2024-11,싱가포르,가죽  가방 및 신발 제조업,2
2024-11,싱가포르,건축기술  엔지니어링 및 기타 과학기술 서비스업,1
2024-11,싱가포르,고무 및 플라스틱제품 제조업,1
2024-11,싱가포르,광업 지원 서비스업,1
2024-11,싱가포르,금속가공제품 제조업; 기계 및 가구 제외,1
2024-11,싱가포르,금융업,1
2024-11,싱가포르,기타 기계 및 장비 제조업,1
2024-11,싱가포르,기타 운송장비 제조업,1
2024-11,싱가포르,담배 제조업,1
2024-11,싱가포르,도매 및 상품 중개업,1
2024-11,싱가포르,비금속 광물제품 제조업,1
2024-11,싱가포르,사업지원 서비스업,2
2024-11,싱가포르,석탄  원유 및 천연가스 광업,1
2024-11,싱가포르,섬유제품 제조업; 의복제외,1
2024-11,싱가포르,소매업; 자동차 제외,1
2024-11,싱가포르,수상 운송업,1
2024-11,싱가포르,식료품 제조업,3
2024-11,싱가포르,음료 제조업,1
2024-11,싱가포르,의료  정밀  광학기기 및 시계 제조업,1
2024-11,싱가포르,인쇄 및 기록매체 복제업,1
2024-11,싱가포르,임대업; 부동산 제외,1
2024-11,싱가포르,자동차 및 부품 판매업,1
2024-11,싱가포르,자동차 및 트레일러 제조업,1
2024-11,싱가포르,전기장비 제조업,1
2024-11,싱가포르,전문 서비스업,1
2024-11,싱가포르,전문직별 공사업,1
2024-11,싱가포르,전자부품  컴퓨터  영상  음향 및 통신장비 제조업,1
2024-11,싱가포르,종합 건설업,1
2024-11,싱가포르,창고 및 운송관련 서비스업,1
2024-11,싱가포르,출판업,1
2024-11,싱가포르,코크스  연탄 및 석유정제품 제조업,1
2024-11,싱가포르,펄프  종이 및 종이제품 제조업,1
2024-11,싱가포르,화학물질 및 화학제품 제조업; 의약품 제외,1
2024-11,아랍에미리트 연합,1차 금속 제조업,5
2024-11,아랍에미리트 연합,가구 제조업,3
2024-11,아랍에미리트 연합,고무 및 플라스틱제품 제조업,3
2024-11,아랍에미리트 연합,광업 지원 서비스업,3
2024-11,아랍에미리트 연합,금속 광업,3
2024-11,아랍에미리트 연합,금속가공제품 제조업; 기계 및 가구 제외,3
2024-11,아랍에미리트 연합,기타 기계 및 장비 제조업,3
2024-11,아랍에미리트 연합,도매 및 상품 중개업,3
2024-11,아랍에미리트 연합,비금속 광물제품 제조업,3
2024-11,아랍에미리트 연합,소매업; 자동차 제외,3
2024-11,아랍에미리트 연합,수상 운송업,2
2024-11,아랍에미리트 연합,식료품 제조업,3
2024-11,아랍에미리트 연합,육상운송 및 파이프라인 운송업,3
2024-11,아랍에미리트 연합,인쇄 및 기록매체 복제업,2
2024-11,아랍에미리트 연합,자동차 및 부품 판매업,3
2024-11,아랍에미리트 연합,자동차 및 트레일러 제조업,3
2024-11,아랍에미리트 연합,전기  가스  증기 및 공기조절 공급업,4
2024-11,아랍에미리트 연합,전기장비 제조업,3
2024-11,아랍에미리트 연합,전문 서비스업,3
2024-11,아랍에미리트 연합,전문직별 공사업,3
2024-11,아랍에미리트 연합,종합 건설업,4
2024-11,아랍에미리트 연합,창고 및 운송관련 서비스업,3
2024-11,아랍에미리트 연합,출판업,3
2024-11,아랍에미리트 연합,코크스  연탄 및 석유정제품 제조업,3
2024-11,아랍에미리트 연합,펄프  종이 및 종이제품 제조업,4
2024-11,아랍에미리트 연합,항공 운송업,2
2024-11,아랍에미리트 연합,화학물질 및 화학제품 제조업; 의약품 제외,3
2024-11,아루바,자동차 및 부품 판매업,4
2024-11,아르메니아,1차 금속 제조업,5
2024-11,아르메니아,가구 제조업,5
2024-11,아르메니아,고무 및 플라스틱제품 제조업,5
2024-11,아르메니아,도매 및 상품 중개업,5
2024-11,아르메니아,펄프  종이 및 종이제품 제조업,5
2024-11,아르헨티나,1차 금속 제조업,4
2024-11,아르헨티나,가구 제조업,4
2024-11,아르헨티나,고무 및 플라스틱제품 제조업,4
2024-11,아르헨티나,기타 개인 서비스업,4
2024-11,아르헨티나,기타 기계 및 장비 제조업,4
2024-11,아르헨티나,도매 및 상품 중개업,4
2024-11,아르헨티나,비금속 광물제품 제조업,4
2024-11,아르헨티나,석탄  원유 및 천연가스 광업,5
2024-11,아르헨티나,섬유제품 제조업; 의복제외,4
2024-11,아르헨티나,소매업; 자동차 제외,4
2024-11,아르헨티나,우편 및 통신업,5
2024-11,아르헨티나,의료  정밀  광학기기 및 시계 제조업,4
2024-11,아르헨티나,의료용 물질 및 의약품 제조업,4
2024-11,아르헨티나,의복  의복 액세서리 및 모피제품 제조업,4
2024-11,아르헨티나,인쇄 및 기록매체 복제업,4
2024-11,아르헨티나,자동차 및 부품 판매업,4
2024-11,아르헨티나,자동차 및 트레일러 제조업,4
2024-11,아르헨티나,전기장비 제조업,4
2024-11,아르헨티나,전자부품  컴퓨터  영상  음향 및 통신장비 제조업,4
2024-11,아르헨티나,펄프  종이 및 종이제품 제조업,4
2024-11,아르헨티나,화학물질 및 화학제품 제조업; 의약품 제외,4
2024-11,아이슬란드,개인 및 소비용품 수리업,2
2024-11,아이슬란드,고무 및 플라스틱제품 제조업,2
2024-11,아이슬란드,기타 전문  과학 및 기술 서비스업,2
2024-11,아이슬란드,자동차 및 부품 판매업,2
2024-11,아이슬란드,전문직별 공사업,2
2024-11,아이티,자동차 및 부품 판매업,5
2024-11,아일랜드,고무 및 플라스틱제품 제조업,1
2024-11,아일랜드,금속가공제품 제조업; 기계 및 가구 제외,1
2024-11,아일랜드,금융업,1
2024-11,아일랜드,기타 개인 서비스업,1
2024-11,아일랜드,기타 제품 제조업,1
2024-11,아일랜드,농업,1
2024-11,아일랜드,도매 및 상품 중개업,1
2024-11,아일랜드,비금속 광물제품 제조업,1
2024-11,아일랜드,소매업; 자동차 제외,1
2024-11,아일랜드,식료품 제조업,1
2024-11,아일랜드,의료  정밀  광학기기 및 시계 제조업,1
2024-11,아일랜드,인쇄 및 기록매체 복제업,1
2024-11,아일랜드,자동차 및 부품 판매업,1
2024-11,아일랜드,자동차 및 트레일러 제조업,1
2024-11,아일랜드,전기장비 제조업,1
2024-11,아일랜드,전문직별 공사업,1
2024-11,아일랜드,전자부품  컴퓨터  영상  음향 및 통신장비 제조업,1
2024-11,아일랜드,컴퓨터 프로그래밍  시스템 통합 및 관리업,1
2024-11,아일랜드,코크스  연탄 및 석유정제품 제조업,1
2024-11,아일랜드,펄프  종이 및 종이제품 제조업,1
2024-11,아일랜드,화학물질 및 화학제품 제조업; 의약품 제외,1
2024-11,아제르바이잔,1차 금속 제조업,4
2024-11,아제르바이잔,가구 제조업,4
2024-11,아제르바이잔,개인 및 소비용품 수리업,4
2024-11,아제르바이잔,도매 및 상품 중개업,5
2024-11,아제르바이잔,부동산업,4
2024-11,아제르바이잔,비금속 광물제품 제조업,4
2024-11,아제르바이잔,소매업; 자동차 제외,4
2024-11,아제르바이잔,자동차 및 부품 판매업,4
2024-11,아제르바이잔,컴퓨터 프로그래밍  시스템 통합 및 관리업,4
2024-11,아제르바이잔,화학물질 및 화학제품 제조업; 의약품 제외,4
2024-11,안도라,개인 및 소비용품 수리업,3
2024-11,안도라,도매 및 상품 중개업,3
2024-11,알제리,가죽  가방 및 신발 제조업,4
2024-11,알제리,고무 및 플라스틱제품 제조업,5
2024-11,알제리,도매 및 상품 중개업,4
2024-11,알제리,비금속 광물제품 제조업,5
2024-11,알제리,의료용 물질 및 의약품 제조업,4
2024-11,알제리,의복  의복 액세서리 및 모피제품 제조업,5
2024-11,알제리,자동차 및 부품 판매업,4
2024-11,알제리,전기장비 제조업,5
2024-11,알제리,전문직별 공사업,4
2024-11,알제리,전자부품  컴퓨터  영상  음향 및 통신장비 제조업,4
2024-11,알제리,펄프  종이 및 종이제품 제조업,4
2024-11,알제리,화학물질 및 화학제품 제조업; 의약품 제외,4
2024-11,에스토니아,개인 및 소비용품 수리업,2
2024-11,에스토니아,금속가공제품 제조업; 기계 및 가구 제외,2
2024-11,에스토니아,기타 기계 및 장비 제조업,2
2024-11,에스토니아,도매 및 상품 중개업,2
2024-11,에스토니아,산업용 기계 및 장비 수리업,2
2024-11,에스토니아,섬유제품 제조업; 의복제외,2
2024-11,에스토니아,소매업; 자동차 제외,3
2024-11,에스토니아,임대업; 부동산 제외,2
2024-11,에스토니아,자동차 및 부품 판매업,2
2024-11,에스토니아,전기장비 제조업,2
2024-11,에스토니아,전자부품  컴퓨터  영상  음향 및 통신장비 제조업,2
2024-11,에스토니아,화학물질 및 화학제품 제조업; 의약품 제외,2
2024-11,에콰도르,가구 제조업,4
2024-11,에콰도르,금속가공제품 제조업; 기계 및 가구 제외,4
2024-11,에콰도르,도매 및 상품 중개업,4
2024-11,에콰도르,섬유제품 제조업; 의복제외,4
2024-11,에콰도르,소매업; 자동차 제외,4
2024-11,에콰도르,식료품 제조업,5
2024-11,에콰도르,어업,4
2024-11,에콰도르,의료용 물질 및 의약품 제조업,4
2024-11,에콰도르,자동차 및 부품 판매업,4
2024-11,에콰도르,자동차 및 트레일러 제조업,4
2024-11,에콰도르,전기장비 제조업,4
2024-11,에콰도르,펄프  종이 및 종이제품 제조업,4
2024-11,에콰도르,화학물질 및 화학제품 제조업; 의약품 제외,4
2024-11,에티오피아,도매 및 상품 중개업,5
2024-11,엘살바도르,1차 금속 제조업,4
2024-11,엘살바도르,고무 및 플라스틱제품 제조업,5
2024-11,엘살바도르,도매 및 상품 중개업,4
2024-11,엘살바도르,섬유제품 제조업; 의복제외,4
2024-11,엘살바도르,소매업; 자동차 제외,4
2024-11,엘살바도르,식료품 제조업,4
2024-11,엘살바도르,우편 및 통신업,4
2024-11,엘살바도르,자동차 및 부품 판매업,5
2024-11,엘살바도르,화학물질 및 화학제품 제조업; 의약품 제외,4
2024-11,영국,1차 금속 제조업,2
2024-11,영국,개인 및 소비용품 수리업,3
2024-11,영국,고무 및 플라스틱제품 제조업,2
2024-11,영국,금속가공제품 제조업; 기계 및 가구 제외,2
2024-11,영국,금융업,2
2024-11,영국,기타 개인 서비스업,2
2024-11,영국,기타 기계 및 장비 제조업,2
2024-11,영국,기타 운송장비 제조업,2
2024-11,영국,기타 전문  과학 및 기술 서비스업,2
2024-11,영국,기타 제품 제조업,2
2024-11,영국,도매 및 상품 중개업,2
2024-11,영국,비금속 광물제품 제조업,2
2024-11,영국,사업지원 서비스업,2
2024-11,영국,산업용 기계 및 장비 수리업,2
2024-11,영국,섬유제품 제조업; 의복제외,2
2024-11,영국,소매업; 자동차 제외,2
2024-11,영국,수상 운송업,2
2024-11,영국,스포츠 및 오락관련 서비스업,2
2024-11,영국,식료품 제조업,2
2024-11,영국,우편 및 통신업,2
2024-11,영국,음료 제조업,2
2024-11,영국,의료  정밀  광학기기 및 시계 제조업,2
2024-11,영국,의료용 물질 및 의약품 제조업,2
2024-11,영국,의복  의복 액세서리 및 모피제품 제조업,2
2024-11,영국,인쇄 및 기록매체 복제업,2
2024-11,영국,자동차 및 부품 판매업,2
2024-11,영국,자동차 및 트레일러 제조업,2
2024-11,영국,전기  가스  증기 및 공기조절 공급업,2
2024-11,영국,전기장비 제조업,2
2024-11,영국,전문 서비스업,3
2024-11,영국,전문직별 공사업,2
2024-11,영국,전자부품  컴퓨터  영상  음향 및 통신장비 제조업,2
2024-11,영국,종합 건설업,2
2024-11,영국,창고 및 운송관련 서비스업,2
2024-11,영국,출판업,2
2024-11,영국,컴퓨터 프로그래밍  시스템 통합 및 관리업,2
2024-11,영국,코크스  연탄 및 석유정제품 제조업,2
2024-11,영국,펄프  종이 및 종이제품 제조업,2
2024-11,영국,화학물질 및 화학제품 제조업; 의약품 제외,2
2024-11,영국령 버진군도,금융 및 보험 관련 서비스업,4
2024-11,영국령 버진군도,금융업,4
2024-11,오만,1차 금속 제조업,3
2024-11,오만,가구 제조업,5
2024-11,오만,건축기술  엔지니어링 및 기타 과학기술 서비스업,3
2024-11,오만,고무 및 플라스틱제품 제조업,3
2024-11,오만,도매 및 상품 중개업,3
2024-11,오만,식료품 제조업,3
2024-11,오만,자동차 및 부품 판매업,3
2024-11,오만,종합 건설업,3
2024-11,오만,컴퓨터 프로그래밍  시스템 통합 및 관리업,4
2024-11,오만,화학물질 및 화학제품 제조업; 의약품 제외,3
2024-11,오스트리아,가구 제조업,1
2024-11,오스트리아,고무 및 플라스틱제품 제조업,1
2024-11,오스트리아,기타 기계 및 장비 제조업,1
2024-11,오스트리아,도매 및 상품 중개업,1
2024-11,오스트리아,비금속 광물제품 제조업,1
2024-11,오스트리아,산업용 기계 및 장비 수리업,1
2024-11,오스트리아,섬유제품 제조업; 의복제외,1
2024-11,오스트리아,식료품 제조업,1
2024-11,오스트리아,음료 제조업,1
2024-11,오스트리아,의료  정밀  광학기기 및 시계 제조업,1
2024-11,오스트리아,자동차 및 부품 판매업,1
2024-11,오스트리아,자동차 및 트레일러 제조업,2
2024-11,오스트리아,전기장비 제조업,2
2024-11,오스트리아,전문직별 공사업,1
2024-11,오스트리아,펄프  종이 및 종이제품 제조업,1
2024-11,온두라스,건축기술  엔지니어링 및 기타 과학기술 서비스업,4
2024-11,온두라스,고무 및 플라스틱제품 제조업,4
2024-11,온두라스,금속가공제품 제조업; 기계 및 가구 제외,4
2024-11,온두라스,농업,4
2024-11,온두라스,도매 및 상품 중개업,4
2024-11,온두라스,섬유제품 제조업; 의복제외,4
2024-11,온두라스,소매업; 자동차 제외,4
2024-11,온두라스,식료품 제조업,4
2024-11,온두라스,자동차 및 부품 판매업,5
2024-11,온두라스,화학물질 및 화학제품 제조업; 의약품 제외,5
2024-11,요르단,가구 제조업,3
2024-11,요르단,고무 및 플라스틱제품 제조업,3
2024-11,요르단,금속가공제품 제조업; 기계 및 가구 제외,3
2024-11,요르단,금융업,3
2024-11,요르단,기타 기계 및 장비 제조업,3
2024-11,요르단,농업,4
2024-11,요르단,도매 및 상품 중개업,4
2024-11,요르단,비금속 광물제품 제조업,4
2024-11,요르단,식료품 제조업,3
2024-11,요르단,의료용 물질 및 의약품 제조업,3
2024-11,요르단,자동차 및 부품 판매업,3
2024-11,요르단,전기장비 제조업,3
2024-11,요르단,펄프  종이 및 종이제품 제조업,5
2024-11,요르단,협회 및 단체,3
2024-11,요르단,화학물질 및 화학제품 제조업; 의약품 제외,3
2024-11,우간다,1차 금속 제조업,5
2024-11,우간다,가구 제조업,5
2024-11,우간다,금속가공제품 제조업; 기계 및 가구 제외,5
2024-11,우간다,도매 및 상품 중개업,5
2024-11,우루과이,도매 및 상품 중개업,4
2024-11,우루과이,의료용 물질 및 의약품 제조업,4
2024-11,우루과이,자동차 및 부품 판매업,4
2024-11,우루과이,자동차 및 트레일러 제조업,4
2024-11,우루과이,전문직별 공사업,4
2024-11,우루과이,컴퓨터 프로그래밍  시스템 통합 및 관리업,4
2024-11,우루과이,펄프  종이 및 종이제품 제조업,4
2024-11,우루과이,화학물질 및 화학제품 제조업; 의약품 제외,4
2024-11,우즈베키스탄,1차 금속 제조업,4
2024-11,우즈베키스탄,고무 및 플라스틱제품 제조업,5
2024-11,우즈베키스탄,도매 및 상품 중개업,4
2024-11,우즈베키스탄,소매업; 자동차 제외,4
2024-11,우즈베키스탄,음식점 및 주점업,4
2024-11,우즈베키스탄,의료용 물질 및 의약품 제조업,5
2024-11,우즈베키스탄,자동차 및 부품 판매업,4
2024-11,우즈베키스탄,자동차 및 트레일러 제조업,5
2024-11,우즈베키스탄,전기장비 제조업,4
2024-11,우즈베키스탄,펄프  종이 및 종이제품 제조업,4
2024-11,우크라이나,고무 및 플라스틱제품 제조업,4
2024-11,우크라이나,도매 및 상품 중개업,5
2024-11,우크라이나,산업용 기계 및 장비 수리업,5
2024-11,우크라이나,소매업; 자동차 제외,5
2024-11,우크라이나,자동차 및 부품 판매업,4
2024-11,우크라이나,전기장비 제조업,4
2024-11,우크라이나,화학물질 및 화학제품 제조업; 의약품 제외,5
2024-11,이라크,도매 및 상품 중개업,5
2024-11,이라크,자동차 및 부품 판매업,5
2024-11,이스라엘,고무 및 플라스틱제품 제조업,3
2024-11,이스라엘,금속가공제품 제조업; 기계 및 가구 제외,3
2024-11,이스라엘,금융업,3
2024-11,이스라엘,기타 기계 및 장비 제조업,3
2024-11,이스라엘,도매 및 상품 중개업,3
2024-11,이스라엘,비금속 광물제품 제조업,3
2024-11,이스라엘,산업용 기계 및 장비 수리업,3
2024-11,이스라엘,섬유제품 제조업; 의복제외,3
2024-11,이스라엘,소매업; 자동차 제외,3
2024-11,이스라엘,식료품 제조업,3
2024-11,이스라엘,우편 및 통신업,3
2024-11,이스라엘,의료  정밀  광학기기 및 시계 제조업,3
2024-11,이스라엘,의료용 물질 및 의약품 제조업,3
2024-11,이스라엘,의복  의복 액세서리 및 모피제품 제조업,3
2024-11,이스라엘,자동차 및 부품 판매업,3
2024-11,이스라엘,전기장비 제조업,3
2024-11,이스라엘,전문직별 공사업,3
2024-11,이스라엘,전자부품  컴퓨터  영상  음향 및 통신장비 제조업,3
2024-11,이스라엘,컴퓨터 프로그래밍  시스템 통합 및 관리업,3
2024-11,이스라엘,펄프  종이 및 종이제품 제조업,3
2024-11,이스라엘,화학물질 및 화학제품 제조업; 의약품 제외,3
2024-11,이집트,1차 금속 제조업,5
2024-11,이집트,가구 제조업,5
2024-11,이집트,고무 및 플라스틱제품 제조업,4
2024-11,이집트,금속가공제품 제조업; 기계 및 가구 제외,5
2024-11,이집트,기타 기계 및 장비 제조업,4
2024-11,이집트,도매 및 상품 중개업,5
2024-11,이집트,부동산업,4
2024-11,이집트,비금속 광물제품 제조업,4
2024-11,이집트,사업지원 서비스업,4
2024-11,이집트,섬유제품 제조업; 의복제외,4
2024-11,이집트,소매업; 자동차 제외,4
2024-11,이집트,식료품 제조업,4
2024-11,이집트,우편 및 통신업,4
2024-11,이집트,의료  정밀  광학기기 및 시계 제조업,4
2024-11,이집트,의료용 물질 및 의약품 제조업,4
2024-11,이집트,의복  의복 액세서리 및 모피제품 제조업,4
2024-11,이집트,자동차 및 부품 판매업,5
2024-11,이집트,자동차 및 트레일러 제조업,4
2024-11,이집트,전기장비 제조업,5
2024-11,이집트,전문직별 공사업,4
2024-11,이집트,전자부품  컴퓨터  영상  음향 및 통신장비 제조업,4
2024-11,이집트,창고 및 운송관련 서비스업,4
2024-11,이집트,출판업,4
2024-11,이집트,코크스  연탄 및 석유정제품 제조업,4
2024-11,이집트,펄프  종이 및 종이제품 제조업,5
2024-11,이집트,화학물질 및 화학제품 제조업; 의약품 제외,5
2024-11,이탈리아,1차 금속 제조업,2
2024-11,이탈리아,가구 제조업,2
2024-11,이탈리아,가죽  가방 및 신발 제조업,2
2024-11,이탈리아,개인 및 소비용품 수리업,2
2024-11,이탈리아,고무 및 플라스틱제품 제조업,2
2024-11,이탈리아,금속가공제품 제조업; 기계 및 가구 제외,2
2024-11,이탈리아,금융업,2
2024-11,이탈리아,기타 기계 및 장비 제조업,2
2024-11,이탈리아,기타 운송장비 제조업,3
2024-11,이탈리아,기타 제품 제조업,3
2024-11,이탈리아,농업,2
2024-11,이탈리아,도매 및 상품 중개업,2
2024-11,이탈리아,비금속 광물제품 제조업,2
2024-11,이탈리아,산업용 기계 및 장비 수리업,2
2024-11,이탈리아,섬유제품 제조업; 의복제외,2
2024-11,이탈리아,소매업; 자동차 제외,3
2024-11,이탈리아,수상 운송업,2
2024-11,이탈리아,식료품 제조업,3
2024-11,이탈리아,우편 및 통신업,2
2024-11,이탈리아,음료 제조업,2
2024-11,이탈리아,의료  정밀  광학기기 및 시계 제조업,2
2024-11,이탈리아,의료용 물질 및 의약품 제조업,2
2024-11,이탈리아,의복  의복 액세서리 및 모피제품 제조업,2
2024-11,이탈리아,인쇄 및 기록매체 복제업,2
2024-11,이탈리아,임대업; 부동산 제외,3
2024-11,이탈리아,자동차 및 부품 판매업,2
2024-11,이탈리아,자동차 및 트레일러 제조업,2
2024-11,이탈리아,전기장비 제조업,2
2024-11,이탈리아,전문 서비스업,2
2024-11,이탈리아,전문직별 공사업,2
2024-11,이탈리아,전자부품  컴퓨터  영상  음향 및 통신장비 제조업,2
2024-11,이탈리아,종합 건설업,2
2024-11,이탈리아,창고 및 운송관련 서비스업,2
2024-11,이탈리아,출판업,2
2024-11,이탈리아,컴퓨터 프로그래밍  시스템 통합 및 관리업,2
2024-11,이탈리아,코크스  연탄 및 석유정제품 제조업,2
2024-11,이탈리아,펄프  종이 및 종이제품 제조업,2
2024-11,이탈리아,화학물질 및 화학제품 제조업; 의약품 제외,2
2024-11,인도,1차 금속 제조업,4
2024-11,인도,가구 제조업,4
2024-11,인도,가죽  가방 및 신발 제조업,4
2024-11,인도,개인 및 소비용품 수리업,4
2024-11,인도,건축기술  엔지니어링 및 기타 과학기술 서비스업,4
2024-11,인도,고무 및 플라스틱제품 제조업,4
2024-11,인도,교육 서비스업,4
2024-11,인도,금속 광업,4
2024-11,인도,금속가공제품 제조업; 기계 및 가구 제외,4
2024-11,인도,금융 및 보험 관련 서비스업,4
2024-11,인도,기타 기계 및 장비 제조업,4
2024-11,인도,기타 운송장비 제조업,4
2024-11,인도,기타 제품 제조업,4
2024-11,인도,농업,4
2024-11,인도,담배 제조업,4
2024-11,인도,도매 및 상품 중개업,4
2024-11,인도,방송업,4
2024-11,인도,보건업,4
2024-11,인도,부동산업,4
2024-11,인도,비금속 광물제품 제조업,4
2024-11,인도,섬유제품 제조업; 의복제외,4
2024-11,인도,소매업; 자동차 제외,4
2024-11,인도,수상 운송업,4
2024-11,인도,숙박업,4
2024-11,인도,식료품 제조업,4
2024-11,인도,우편 및 통신업,4
2024-11,인도,음료 제조업,4
2024-11,인도,의료  정밀  광학기기 및 시계 제조업,4
2024-11,인도,의료용 물질 및 의약품 제조업,4
2024-11,인도,의복  의복 액세서리 및 모피제품 제조업,4
2024-11,인도,인쇄 및 기록매체 복제업,4
2024-11,인도,자동차 및 부품 판매업,4
2024-11,인도,자동차 및 트레일러 제조업,4
2024-11,인도,전기장비 제조업,4
2024-11,인도,전문직별 공사업,4
2024-11,인도,전자부품  컴퓨터  영상  음향 및 통신장비 제조업,4
2024-11,인도,종합 건설업,4
2024-11,인도,창고 및 운송관련 서비스업,4
2024-11,인도,출판업,4
2024-11,인도,컴퓨터 프로그래밍  시스템 통합 및 관리업,4
2024-11,인도,코크스  연탄 및 석유정제품 제조업,4
2024-11,인도,펄프  종이 및 종이제품 제조업,4
2024-11,인도,화학물질 및 화학제품 제조업; 의약품 제외,4
2024-11,인도네시아,1차 금속 제조업,4
2024-11,인도네시아,가죽  가방 및 신발 제조업,3
2024-11,인도네시아,건축기술  엔지니어링 및 기타 과학기술 서비스업,3
2024-11,인도네시아,고무 및 플라스틱제품 제조업,4
2024-11,인도네시아,금속 광업,4
2024-11,인도네시아,금속가공제품 제조업; 기계 및 가구 제외,3
2024-11,인도네시아,기타 기계 및 장비 제조업,3
2024-11,인도네시아,담배 제조업,3
2024-11,인도네시아,도매 및 상품 중개업,3
2024-11,인도네시아,비금속 광물제품 제조업,3
2024-11,인도네시아,사업시설 관리 및 조경 서비스업,3
2024-11,인도네시아,석탄  원유 및 천연가스 광업,3
2024-11,인도네시아,섬유제품 제조업; 의복제외,3
2024-11,인도네시아,소매업; 자동차 제외,3
2024-11,인도네시아,식료품 제조업,3
2024-11,인도네시아,음료 제조업,3
2024-11,인도네시아,의료용 물질 및 의약품 제조업,3
2024-11,인도네시아,의복  의복 액세서리 및 모피제품 제조업,4
2024-11,인도네시아,인쇄 및 기록매체 복제업,4
2024-11,인도네시아,임대업; 부동산 제외,3
2024-11,인도네시아,자동차 및 부품 판매업,3
2024-11,인도네시아,자동차 및 트레일러 제조업,3
2024-11,인도네시아,전기장비 제조업,3
2024-11,인도네시아,전문직별 공사업,4
2024-11,인도네시아,전자부품  컴퓨터  영상  음향 및 통신장비 제조업,3
2024-11,인도네시아,종합 건설업,4
2024-11,인도네시아,창고 및 운송관련 서비스업,3
2024-11,인도네시아,펄프  종이 및 종이제품 제조업,3
2024-11,인도네시아,화학물질 및 화학제품 제조업; 의약품 제외,4
2024-11,일본,1차 금속 제조업,2
2024-11,일본,가죽  가방 및 신발 제조업,2
2024-11,일본,개인 및 소비용품 수리업,2
2024-11,일본,건축기술  엔지니어링 및 기타 과학기술 서비스업,2
2024-11,일본,고무 및 플라스틱제품 제조업,2
2024-11,일본,금속가공제품 제조업; 기계 및 가구 제외,2
2024-11,일본,금융업,2
2024-11,일본,기타 개인 서비스업,2
2024-11,일본,기타 기계 및 장비 제조업,2
2024-11,일본,기타 운송장비 제조업,2
2024-11,일본,기타 제품 제조업,2
2024-11,일본,농업,2
2024-11,일본,도매 및 상품 중개업,2
2024-11,일본,부동산업,2
2024-11,일본,비금속 광물제품 제조업,2
2024-11,일본,사업지원 서비스업,2
2024-11,일본,섬유제품 제조업; 의복제외,2
2024-11,일본,소매업; 자동차 제외,2
2024-11,일본,수상 운송업,2
2024-11,일본,식료품 제조업,2
2024-11,일본,우편 및 통신업,2
2024-11,일본,육상운송 및 파이프라인 운송업,2
2024-11,일본,음료 제조업,2
2024-11,일본,의료  정밀  광학기기 및 시계 제조업,2
2024-11,일본,의료용 물질 및 의약품 제조업,2
2024-11,일본,의복  의복 액세서리 및 모피제품 제조업,2
2024-11,일본,인쇄 및 기록매체 복제업,2
2024-11,일본,자동차 및 부품 판매업,2
2024-11,일본,자동차 및 트레일러 제조업,2
2024-11,일본,전기  가스  증기 및 공기조절 공급업,2
2024-11,일본,전기장비 제조업,2
2024-11,일본,전문 서비스업,2
2024-11,일본,전문직별 공사업,2
2024-11,일본,전자부품  컴퓨터  영상  음향 및 통신장비 제조업,2
2024-11,일본,종합 건설업,2
2024-11,일본,창고 및 운송관련 서비스업,2
2024-11,일본,출판업,2
2024-11,일본,코크스  연탄 및 석유정제품 제조업,2
2024-11,일본,펄프  종이 및 종이제품 제조업,2
2024-11,일본,협회 및 단체,2
2024-11,일본,화학물질 및 화학제품 제조업; 의약품 제외,2
2024-11,자메이카,도매 및 상품 중개업,5
2024-11,자메이카,소매업; 자동차 제외,4
2024-11,자메이카,자동차 및 부품 판매업,4
2024-11,조지아,고무 및 플라스틱제품 제조업,4
2024-11,조지아,도매 및 상품 중개업,4
2024-11,조지아,소매업; 자동차 제외,4
2024-11,조지아,자동차 및 부품 판매업,4
2024-11,조지아,전문직별 공사업,4
2024-11,조지아,출판업,4
2024-11,중국,1차 금속 제조업,4
2024-11,중국,가구 제조업,4
2024-11,중국,가죽  가방 및 신발 제조업,4
2024-11,중국,개인 및 소비용품 수리업,4
2024-11,중국,건축기술  엔지니어링 및 기타 과학기술 서비스업,4
2024-11,중국,고무 및 플라스틱제품 제조업,4
2024-11,중국,공공행정  국방 및 사회보장 행정,4
2024-11,중국,교육 서비스업,4
2024-11,중국,금속가공제품 제조업; 기계 및 가구 제외,4
2024-11,중국,금융업,4
2024-11,중국,기타 기계 및 장비 제조업,4
2024-11,중국,기타 운송장비 제조업,4
2024-11,중국,기타 전문  과학 및 기술 서비스업,4
2024-11,중국,기타 제품 제조업,4
2024-11,중국,담배 제조업,4
2024-11,중국,도매 및 상품 중개업,4
2024-11,중국,보건업,4
2024-11,중국,부동산업,4
2024-11,중국,비금속 광물제품 제조업,4
2024-11,중국,사업시설 관리 및 조경 서비스업,4
2024-11,중국,산업용 기계 및 장비 수리업,4
2024-11,중국,석탄  원유 및 천연가스 광업,4
2024-11,중국,섬유제품 제조업; 의복제외,4
2024-11,중국,소매업; 자동차 제외,4
2024-11,중국,수상 운송업,4
2024-11,중국,숙박업,4
2024-11,중국,스포츠 및 오락관련 서비스업,4
2024-11,중국,식료품 제조업,4
2024-11,중국,연구개발업,4
2024-11,중국,영상ㆍ오디오 기록물 제작 및 배급업,4
2024-11,중국,우편 및 통신업,4
2024-11,중국,육상운송 및 파이프라인 운송업,4
2024-11,중국,음료 제조업,4
2024-11,중국,음식점 및 주점업,4
2024-11,중국,의료  정밀  광학기기 및 시계 제조업,4
2024-11,중국,의료용 물질 및 의약품 제조업,4
2024-11,중국,의복  의복 액세서리 및 모피제품 제조업,4
2024-11,중국,인쇄 및 기록매체 복제업,4
2024-11,중국,임대업; 부동산 제외,4
2024-11,중국,자동차 및 부품 판매업,4
2024-11,중국,자동차 및 트레일러 제조업,4
2024-11,중국,전기  가스  증기 및 공기조절 공급업,4
2024-11,중국,전기장비 제조업,4
2024-11,중국,전문 서비스업,4
2024-11,중국,전문직별 공사업,4
2024-11,중국,전자부품  컴퓨터  영상  음향 및 통신장비 제조업,4
2024-11,중국,정보서비스업,4
2024-11,중국,종합 건설업,4
2024-11,중국,창고 및 운송관련 서비스업,4
2024-11,중국,출판업,4
2024-11,중국,컴퓨터 프로그래밍  시스템 통합 및 관리업,4
2024-11,중국,코크스  연탄 및 석유정제품 제조업,4
2024-11,중국,펄프  종이 및 종이제품 제조업,4
2024-11,중국,항공 운송업,4
2024-11,중국,화학물질 및 화학제품 제조업; 의약품 제외,4
2024-11,지부티,도매 및 상품 중개업,5
2024-11,지부티,자동차 및 부품 판매업,5
2024-11,체코,1차 금속 제조업,2
2024-11,체코,고무 및 플라스틱제품 제조업,2
2024-11,체코,금속가공제품 제조업; 기계 및 가구 제외,2
2024-11,체코,기타 기계 및 장비 제조업,2
2024-11,체코,도매 및 상품 중개업,2
2024-11,체코,비금속 광물제품 제조업,2
2024-11,체코,비금속광물 광업; 연료용 제외,2
2024-11,체코,섬유제품 제조업; 의복제외,2
2024-11,체코,소매업; 자동차 제외,2
2024-11,체코,식료품 제조업,2
2024-11,체코,의료용 물질 및 의약품 제조업,2
2024-11,체코,의복  의복 액세서리 및 모피제품 제조업,2
2024-11,체코,인쇄 및 기록매체 복제업,2
2024-11,체코,자동차 및 부품 판매업,2
2024-11,체코,자동차 및 트레일러 제조업,2
2024-11,체코,전기장비 제조업,2
2024-11,체코,전문 서비스업,2
2024-11,체코,전자부품  컴퓨터  영상  음향 및 통신장비 제조업,2
2024-11,체코,화학물질 및 화학제품 제조업; 의약품 제외,2
2024-11,칠레,1차 금속 제조업,5
2024-11,칠레,가구 제조업,3
2024-11,칠레,개인 및 소비용품 수리업,3
2024-11,칠레,고무 및 플라스틱제품 제조업,4
2024-11,칠레,금속 광업,5
2024-11,칠레,금속가공제품 제조업; 기계 및 가구 제외,3
2024-11,칠레,기타 기계 및 장비 제조업,3
2024-11,칠레,농업,3
2024-11,칠레,도매 및 상품 중개업,4
2024-11,칠레,비금속 광물제품 제조업,3
2024-11,칠레,사업지원 서비스업,3
2024-11,칠레,섬유제품 제조업; 의복제외,3
2024-11,칠레,소매업; 자동차 제외,3
2024-11,칠레,식료품 제조업,3
2024-11,칠레,의료  정밀  광학기기 및 시계 제조업,3
2024-11,칠레,자동차 및 부품 판매업,4
2024-11,칠레,전기장비 제조업,3
2024-11,칠레,전문직별 공사업,5
2024-11,칠레,컴퓨터 프로그래밍  시스템 통합 및 관리업,3
2024-11,칠레,펄프  종이 및 종이제품 제조업,4
2024-11,칠레,화학물질 및 화학제품 제조업; 의약품 제외,3
2024-11,카메룬,금융업,5
2024-11,카보베르데,도매 및 상품 중개업,5
2024-11,카자흐스탄,고무 및 플라스틱제품 제조업,4
2024-11,카자흐스탄,금속 광업,5
2024-11,카자흐스탄,금속가공제품 제조업; 기계 및 가구 제외,5
2024-11,카자흐스탄,기타 기계 및 장비 제조업,4
2024-11,카자흐스탄,도매 및 상품 중개업,4
2024-11,카자흐스탄,비금속 광물제품 제조업,4
2024-11,카자흐스탄,소매업; 자동차 제외,4
2024-11,카자흐스탄,음료 제조업,4
2024-11,카자흐스탄,자동차 및 부품 판매업,4
2024-11,카자흐스탄,자동차 및 트레일러 제조업,4
2024-11,카자흐스탄,전자부품  컴퓨터  영상  음향 및 통신장비 제조업,4
2024-11,카자흐스탄,컴퓨터 프로그래밍  시스템 통합 및 관리업,4
2024-11,카타르,건축기술  엔지니어링 및 기타 과학기술 서비스업,2
2024-11,카타르,고무 및 플라스틱제품 제조업,2
2024-11,카타르,도매 및 상품 중개업,2
2024-11,카타르,석탄  원유 및 천연가스 광업,2
2024-11,카타르,소매업; 자동차 제외,2
2024-11,카타르,수상 운송업,2
2024-11,카타르,임대업; 부동산 제외,2
2024-11,카타르,자동차 및 부품 판매업,2
2024-11,카타르,전기장비 제조업,2
2024-11,카타르,전자부품  컴퓨터  영상  음향 및 통신장비 제조업,2
2024-11,카타르,종합 건설업,5
2024-11,카타르,화학물질 및 화학제품 제조업; 의약품 제외,2
2024-11,캄보디아,고무 및 플라스틱제품 제조업,5
2024-11,캄보디아,도매 및 상품 중개업,5
2024-11,캄보디아,소매업; 자동차 제외,5
2024-11,캄보디아,식료품 제조업,5
2024-11,캄보디아,의료용 물질 및 의약품 제조업,5
2024-11,캄보디아,자동차 및 트레일러 제조업,5
2024-11,캄보디아,전기장비 제조업,5
2024-11,캄보디아,전문직별 공사업,5
2024-11,캐나다,1차 금속 제조업,2
2024-11,캐나다,개인 및 소비용품 수리업,2
2024-11,캐나다,건축기술  엔지니어링 및 기타 과학기술 서비스업,2
2024-11,캐나다,고무 및 플라스틱제품 제조업,2
2024-11,캐나다,금속가공제품 제조업; 기계 및 가구 제외,2
2024-11,캐나다,금융업,2
2024-11,캐나다,기타 기계 및 장비 제조업,2
2024-11,캐나다,기타 운송장비 제조업,2
2024-11,캐나다,기타 제품 제조업,2
2024-11,캐나다,도매 및 상품 중개업,2
2024-11,캐나다,목재 및 나무제품 제조업; 가구 제외,2
2024-11,캐나다,보건업,2
2024-11,캐나다,비금속 광물제품 제조업,4
2024-11,캐나다,사업지원 서비스업,2
2024-11,캐나다,산업용 기계 및 장비 수리업,2
2024-11,캐나다,섬유제품 제조업; 의복제외,2
2024-11,캐나다,소매업; 자동차 제외,2
2024-11,캐나다,수상 운송업,2
2024-11,캐나다,식료품 제조업,2
2024-11,캐나다,연구개발업,2
2024-11,캐나다,우편 및 통신업,2
2024-11,캐나다,육상운송 및 파이프라인 운송업,5
2024-11,캐나다,의료  정밀  광학기기 및 시계 제조업,2
2024-11,캐나다,의료용 물질 및 의약품 제조업,2
2024-11,캐나다,의복  의복 액세서리 및 모피제품 제조업,2
2024-11,캐나다,인쇄 및 기록매체 복제업,2
2024-11,캐나다,자동차 및 부품 판매업,2
2024-11,캐나다,자동차 및 트레일러 제조업,2
2024-11,캐나다,전기  가스  증기 및 공기조절 공급업,2
2024-11,캐나다,전기장비 제조업,2
2024-11,캐나다,전문 서비스업,2
2024-11,캐나다,전문직별 공사업,2
2024-11,캐나다,전자부품  컴퓨터  영상  음향 및 통신장비 제조업,2
2024-11,캐나다,정보서비스업,2
2024-11,캐나다,종합 건설업,2
2024-11,캐나다,출판업,2
2024-11,캐나다,코크스  연탄 및 석유정제품 제조업,2
2024-11,캐나다,펄프  종이 및 종이제품 제조업,2
2024-11,캐나다,화학물질 및 화학제품 제조업; 의약품 제외,2
2024-11,케냐,1차 금속 제조업,4
2024-11,케냐,가구 제조업,5
2024-11,케냐,가죽  가방 및 신발 제조업,4
2024-11,케냐,고무 및 플라스틱제품 제조업,5
2024-11,케냐,기타 기계 및 장비 제조업,4
2024-11,케냐,도매 및 상품 중개업,4
2024-11,케냐,사업지원 서비스업,4
2024-11,케냐,섬유제품 제조업; 의복제외,5
2024-11,케냐,소매업; 자동차 제외,4
2024-11,케냐,식료품 제조업,4
2024-11,케냐,우편 및 통신업,4
2024-11,케냐,의복  의복 액세서리 및 모피제품 제조업,4
2024-11,케냐,전기장비 제조업,4
2024-11,케냐,출판업,4
2024-11,케냐,화학물질 및 화학제품 제조업; 의약품 제외,5
2024-11,코스타리카,고무 및 플라스틱제품 제조업,4
2024-11,코스타리카,금속가공제품 제조업; 기계 및 가구 제외,4
2024-11,코스타리카,기타 기계 및 장비 제조업,4
2024-11,코스타리카,도매 및 상품 중개업,4
2024-11,코스타리카,소매업; 자동차 제외,4
2024-11,코스타리카,자동차 및 부품 판매업,4
2024-11,코스타리카,전기장비 제조업,4
2024-11,코스타리카,컴퓨터 프로그래밍  시스템 통합 및 관리업,4
2024-11,코스타리카,화학물질 및 화학제품 제조업; 의약품 제외,4
2024-11,코트디부아르,고무 및 플라스틱제품 제조업,4
2024-11,코트디부아르,금속 광업,4
2024-11,코트디부아르,금속가공제품 제조업; 기계 및 가구 제외,4
2024-11,코트디부아르,도매 및 상품 중개업,4
2024-11,코트디부아르,식료품 제조업,4
2024-11,코트디부아르,화학물질 및 화학제품 제조업; 의약품 제외,4
2024-11,콜롬비아,1차 금속 제조업,5
2024-11,콜롬비아,가구 제조업,4
2024-11,콜롬비아,개인 및 소비용품 수리업,4
2024-11,콜롬비아,건축기술  엔지니어링 및 기타 과학기술 서비스업,4
2024-11,콜롬비아,고무 및 플라스틱제품 제조업,4
2024-11,콜롬비아,금속 광업,4
2024-11,콜롬비아,금속가공제품 제조업; 기계 및 가구 제외,4
2024-11,콜롬비아,기타 기계 및 장비 제조업,4
2024-11,콜롬비아,기타 운송장비 제조업,4
2024-11,콜롬비아,기타 제품 제조업,4
2024-11,콜롬비아,농업,4
2024-11,콜롬비아,도매 및 상품 중개업,4
2024-11,콜롬비아,비금속 광물제품 제조업,4
2024-11,콜롬비아,산업용 기계 및 장비 수리업,5
2024-11,콜롬비아,섬유제품 제조업; 의복제외,4
2024-11,콜롬비아,소매업; 자동차 제외,4
2024-11,콜롬비아,식료품 제조업,4
2024-11,콜롬비아,육상운송 및 파이프라인 운송업,4
2024-11,콜롬비아,의료용 물질 및 의약품 제조업,4
2024-11,콜롬비아,의복  의복 액세서리 및 모피제품 제조업,4
2024-11,콜롬비아,인쇄 및 기록매체 복제업,4
2024-11,콜롬비아,자동차 및 부품 판매업,4
2024-11,콜롬비아,자동차 및 트레일러 제조업,4
2024-11,콜롬비아,전기장비 제조업,4
2024-11,콜롬비아,종합 건설업,5
2024-11,콜롬비아,출판업,4
2024-11,콜롬비아,펄프  종이 및 종이제품 제조업,4
2024-11,콜롬비아,화학물질 및 화학제품 제조업; 의약품 제외,4
2024-11,콩고,도매 및 상품 중개업,5
2024-11,콩고민주공화국,도매 및 상품 중개업,5
2024-11,콩고민주공화국,소매업; 자동차 제외,5
2024-11,쿠웨이트,가구 제조업,3
2024-11,쿠웨이트,금속가공제품 제조업; 기계 및 가구 제외,3
2024-11,쿠웨이트,기타 기계 및 장비 제조업,3
2024-11,쿠웨이트,도매 및 상품 중개업,3
2024-11,쿠웨이트,사업지원 서비스업,3
2024-11,쿠웨이트,소매업; 자동차 제외,3
2024-11,쿠웨이트,수도업,3
2024-11,쿠웨이트,자동차 및 부품 판매업,3
2024-11,쿠웨이트,자동차 및 트레일러 제조업,3
2024-11,쿠웨이트,전기장비 제조업,3
2024-11,쿠웨이트,창고 및 운송관련 서비스업,3
2024-11,쿠웨이트,출판업,3
2024-11,쿠웨이트,펄프  종이 및 종이제품 제조업,4
2024-11,쿠웨이트,화학물질 및 화학제품 제조업; 의약품 제외,3
2024-11,크로아티아,개인 및 소비용품 수리업,3
2024-11,크로아티아,고무 및 플라스틱제품 제조업,3
2024-11,크로아티아,금속가공제품 제조업; 기계 및 가구 제외,3
2024-11,크로아티아,도매 및 상품 중개업,3
2024-11,크로아티아,섬유제품 제조업; 의복제외,3
2024-11,크로아티아,자동차 및 부품 판매업,3
2024-11,크로아티아,전기장비 제조업,3
2024-11,크로아티아,컴퓨터 프로그래밍  시스템 통합 및 관리업,3
2024-11,크로아티아,화학물질 및 화학제품 제조업; 의약품 제외,3
2024-11,키르기즈공화국,도매 및 상품 중개업,5
2024-11,키르기즈공화국,자동차 및 부품 판매업,5
2024-11,타지키스탄,가구 제조업,5
2024-11,타지키스탄,도매 및 상품 중개업,5
2024-11,탄자니아,1차 금속 제조업,5
2024-11,탄자니아,가구 제조업,5
2024-11,탄자니아,고무 및 플라스틱제품 제조업,5
2024-11,탄자니아,금융업,5
2024-11,탄자니아,도매 및 상품 중개업,5
2024-11,탄자니아,섬유제품 제조업; 의복제외,5
2024-11,탄자니아,소매업; 자동차 제외,4
2024-11,탄자니아,자동차 및 부품 판매업,5
2024-11,탄자니아,전기장비 제조업,5
2024-11,탄자니아,전문직별 공사업,4
2024-11,태국,1차 금속 제조업,4
2024-11,태국,가구 제조업,3
2024-11,태국,가죽  가방 및 신발 제조업,3
2024-11,태국,고무 및 플라스틱제품 제조업,3
2024-11,태국,금속가공제품 제조업; 기계 및 가구 제외,4
2024-11,태국,기타 기계 및 장비 제조업,4
2024-11,태국,기타 제품 제조업,3
2024-11,태국,도매 및 상품 중개업,4
2024-11,태국,비금속 광물제품 제조업,3
2024-11,태국,섬유제품 제조업; 의복제외,3
2024-11,태국,소매업; 자동차 제외,3
2024-11,태국,수상 운송업,4
2024-11,태국,식료품 제조업,3
2024-11,태국,의료  정밀  광학기기 및 시계 제조업,3
2024-11,태국,의복  의복 액세서리 및 모피제품 제조업,3
2024-11,태국,인쇄 및 기록매체 복제업,3
2024-11,태국,자동차 및 부품 판매업,3
2024-11,태국,자동차 및 트레일러 제조업,3
2024-11,태국,전기장비 제조업,4
2024-11,태국,전문 서비스업,3
2024-11,태국,전문직별 공사업,4
2024-11,태국,전자부품  컴퓨터  영상  음향 및 통신장비 제조업,4
2024-11,태국,종합 건설업,5
2024-11,태국,출판업,4
2024-11,태국,코크스  연탄 및 석유정제품 제조업,3
2024-11,태국,펄프  종이 및 종이제품 제조업,3
2024-11,태국,화학물질 및 화학제품 제조업; 의약품 제외,4
2024-11,토고,가구 제조업,5
2024-11,토고,도매 및 상품 중개업,5
2024-11,투르크메니스탄,공공행정  국방 및 사회보장 행정,5
2024-11,튀니지,가구 제조업,4
2024-11,튀니지,개인 및 소비용품 수리업,4
2024-11,튀니지,고무 및 플라스틱제품 제조업,4
2024-11,튀니지,도매 및 상품 중개업,4
2024-11,튀니지,비금속광물 광업; 연료용 제외,4
2024-11,튀니지,섬유제품 제조업; 의복제외,4
2024-11,튀니지,의료  정밀  광학기기 및 시계 제조업,4
2024-11,튀니지,의료용 물질 및 의약품 제조업,4
2024-11,튀니지,의복  의복 액세서리 및 모피제품 제조업,4
2024-11,튀니지,자동차 및 부품 판매업,5
2024-11,튀니지,자동차 및 트레일러 제조업,4
2024-11,튀니지,전기장비 제조업,4
2024-11,튀니지,전문직별 공사업,4
2024-11,튀니지,전자부품  컴퓨터  영상  음향 및 통신장비 제조업,4
2024-11,튀니지,펄프  종이 및 종이제품 제조업,5
2024-11,튀니지,화학물질 및 화학제품 제조업; 의약품 제외,4
2024-11,튀르키예(구 터키),1차 금속 제조업,5
2024-11,튀르키예(구 터키),가구 제조업,4
2024-11,튀르키예(구 터키),가죽  가방 및 신발 제조업,4
2024-11,튀르키예(구 터키),고무 및 플라스틱제품 제조업,5
2024-11,튀르키예(구 터키),금속가공제품 제조업; 기계 및 가구 제외,4
2024-11,튀르키예(구 터키),기타 기계 및 장비 제조업,4
2024-11,튀르키예(구 터키),기타 운송장비 제조업,5
2024-11,튀르키예(구 터키),기타 제품 제조업,5
2024-11,튀르키예(구 터키),도매 및 상품 중개업,4
2024-11,튀르키예(구 터키),목재 및 나무제품 제조업; 가구 제외,5
2024-11,튀르키예(구 터키),방송업,4
2024-11,튀르키예(구 터키),비금속 광물제품 제조업,5
2024-11,튀르키예(구 터키),사업지원 서비스업,4
2024-11,튀르키예(구 터키),산업용 기계 및 장비 수리업,4
2024-11,튀르키예(구 터키),섬유제품 제조업; 의복제외,4
2024-11,튀르키예(구 터키),소매업; 자동차 제외,4
2024-11,튀르키예(구 터키),식료품 제조업,4
2024-11,튀르키예(구 터키),육상운송 및 파이프라인 운송업,5
2024-11,튀르키예(구 터키),의료  정밀  광학기기 및 시계 제조업,4
2024-11,튀르키예(구 터키),의료용 물질 및 의약품 제조업,4
2024-11,튀르키예(구 터키),의복  의복 액세서리 및 모피제품 제조업,4
2024-11,튀르키예(구 터키),인쇄 및 기록매체 복제업,5
2024-11,튀르키예(구 터키),자동차 및 부품 판매업,5
2024-11,튀르키예(구 터키),자동차 및 트레일러 제조업,4
2024-11,튀르키예(구 터키),전기장비 제조업,4
2024-11,튀르키예(구 터키),전문직별 공사업,4
2024-11,튀르키예(구 터키),전자부품  컴퓨터  영상  음향 및 통신장비 제조업,5
2024-11,튀르키예(구 터키),출판업,4
2024-11,튀르키예(구 터키),컴퓨터 프로그래밍  시스템 통합 및 관리업,4
2024-11,튀르키예(구 터키),코크스  연탄 및 석유정제품 제조업,4
2024-11,튀르키예(구 터키),펄프  종이 및 종이제품 제조업,4
2024-11,튀르키예(구 터키),화학물질 및 화학제품 제조업; 의약품 제외,4
2024-11,트리니다드토바고,금속가공제품 제조업; 기계 및 가구 제외,3
2024-11,트리니다드토바고,도매 및 상품 중개업,3
2024-11,트리니다드토바고,소매업; 자동차 제외,3
2024-11,트리니다드토바고,자동차 및 부품 판매업,3
2024-11,파나마,1차 금속 제조업,4
2024-11,파나마,금속가공제품 제조업; 기계 및 가구 제외,4
2024-11,파나마,금융업,4
2024-11,파나마,도매 및 상품 중개업,4
2024-11,파나마,소매업; 자동차 제외,4
2024-11,파나마,자동차 및 부품 판매업,4
2024-11,파나마,화학물질 및 화학제품 제조업; 의약품 제외,4
2024-11,파라과이,1차 금속 제조업,5
2024-11,파라과이,도매 및 상품 중개업,4
2024-11,파라과이,섬유제품 제조업; 의복제외,4
2024-11,파라과이,소매업; 자동차 제외,4
2024-11,파라과이,자동차 및 부품 판매업,5
2024-11,파라과이,전기장비 제조업,4
2024-11,파키스탄,1차 금속 제조업,5
2024-11,파키스탄,가죽  가방 및 신발 제조업,5
2024-11,파키스탄,고무 및 플라스틱제품 제조업,5
2024-11,파키스탄,기타 기계 및 장비 제조업,5
2024-11,파키스탄,기타 제품 제조업,5
2024-11,파키스탄,담배 제조업,5
2024-11,파키스탄,도매 및 상품 중개업,5
2024-11,파키스탄,사업지원 서비스업,5
2024-11,파키스탄,섬유제품 제조업; 의복제외,5
2024-11,파키스탄,식료품 제조업,5
2024-11,파키스탄,의료  정밀  광학기기 및 시계 제조업,5
2024-11,파키스탄,의료용 물질 및 의약품 제조업,5
2024-11,파키스탄,의복  의복 액세서리 및 모피제품 제조업,5
2024-11,파키스탄,자동차 및 트레일러 제조업,5
2024-11,파키스탄,전기장비 제조업,5
2024-11,파키스탄,창고 및 운송관련 서비스업,5
2024-11,파키스탄,펄프  종이 및 종이제품 제조업,5
2024-11,파키스탄,화학물질 및 화학제품 제조업; 의약품 제외,5
2024-11,파푸아뉴기니,금속 광업,4
2024-11,파푸아뉴기니,식료품 제조업,4
2024-11,페루,1차 금속 제조업,4
2024-11,페루,가구 제조업,4
2024-11,페루,고무 및 플라스틱제품 제조업,4
2024-11,페루,광업 지원 서비스업,3
2024-11,페루,금속 광업,3
2024-11,페루,금속가공제품 제조업; 기계 및 가구 제외,3
2024-11,페루,농업,3
2024-11,페루,도매 및 상품 중개업,4
2024-11,페루,보건업,4
2024-11,페루,사업지원 서비스업,4
2024-11,페루,섬유제품 제조업; 의복제외,4
2024-11,페루,소매업; 자동차 제외,3
2024-11,페루,식료품 제조업,3
2024-11,페루,우편 및 통신업,4
2024-11,페루,의료용 물질 및 의약품 제조업,3
2024-11,페루,임대업; 부동산 제외,4
2024-11,페루,자동차 및 부품 판매업,4
2024-11,페루,자동차 및 트레일러 제조업,3
2024-11,페루,전기장비 제조업,3
2024-11,페루,전문직별 공사업,3
2024-11,페루,종합 건설업,4
2024-11,페루,코크스  연탄 및 석유정제품 제조업,4
2024-11,페루,펄프  종이 및 종이제품 제조업,5
2024-11,페루,화학물질 및 화학제품 제조업; 의약품 제외,4
2024-11,포르투갈,1차 금속 제조업,2
2024-11,포르투갈,가죽  가방 및 신발 제조업,2
2024-11,포르투갈,개인 및 소비용품 수리업,2
2024-11,포르투갈,고무 및 플라스틱제품 제조업,2
2024-11,포르투갈,금속가공제품 제조업; 기계 및 가구 제외,2
2024-11,포르투갈,금융업,2
2024-11,포르투갈,기타 기계 및 장비 제조업,2
2024-11,포르투갈,도매 및 상품 중개업,2
2024-11,포르투갈,비금속 광물제품 제조업,2
2024-11,포르투갈,산업용 기계 및 장비 수리업,2
2024-11,포르투갈,섬유제품 제조업; 의복제외,2
2024-11,포르투갈,소매업; 자동차 제외,2
2024-11,포르투갈,우편 및 통신업,2
2024-11,포르투갈,의료  정밀  광학기기 및 시계 제조업,2
2024-11,포르투갈,의료용 물질 및 의약품 제조업,2
2024-11,포르투갈,의복  의복 액세서리 및 모피제품 제조업,2
2024-11,포르투갈,자동차 및 부품 판매업,2
2024-11,포르투갈,자동차 및 트레일러 제조업,2
2024-11,포르투갈,전기장비 제조업,4
2024-11,포르투갈,전문직별 공사업,2
2024-11,포르투갈,전자부품  컴퓨터  영상  음향 및 통신장비 제조업,2
2024-11,포르투갈,컴퓨터 프로그래밍  시스템 통합 및 관리업,2
2024-11,포르투갈,펄프  종이 및 종이제품 제조업,2
2024-11,포르투갈,화학물질 및 화학제품 제조업; 의약품 제외,2
2024-11,폴란드,1차 금속 제조업,4
2024-11,폴란드,개인 및 소비용품 수리업,3
2024-11,폴란드,건축기술  엔지니어링 및 기타 과학기술 서비스업,3
2024-11,폴란드,고무 및 플라스틱제품 제조업,3
2024-11,폴란드,금속가공제품 제조업; 기계 및 가구 제외,3
2024-11,폴란드,금융 및 보험 관련 서비스업,3
2024-11,폴란드,기타 기계 및 장비 제조업,3
2024-11,폴란드,도매 및 상품 중개업,3
2024-11,폴란드,목재 및 나무제품 제조업; 가구 제외,3
2024-11,폴란드,비금속 광물제품 제조업,3
2024-11,폴란드,사업지원 서비스업,3
2024-11,폴란드,산업용 기계 및 장비 수리업,3
2024-11,폴란드,섬유제품 제조업; 의복제외,3
2024-11,폴란드,소매업; 자동차 제외,3
2024-11,폴란드,식료품 제조업,3
2024-11,폴란드,우편 및 통신업,3
2024-11,폴란드,육상운송 및 파이프라인 운송업,3
2024-11,폴란드,의료  정밀  광학기기 및 시계 제조업,3
2024-11,폴란드,의료용 물질 및 의약품 제조업,3
2024-11,폴란드,의복  의복 액세서리 및 모피제품 제조업,3
2024-11,폴란드,자동차 및 부품 판매업,3
2024-11,폴란드,자동차 및 트레일러 제조업,3
2024-11,폴란드,전기장비 제조업,3
2024-11,폴란드,전문 서비스업,3
2024-11,폴란드,전자부품  컴퓨터  영상  음향 및 통신장비 제조업,3
2024-11,폴란드,컴퓨터 프로그래밍  시스템 통합 및 관리업,3
2024-11,폴란드,코크스  연탄 및 석유정제품 제조업,4
2024-11,폴란드,펄프  종이 및 종이제품 제조업,3
2024-11,폴란드,화학물질 및 화학제품 제조업; 의약품 제외,3
2024-11,푸에르토리코,도매 및 상품 중개업,4
2024-11,푸에르토리코,자동차 및 부품 판매업,4
2024-11,프랑스,건축기술  엔지니어링 및 기타 과학기술 서비스업,2
2024-11,프랑스,고무 및 플라스틱제품 제조업,2
2024-11,프랑스,금속가공제품 제조업; 기계 및 가구 제외,2
2024-11,프랑스,금융업,2
2024-11,프랑스,기타 기계 및 장비 제조업,2
2024-11,프랑스,기타 전문  과학 및 기술 서비스업,2
2024-11,프랑스,기타 제품 제조업,2
2024-11,프랑스,도매 및 상품 중개업,2
2024-11,프랑스,목재 및 나무제품 제조업; 가구 제외,2
2024-11,프랑스,부동산업,2
2024-11,프랑스,비금속 광물제품 제조업,2
2024-11,프랑스,비금속광물 광업; 연료용 제외,2
2024-11,프랑스,사업지원 서비스업,2
2024-11,프랑스,산업용 기계 및 장비 수리업,2
2024-11,프랑스,섬유제품 제조업; 의복제외,2
2024-11,프랑스,소매업; 자동차 제외,3
2024-11,프랑스,수상 운송업,2
2024-11,프랑스,연구개발업,2
2024-11,프랑스,의료  정밀  광학기기 및 시계 제조업,2
2024-11,프랑스,의료용 물질 및 의약품 제조업,2
2024-11,프랑스,의복  의복 액세서리 및 모피제품 제조업,2
2024-11,프랑스,자동차 및 부품 판매업,2
2024-11,프랑스,자동차 및 트레일러 제조업,2
2024-11,프랑스,전기장비 제조업,2
2024-11,프랑스,전문 서비스업,2
2024-11,프랑스,전문직별 공사업,2
2024-11,프랑스,전자부품  컴퓨터  영상  음향 및 통신장비 제조업,2
2024-11,프랑스,종합 건설업,2
2024-11,프랑스,출판업,2
2024-11,프랑스,컴퓨터 프로그래밍  시스템 통합 및 관리업,2
2024-11,프랑스,코크스  연탄 및 석유정제품 제조업,2
2024-11,프랑스,펄프  종이 및 종이제품 제조업,2
2024-11,프랑스,화학물질 및 화학제품 제조업; 의약품 제외,2
2024-11,피지,금속 광업,4
2024-11,피지,인쇄 및 기록매체 복제업,4
2024-11,핀란드,건축기술  엔지니어링 및 기타 과학기술 서비스업,1
2024-11,핀란드,고무 및 플라스틱제품 제조업,1
2024-11,핀란드,금속가공제품 제조업; 기계 및 가구 제외,1
2024-11,핀란드,금융업,1
2024-11,핀란드,기타 기계 및 장비 제조업,2
2024-11,핀란드,도매 및 상품 중개업,1
2024-11,핀란드,비금속 광물제품 제조업,1
2024-11,핀란드,사업지원 서비스업,1
2024-11,핀란드,섬유제품 제조업; 의복제외,1
2024-11,핀란드,소매업; 자동차 제외,2
2024-11,핀란드,의료용 물질 및 의약품 제조업,1
2024-11,핀란드,자동차 및 부품 판매업,1
2024-11,핀란드,자동차 및 트레일러 제조업,1
2024-11,핀란드,전기장비 제조업,1
2024-11,핀란드,전자부품  컴퓨터  영상  음향 및 통신장비 제조업,1
2024-11,핀란드,화학물질 및 화학제품 제조업; 의약품 제외,1
2024-11,필리핀,1차 금속 제조업,5
2024-11,필리핀,개인 및 소비용품 수리업,4
2024-11,필리핀,고무 및 플라스틱제품 제조업,4
2024-11,필리핀,금속가공제품 제조업; 기계 및 가구 제외,5
2024-11,필리핀,금융업,4
2024-11,필리핀,기타 기계 및 장비 제조업,4
2024-11,필리핀,기타 운송장비 제조업,4
2024-11,필리핀,기타 제품 제조업,4
2024-11,필리핀,농업,4
2024-11,필리핀,도매 및 상품 중개업,4
2024-11,필리핀,비금속 광물제품 제조업,5
2024-11,필리핀,사업지원 서비스업,4
2024-11,필리핀,소매업; 자동차 제외,4
2024-11,필리핀,숙박업,4
2024-11,필리핀,식료품 제조업,4
2024-11,필리핀,음료 제조업,4
2024-11,필리핀,의료용 물질 및 의약품 제조업,4
2024-11,필리핀,인쇄 및 기록매체 복제업,4
2024-11,필리핀,자동차 및 부품 판매업,4
2024-11,필리핀,자동차 및 트레일러 제조업,4
2024-11,필리핀,전기  가스  증기 및 공기조절 공급업,4
2024-11,필리핀,전기장비 제조업,4
2024-11,필리핀,전문 서비스업,4
2024-11,필리핀,전문직별 공사업,4
2024-11,필리핀,전자부품  컴퓨터  영상  음향 및 통신장비 제조업,4
2024-11,필리핀,종합 건설업,5
2024-11,필리핀,창고 및 운송관련 서비스업,4
2024-11,필리핀,코크스  연탄 및 석유정제품 제조업,4
2024-11,필리핀,펄프  종이 및 종이제품 제조업,4
2024-11,필리핀,화학물질 및 화학제품 제조업; 의약품 제외,5
2024-11,헝가리,고무 및 플라스틱제품 제조업,3
2024-11,헝가리,기타 기계 및 장비 제조업,3
2024-11,헝가리,기타 제품 제조업,3
2024-11,헝가리,도매 및 상품 중개업,3
2024-11,헝가리,소매업; 자동차 제외,3
2024-11,헝가리,식료품 제조업,3
2024-11,헝가리,연구개발업,3
2024-11,헝가리,의료  정밀  광학기기 및 시계 제조업,3
2024-11,헝가리,의료용 물질 및 의약품 제조업,3
2024-11,헝가리,자동차 및 부품 판매업,3
2024-11,헝가리,자동차 및 트레일러 제조업,3
2024-11,헝가리,전기장비 제조업,3
2024-11,헝가리,전문직별 공사업,3
2024-11,헝가리,전자부품  컴퓨터  영상  음향 및 통신장비 제조업,3
2024-11,헝가리,폐기물 수집  운반  처리 및 원료 재생업,3
2024-11,헝가리,화학물질 및 화학제품 제조업; 의약품 제외,3
2024-11,호주,1차 금속 제조업,3
2024-11,호주,개인 및 소비용품 수리업,5
2024-11,호주,고무 및 플라스틱제품 제조업,1
2024-11,호주,금속가공제품 제조업; 기계 및 가구 제외,2
2024-11,호주,금융업,1
2024-11,호주,기타 기계 및 장비 제조업,2
2024-11,호주,도매 및 상품 중개업,2
2024-11,호주,방송업,1
2024-11,호주,섬유제품 제조업; 의복제외,2
2024-11,호주,소매업; 자동차 제외,1
2024-11,호주,의료  정밀  광학기기 및 시계 제조업,1
2024-11,호주,의료용 물질 및 의약품 제조업,2
2024-11,호주,자동차 및 부품 판매업,1
2024-11,호주,자동차 및 트레일러 제조업,1
2024-11,호주,전기  가스  증기 및 공기조절 공급업,1
2024-11,호주,전기장비 제조업,2
2024-11,호주,전문 서비스업,1
2024-11,호주,전문직별 공사업,1
2024-11,호주,전자부품  컴퓨터  영상  음향 및 통신장비 제조업,1
2024-11,호주,출판업,1
2024-11,호주,펄프  종이 및 종이제품 제조업,1
2024-11,호주,화학물질 및 화학제품 제조업; 의약품 제외,1
2024-11,홍콩,개인 및 소비용품 수리업,3
2024-11,홍콩,교육 서비스업,3
2024-11,홍콩,금융업,3
2024-11,홍콩,기타 기계 및 장비 제조업,3
2024-11,홍콩,도매 및 상품 중개업,3
2024-11,홍콩,방송업,3
2024-11,홍콩,사업지원 서비스업,3
2024-11,홍콩,산업용 기계 및 장비 수리업,3
2024-11,홍콩,섬유제품 제조업; 의복제외,3
2024-11,홍콩,소매업; 자동차 제외,3
2024-11,홍콩,수상 운송업,3
2024-11,홍콩,숙박업,3
2024-11,홍콩,식료품 제조업,3
2024-11,홍콩,연구개발업,3
2024-11,홍콩,음료 제조업,3
2024-11,홍콩,인쇄 및 기록매체 복제업,3
2024-11,홍콩,자동차 및 부품 판매업,3
2024-11,홍콩,전기장비 제조업,3
2024-11,홍콩,전문 서비스업,3
2024-11,홍콩,전문직별 공사업,3
2024-11,홍콩,종합 건설업,4
2024-11,홍콩,창고 및 운송관련 서비스업,3
2024-11,홍콩,출판업,3
2024-11,홍콩,컴퓨터 프로그래밍  시스템 통합 및 관리업,3
2024-11,홍콩,항공 운송업,3
2024-11,홍콩,화학물질 및 화학제품 제조업; 의약품 제외,5
2024-10,가나,고무 및 플라스틱제품 제조업,5
2024-10,가나,금속 광업,5
2024-10,가나,도매 및 상품 중개업,4
2024-10,가나,자동차 및 부품 판매업,5
2024-10,가나,자동차 및 트레일러 제조업,4
2024-10,가나,화학물질 및 화학제품 제조업; 의약품 제외,5
2024-10,가이아나,도매 및 상품 중개업,5
2024-10,감비아,도매 및 상품 중개업,5
2024-10,감비아,정보서비스업,5
2024-10,과달루프,자동차 및 부품 판매업,4
2024-10,과테말라,1차 금속 제조업,4
2024-10,과테말라,고무 및 플라스틱제품 제조업,4
2024-10,과테말라,금속가공제품 제조업; 기계 및 가구 제외,4
2024-10,과테말라,도매 및 상품 중개업,4
2024-10,과테말라,섬유제품 제조업; 의복제외,4
2024-10,과테말라,소매업; 자동차 제외,4
2024-10,과테말라,식료품 제조업,4
2024-10,과테말라,의복  의복 액세서리 및 모피제품 제조업,5
2024-10,과테말라,자동차 및 부품 판매업,4
2024-10,과테말라,화학물질 및 화학제품 제조업; 의약품 제외,4
2024-10,괌,우편 및 통신업,4
2024-10,그리스,1차 금속 제조업,3
2024-10,그리스,고무 및 플라스틱제품 제조업,3
2024-10,그리스,금속가공제품 제조업; 기계 및 가구 제외,3
2024-10,그리스,기타 기계 및 장비 제조업,3
2024-10,그리스,도매 및 상품 중개업,3
2024-10,그리스,소매업; 자동차 제외,3
2024-10,그리스,식료품 제조업,3
2024-10,그리스,우편 및 통신업,3
2024-10,그리스,의료  정밀  광학기기 및 시계 제조업,3
2024-10,그리스,인쇄 및 기록매체 복제업,3
2024-10,그리스,자동차 및 부품 판매업,3
2024-10,그리스,자동차 및 트레일러 제조업,3
2024-10,그리스,전기장비 제조업,3
2024-10,그리스,전문직별 공사업,3
2024-10,그리스,종합 건설업,4
2024-10,그리스,컴퓨터 프로그래밍  시스템 통합 및 관리업,3
2024-10,그리스,펄프  종이 및 종이제품 제조업,3
2024-10,그리스,화학물질 및 화학제품 제조업; 의약품 제외,3
2024-10,기니,도매 및 상품 중개업,5
2024-10,기니,화학물질 및 화학제품 제조업; 의약품 제외,5
2024-10,나이지리아,가구 제조업,5
2024-10,나이지리아,도매 및 상품 중개업,5
2024-10,나이지리아,석탄  원유 및 천연가스 광업,5
2024-10,나이지리아,화학물질 및 화학제품 제조업; 의약품 제외,5
2024-10,남아프리카공화국,1차 금속 제조업,4
2024-10,남아프리카공화국,개인 및 소비용품 수리업,4
2024-10,남아프리카공화국,건축기술  엔지니어링 및 기타 과학기술 서비스업,4
2024-10,남아프리카공화국,고무 및 플라스틱제품 제조업,4
2024-10,남아프리카공화국,금속 광업,4
2024-10,남아프리카공화국,금속가공제품 제조업; 기계 및 가구 제외,4
2024-10,남아프리카공화국,기타 기계 및 장비 제조업,4
2024-10,남아프리카공화국,기타 운송장비 제조업,4
2024-10,남아프리카공화국,기타 제품 제조업,5
2024-10,남아프리카공화국,도매 및 상품 중개업,4
2024-10,남아프리카공화국,비금속 광물제품 제조업,4
2024-10,남아프리카공화국,사업지원 서비스업,4
2024-10,남아프리카공화국,섬유제품 제조업; 의복제외,4
2024-10,남아프리카공화국,소매업; 자동차 제외,4
2024-10,남아프리카공화국,수도업,4
2024-10,남아프리카공화국,식료품 제조업,4
2024-10,남아프리카공화국,우편 및 통신업,5
2024-10,남아프리카공화국,육상운송 및 파이프라인 운송업,4
2024-10,남아프리카공화국,의료  정밀  광학기기 및 시계 제조업,4
2024-10,남아프리카공화국,인쇄 및 기록매체 복제업,4
2024-10,남아프리카공화국,임대업; 부동산 제외,4
2024-10,남아프리카공화국,자동차 및 부품 판매업,4
2024-10,남아프리카공화국,자동차 및 트레일러 제조업,4
2024-10,남아프리카공화국,전기  가스  증기 및 공기조절 공급업,4
2024-10,남아프리카공화국,전기장비 제조업,4
2024-10,남아프리카공화국,전문직별 공사업,4
2024-10,남아프리카공화국,종합 건설업,4
2024-10,남아프리카공화국,창고 및 운송관련 서비스업,4
2024-10,남아프리카공화국,출판업,4
2024-10,남아프리카공화국,컴퓨터 프로그래밍  시스템 통합 및 관리업,4
2024-10,남아프리카공화국,펄프  종이 및 종이제품 제조업,4
2024-10,남아프리카공화국,화학물질 및 화학제품 제조업; 의약품 제외,4
2024-10,남아프리카공화국,환경 정화 및 복원업,4
2024-10,네덜란드,건축기술  엔지니어링 및 기타 과학기술 서비스업,2
2024-10,네덜란드,고무 및 플라스틱제품 제조업,1
2024-10,네덜란드,금속가공제품 제조업; 기계 및 가구 제외,4
2024-10,네덜란드,금융업,1
2024-10,네덜란드,기타 기계 및 장비 제조업,2
2024-10,네덜란드,기타 전문  과학 및 기술 서비스업,2
2024-10,네덜란드,농업,1
2024-10,네덜란드,도매 및 상품 중개업,1
2024-10,네덜란드,비금속 광물제품 제조업,1
2024-10,네덜란드,사업지원 서비스업,5
2024-10,네덜란드,섬유제품 제조업; 의복제외,1
2024-10,네덜란드,소매업; 자동차 제외,1
2024-10,네덜란드,식료품 제조업,1
2024-10,네덜란드,육상운송 및 파이프라인 운송업,2
2024-10,네덜란드,의료  정밀  광학기기 및 시계 제조업,1
2024-10,네덜란드,임대업; 부동산 제외,1
2024-10,네덜란드,자동차 및 부품 판매업,1
2024-10,네덜란드,자동차 및 트레일러 제조업,1
2024-10,네덜란드,전기장비 제조업,1
2024-10,네덜란드,전문 서비스업,2
2024-10,네덜란드,전자부품  컴퓨터  영상  음향 및 통신장비 제조업,1
2024-10,네덜란드,정보서비스업,1
2024-10,네덜란드,창고 및 운송관련 서비스업,1
2024-10,네덜란드,출판업,1
2024-10,네덜란드,컴퓨터 프로그래밍  시스템 통합 및 관리업,1
2024-10,네덜란드,코크스  연탄 및 석유정제품 제조업,1
2024-10,네덜란드,펄프  종이 및 종이제품 제조업,1
2024-10,네덜란드,화학물질 및 화학제품 제조업; 의약품 제외,1
2024-10,네팔,가죽  가방 및 신발 제조업,5
2024-10,네팔,고무 및 플라스틱제품 제조업,4
2024-10,네팔,도매 및 상품 중개업,5
2024-10,네팔,식료품 제조업,5
2024-10,네팔,의료  정밀  광학기기 및 시계 제조업,4
2024-10,네팔,의료용 물질 및 의약품 제조업,5
2024-10,네팔,자동차 및 부품 판매업,4
2024-10,노르웨이,고무 및 플라스틱제품 제조업,1
2024-10,노르웨이,기타 기계 및 장비 제조업,1
2024-10,노르웨이,도매 및 상품 중개업,1
2024-10,노르웨이,소매업; 자동차 제외,1
2024-10,노르웨이,수상 운송업,1
2024-10,노르웨이,식료품 제조업,1
2024-10,노르웨이,의료  정밀  광학기기 및 시계 제조업,1
2024-10,노르웨이,의복  의복 액세서리 및 모피제품 제조업,1
2024-10,노르웨이,자동차 및 부품 판매업,1
2024-10,노르웨이,전기  가스  증기 및 공기조절 공급업,2
2024-10,노르웨이,전기장비 제조업,1
2024-10,노르웨이,전문 서비스업,1
2024-10,노르웨이,전자부품  컴퓨터  영상  음향 및 통신장비 제조업,1
2024-10,노르웨이,창고 및 운송관련 서비스업,1
2024-10,노르웨이,컴퓨터 프로그래밍  시스템 통합 및 관리업,1
2024-10,노르웨이,펄프  종이 및 종이제품 제조업,1
2024-10,노르웨이,화학물질 및 화학제품 제조업; 의약품 제외,1
2024-10,뉴질랜드,1차 금속 제조업,2
2024-10,뉴질랜드,고무 및 플라스틱제품 제조업,3
2024-10,뉴질랜드,금속가공제품 제조업; 기계 및 가구 제외,2
2024-10,뉴질랜드,기타 기계 및 장비 제조업,2
2024-10,뉴질랜드,도매 및 상품 중개업,2
2024-10,뉴질랜드,목재 및 나무제품 제조업; 가구 제외,2
2024-10,뉴질랜드,소매업; 자동차 제외,2
2024-10,뉴질랜드,식료품 제조업,2
2024-10,뉴질랜드,우편 및 통신업,2
2024-10,뉴질랜드,의료용 물질 및 의약품 제조업,2
2024-10,뉴질랜드,의복  의복 액세서리 및 모피제품 제조업,2
2024-10,뉴질랜드,인쇄 및 기록매체 복제업,2
2024-10,뉴질랜드,자동차 및 부품 판매업,2
2024-10,뉴질랜드,전기  가스  증기 및 공기조절 공급업,2
2024-10,뉴질랜드,전기장비 제조업,1
2024-10,뉴질랜드,펄프  종이 및 종이제품 제조업,2
2024-10,뉴질랜드,화학물질 및 화학제품 제조업; 의약품 제외,2
2024-10,뉴칼레도니아,광업 지원 서비스업,4
2024-10,뉴칼레도니아,도매 및 상품 중개업,4
2024-10,니카라과,도매 및 상품 중개업,5
2024-10,니카라과,소매업; 자동차 제외,5
2024-10,니카라과,우편 및 통신업,5
2024-10,니카라과,자동차 및 부품 판매업,5
2024-10,니카라과,화학물질 및 화학제품 제조업; 의약품 제외,5
2024-10,대만,1차 금속 제조업,2
2024-10,대만,가죽  가방 및 신발 제조업,2
2024-10,대만,건축기술  엔지니어링 및 기타 과학기술 서비스업,2
2024-10,대만,고무 및 플라스틱제품 제조업,2
2024-10,대만,금속가공제품 제조업; 기계 및 가구 제외,2
2024-10,대만,금융업,2
2024-10,대만,기타 기계 및 장비 제조업,2
2024-10,대만,기타 운송장비 제조업,2
2024-10,대만,기타 제품 제조업,2
2024-10,대만,도매 및 상품 중개업,2
2024-10,대만,방송업,2
2024-10,대만,비금속 광물제품 제조업,2
2024-10,대만,섬유제품 제조업; 의복제외,2
2024-10,대만,소매업; 자동차 제외,2
2024-10,대만,수상 운송업,2
2024-10,대만,식료품 제조업,2
2024-10,대만,우편 및 통신업,2
2024-10,대만,의료  정밀  광학기기 및 시계 제조업,2
2024-10,대만,의료용 물질 및 의약품 제조업,2
2024-10,대만,의복  의복 액세서리 및 모피제품 제조업,2
2024-10,대만,자동차 및 부품 판매업,2
2024-10,대만,자동차 및 트레일러 제조업,2
2024-10,대만,전기장비 제조업,2
2024-10,대만,전문직별 공사업,2
2024-10,대만,전자부품  컴퓨터  영상  음향 및 통신장비 제조업,2
2024-10,대만,종합 건설업,2
2024-10,대만,창고 및 운송관련 서비스업,2
2024-10,대만,출판업,2
2024-10,대만,코크스  연탄 및 석유정제품 제조업,2
2024-10,대만,펄프  종이 및 종이제품 제조업,2
2024-10,대만,화학물질 및 화학제품 제조업; 의약품 제외,2
2024-10,덴마크,개인 및 소비용품 수리업,1
2024-10,덴마크,고무 및 플라스틱제품 제조업,1
2024-10,덴마크,금속가공제품 제조업; 기계 및 가구 제외,1
2024-10,덴마크,기타 기계 및 장비 제조업,1
2024-10,덴마크,도매 및 상품 중개업,2
2024-10,덴마크,섬유제품 제조업; 의복제외,1
2024-10,덴마크,수상 운송업,1
2024-10,덴마크,식료품 제조업,1
2024-10,덴마크,의료  정밀  광학기기 및 시계 제조업,1
2024-10,덴마크,의료용 물질 및 의약품 제조업,1
2024-10,덴마크,자동차 및 부품 판매업,1
2024-10,덴마크,전자부품  컴퓨터  영상  음향 및 통신장비 제조업,1
2024-10,덴마크,창고 및 운송관련 서비스업,1
2024-10,덴마크,컴퓨터 프로그래밍  시스템 통합 및 관리업,1
2024-10,덴마크,펄프  종이 및 종이제품 제조업,1
2024-10,덴마크,화학물질 및 화학제품 제조업; 의약품 제외,1
2024-10,도미니카공화국,1차 금속 제조업,4
2024-10,도미니카공화국,고무 및 플라스틱제품 제조업,4
2024-10,도미니카공화국,도매 및 상품 중개업,4
2024-10,도미니카공화국,비금속 광물제품 제조업,4
2024-10,도미니카공화국,소매업; 자동차 제외,4
2024-10,도미니카공화국,식료품 제조업,4
2024-10,도미니카공화국,우편 및 통신업,4
2024-10,도미니카공화국,자동차 및 부품 판매업,4
2024-10,도미니카공화국,화학물질 및 화학제품 제조업; 의약품 제외,4
2024-10,독일,1차 금속 제조업,2
2024-10,독일,가구 제조업,2
2024-10,독일,개인 및 소비용품 수리업,1
2024-10,독일,건축기술  엔지니어링 및 기타 과학기술 서비스업,1
2024-10,독일,고무 및 플라스틱제품 제조업,2
2024-10,독일,교육 서비스업,2
2024-10,독일,금속가공제품 제조업; 기계 및 가구 제외,2
2024-10,독일,금융업,2
2024-10,독일,기타 기계 및 장비 제조업,2
2024-10,독일,기타 운송장비 제조업,2
2024-10,독일,기타 제품 제조업,2
2024-10,독일,도매 및 상품 중개업,2
2024-10,독일,비금속 광물제품 제조업,2
2024-10,독일,사업지원 서비스업,2
2024-10,독일,산업용 기계 및 장비 수리업,2
2024-10,독일,섬유제품 제조업; 의복제외,2
2024-10,독일,소매업; 자동차 제외,2
2024-10,독일,수상 운송업,2
2024-10,독일,우편 및 통신업,2
2024-10,독일,음료 제조업,2
2024-10,독일,의료  정밀  광학기기 및 시계 제조업,2
2024-10,독일,의료용 물질 및 의약품 제조업,2
2024-10,독일,의복  의복 액세서리 및 모피제품 제조업,2
2024-10,독일,인쇄 및 기록매체 복제업,2
2024-10,독일,자동차 및 부품 판매업,2
2024-10,독일,자동차 및 트레일러 제조업,2
2024-10,독일,전기  가스  증기 및 공기조절 공급업,2
2024-10,독일,전기장비 제조업,2
2024-10,독일,전문 서비스업,2
2024-10,독일,전자부품  컴퓨터  영상  음향 및 통신장비 제조업,2
2024-10,독일,창고 및 운송관련 서비스업,2
2024-10,독일,출판업,2
2024-10,독일,컴퓨터 프로그래밍  시스템 통합 및 관리업,2
2024-10,독일,코크스  연탄 및 석유정제품 제조업,2
2024-10,독일,펄프  종이 및 종이제품 제조업,2
2024-10,독일,화학물질 및 화학제품 제조업; 의약품 제외,2
2024-10,라오스,도매 및 상품 중개업,5
2024-10,라오스,식료품 제조업,5
2024-10,라오스,자동차 및 부품 판매업,5
2024-10,라오스,항공 운송업,5
2024-10,라이베리아,1차 금속 제조업,5
2024-10,라이베리아,도매 및 상품 중개업,5
2024-10,라트비아,고무 및 플라스틱제품 제조업,3
2024-10,라트비아,금속가공제품 제조업; 기계 및 가구 제외,3
2024-10,라트비아,도매 및 상품 중개업,3
2024-10,라트비아,섬유제품 제조업; 의복제외,3
2024-10,라트비아,소매업; 자동차 제외,3
2024-10,라트비아,의료용 물질 및 의약품 제조업,3
2024-10,라트비아,자동차 및 부품 판매업,3
2024-10,라트비아,전자부품  컴퓨터  영상  음향 및 통신장비 제조업,3
2024-10,라트비아,펄프  종이 및 종이제품 제조업,3
2024-10,러시아,가죽  가방 및 신발 제조업,5
2024-10,러시아,고무 및 플라스틱제품 제조업,5
2024-10,러시아,금속 광업,5
2024-10,러시아,금속가공제품 제조업; 기계 및 가구 제외,5
2024-10,러시아,금융업,5
2024-10,러시아,기타 기계 및 장비 제조업,5
2024-10,러시아,기타 운송장비 제조업,5
2024-10,러시아,농업,5
2024-10,러시아,도매 및 상품 중개업,5
2024-10,러시아,목재 및 나무제품 제조업; 가구 제외,5
2024-10,러시아,비금속 광물제품 제조업,5
2024-10,러시아,소매업; 자동차 제외,5
2024-10,러시아,식료품 제조업,5
2024-10,러시아,연구개발업,5
2024-10,러시아,의료용 물질 및 의약품 제조업,5
2024-10,러시아,자동차 및 부품 판매업,5
2024-10,러시아,자동차 및 트레일러 제조업,5
2024-10,러시아,전기장비 제조업,5
2024-10,러시아,전문직별 공사업,5
2024-10,러시아,전자부품  컴퓨터  영상  음향 및 통신장비 제조업,5
2024-10,러시아,코크스  연탄 및 석유정제품 제조업,5
2024-10,러시아,펄프  종이 및 종이제품 제조업,5
2024-10,러시아,화학물질 및 화학제품 제조업; 의약품 제외,5
2024-10,레바논,도매 및 상품 중개업,4
2024-10,레바논,자동차 및 부품 판매업,4
2024-10,레바논,펄프  종이 및 종이제품 제조업,4
2024-10,레위니옹,자동차 및 부품 판매업,4
2024-10,루마니아,1차 금속 제조업,3
2024-10,루마니아,건축기술  엔지니어링 및 기타 과학기술 서비스업,3
2024-10,루마니아,고무 및 플라스틱제품 제조업,3
2024-10,루마니아,금속가공제품 제조업; 기계 및 가구 제외,3
2024-10,루마니아,기타 기계 및 장비 제조업,3
2024-10,루마니아,기타 운송장비 제조업,3
2024-10,루마니아,기타 제품 제조업,3
2024-10,루마니아,농업,3
2024-10,루마니아,도매 및 상품 중개업,3
2024-10,루마니아,부동산업,3
2024-10,루마니아,사업지원 서비스업,3
2024-10,루마니아,섬유제품 제조업; 의복제외,3
2024-10,루마니아,소매업; 자동차 제외,3
2024-10,루마니아,식료품 제조업,3
2024-10,루마니아,음료 제조업,3
2024-10,루마니아,의료용 물질 및 의약품 제조업,3
2024-10,루마니아,인쇄 및 기록매체 복제업,3
2024-10,루마니아,자동차 및 부품 판매업,3
2024-10,루마니아,자동차 및 트레일러 제조업,3
2024-10,루마니아,전기장비 제조업,3
2024-10,루마니아,전문 서비스업,3
2024-10,루마니아,전문직별 공사업,3
2024-10,루마니아,전자부품  컴퓨터  영상  음향 및 통신장비 제조업,3
2024-10,루마니아,종합 건설업,3
2024-10,루마니아,펄프  종이 및 종이제품 제조업,3
2024-10,루마니아,화학물질 및 화학제품 제조업; 의약품 제외,3
2024-10,룩셈부르크,고무 및 플라스틱제품 제조업,3
2024-10,룩셈부르크,금융업,3
2024-10,룩셈부르크,도매 및 상품 중개업,3
2024-10,룩셈부르크,비금속 광물제품 제조업,3
2024-10,룩셈부르크,자동차 및 부품 판매업,3
2024-10,룩셈부르크,전기  가스  증기 및 공기조절 공급업,3
2024-10,르완다,가구 제조업,5
2024-10,르완다,도매 및 상품 중개업,4
2024-10,리비아,자동차 및 부품 판매업,5
2024-10,리투아니아,개인 및 소비용품 수리업,2
2024-10,리투아니아,고무 및 플라스틱제품 제조업,2
2024-10,리투아니아,금속가공제품 제조업; 기계 및 가구 제외,3
2024-10,리투아니아,도매 및 상품 중개업,2
2024-10,리투아니아,사업지원 서비스업,2
2024-10,리투아니아,소매업; 자동차 제외,2
2024-10,리투아니아,자동차 및 부품 판매업,2
2024-10,리투아니아,자동차 및 트레일러 제조업,2
2024-10,리투아니아,전문직별 공사업,2
2024-10,리투아니아,화학물질 및 화학제품 제조업; 의약품 제외,2
2024-10,리히텐슈타인,금속가공제품 제조업; 기계 및 가구 제외,4
2024-10,리히텐슈타인,기타 기계 및 장비 제조업,4
2024-10,마샬군도,도매 및 상품 중개업,4
2024-10,마카오,도매 및 상품 중개업,2
2024-10,마카오,사업지원 서비스업,2
2024-10,마카오,소매업; 자동차 제외,2
2024-10,마카오,스포츠 및 오락관련 서비스업,2
2024-10,마카오,우편 및 통신업,2
2024-10,마카오,출판업,2
2024-10,말레이시아,1차 금속 제조업,3
2024-10,말레이시아,개인 및 소비용품 수리업,3
2024-10,말레이시아,고무 및 플라스틱제품 제조업,3
2024-10,말레이시아,금속가공제품 제조업; 기계 및 가구 제외,3
2024-10,말레이시아,금융업,3
2024-10,말레이시아,기타 기계 및 장비 제조업,3
2024-10,말레이시아,기타 제품 제조업,3
2024-10,말레이시아,도매 및 상품 중개업,3
2024-10,말레이시아,목재 및 나무제품 제조업; 가구 제외,3
2024-10,말레이시아,비금속 광물제품 제조업,3
2024-10,말레이시아,사업지원 서비스업,3
2024-10,말레이시아,섬유제품 제조업; 의복제외,3
2024-10,말레이시아,소매업; 자동차 제외,3
2024-10,말레이시아,식료품 제조업,3
2024-10,말레이시아,음료 제조업,3
2024-10,말레이시아,의료용 물질 및 의약품 제조업,3
2024-10,말레이시아,의복  의복 액세서리 및 모피제품 제조업,3
2024-10,말레이시아,인쇄 및 기록매체 복제업,3
2024-10,말레이시아,자동차 및 부품 판매업,3
2024-10,말레이시아,자동차 및 트레일러 제조업,3
2024-10,말레이시아,전기장비 제조업,3
2024-10,말레이시아,전문직별 공사업,3
2024-10,말레이시아,전자부품  컴퓨터  영상  음향 및 통신장비 제조업,3
2024-10,말레이시아,창고 및 운송관련 서비스업,3
2024-10,말레이시아,출판업,3
2024-10,말레이시아,코크스  연탄 및 석유정제품 제조업,3
2024-10,말레이시아,펄프  종이 및 종이제품 제조업,3
2024-10,말레이시아,화학물질 및 화학제품 제조업; 의약품 제외,3
2024-10,말리,도매 및 상품 중개업,5
2024-10,말리,전문직별 공사업,5
2024-10,말리,컴퓨터 프로그래밍  시스템 통합 및 관리업,5
2024-10,멕시코,1차 금속 제조업,5
2024-10,멕시코,개인 및 소비용품 수리업,4
2024-10,멕시코,고무 및 플라스틱제품 제조업,4
2024-10,멕시코,금속가공제품 제조업; 기계 및 가구 제외,4
2024-10,멕시코,기타 기계 및 장비 제조업,4
2024-10,멕시코,기타 제품 제조업,4
2024-10,멕시코,도매 및 상품 중개업,4
2024-10,멕시코,비금속 광물제품 제조업,4
2024-10,멕시코,사업지원 서비스업,4
2024-10,멕시코,섬유제품 제조업; 의복제외,4
2024-10,멕시코,소매업; 자동차 제외,4
2024-10,멕시코,식료품 제조업,4
2024-10,멕시코,우편 및 통신업,4
2024-10,멕시코,의료용 물질 및 의약품 제조업,4
2024-10,멕시코,의복  의복 액세서리 및 모피제품 제조업,5
2024-10,멕시코,인쇄 및 기록매체 복제업,4
2024-10,멕시코,자동차 및 부품 판매업,4
2024-10,멕시코,자동차 및 트레일러 제조업,4
2024-10,멕시코,전기장비 제조업,5
2024-10,멕시코,전문 서비스업,4
2024-10,멕시코,전자부품  컴퓨터  영상  음향 및 통신장비 제조업,4
2024-10,멕시코,종합 건설업,5
2024-10,멕시코,창고 및 운송관련 서비스업,4
2024-10,멕시코,코크스  연탄 및 석유정제품 제조업,4
2024-10,멕시코,펄프  종이 및 종이제품 제조업,4
2024-10,멕시코,하수  폐수 및 분뇨 처리업,4
2024-10,멕시코,화학물질 및 화학제품 제조업; 의약품 제외,4
2024-10,모나코,도매 및 상품 중개업,4
2024-10,모로코,1차 금속 제조업,4
2024-10,모로코,가구 제조업,4
2024-10,모로코,개인 및 소비용품 수리업,4
2024-10,모로코,건축기술  엔지니어링 및 기타 과학기술 서비스업,4
2024-10,모로코,고무 및 플라스틱제품 제조업,4
2024-10,모로코,금속가공제품 제조업; 기계 및 가구 제외,4
2024-10,모로코,금융업,4
2024-10,모로코,기타 기계 및 장비 제조업,4
2024-10,모로코,도매 및 상품 중개업,4
2024-10,모로코,사업시설 관리 및 조경 서비스업,4
2024-10,모로코,사업지원 서비스업,4
2024-10,모로코,산업용 기계 및 장비 수리업,4
2024-10,모로코,소매업; 자동차 제외,4
2024-10,모로코,우편 및 통신업,4
2024-10,모로코,음료 제조업,4
2024-10,모로코,의료용 물질 및 의약품 제조업,4
2024-10,모로코,임대업; 부동산 제외,4
2024-10,모로코,자동차 및 부품 판매업,4
2024-10,모로코,전기장비 제조업,4
2024-10,모로코,전문직별 공사업,4
2024-10,모로코,컴퓨터 프로그래밍  시스템 통합 및 관리업,4
2024-10,모로코,화학물질 및 화학제품 제조업; 의약품 제외,4
2024-10,모리셔스,도매 및 상품 중개업,4
2024-10,모리셔스,자동차 및 부품 판매업,3
2024-10,모리셔스,펄프  종이 및 종이제품 제조업,2
2024-10,모리타니아,도매 및 상품 중개업,5
2024-10,모리타니아,컴퓨터 프로그래밍  시스템 통합 및 관리업,5
2024-10,몬테네그로,도매 및 상품 중개업,3
2024-10,몰도바,금속가공제품 제조업; 기계 및 가구 제외,4
2024-10,몰도바,도매 및 상품 중개업,4
2024-10,몰도바,소매업; 자동차 제외,4
2024-10,몰도바,우편 및 통신업,4
2024-10,몰도바,자동차 및 부품 판매업,4
2024-10,몰도바,코크스  연탄 및 석유정제품 제조업,4
2024-10,몰디브,창고 및 운송관련 서비스업,4
2024-10,몰타,도매 및 상품 중개업,2
2024-10,몰타,섬유제품 제조업; 의복제외,2
2024-10,몰타,자동차 및 부품 판매업,2
2024-10,몰타,전자부품  컴퓨터  영상  음향 및 통신장비 제조업,2
2024-10,몽골,도매 및 상품 중개업,4
2024-10,몽골,소매업; 자동차 제외,4
2024-10,몽골,우편 및 통신업,4
2024-10,몽골,음료 제조업,5
2024-10,몽골,인쇄 및 기록매체 복제업,4
2024-10,몽골,자동차 및 부품 판매업,4
2024-10,몽골,펄프  종이 및 종이제품 제조업,4
2024-10,미국,1차 금속 제조업,2
2024-10,미국,가구 제조업,2
2024-10,미국,가죽  가방 및 신발 제조업,2
2024-10,미국,개인 및 소비용품 수리업,2
2024-10,미국,건축기술  엔지니어링 및 기타 과학기술 서비스업,2
2024-10,미국,고무 및 플라스틱제품 제조업,2
2024-10,미국,공공행정  국방 및 사회보장 행정,2
2024-10,미국,광업 지원 서비스업,2
2024-10,미국,금속가공제품 제조업; 기계 및 가구 제외,2
2024-10,미국,기타 개인 서비스업,2
2024-10,미국,기타 기계 및 장비 제조업,2
2024-10,미국,기타 운송장비 제조업,2
2024-10,미국,기타 전문  과학 및 기술 서비스업,2
2024-10,미국,기타 제품 제조업,2
2024-10,미국,도매 및 상품 중개업,2
2024-10,미국,목재 및 나무제품 제조업; 가구 제외,3
2024-10,미국,방송업,2
2024-10,미국,비금속 광물제품 제조업,2
2024-10,미국,사업지원 서비스업,2
2024-10,미국,산업용 기계 및 장비 수리업,2
2024-10,미국,섬유제품 제조업; 의복제외,2
2024-10,미국,소매업; 자동차 제외,3
2024-10,미국,수상 운송업,2
2024-10,미국,식료품 제조업,2
2024-10,미국,우편 및 통신업,2
2024-10,미국,육상운송 및 파이프라인 운송업,3
2024-10,미국,음식점 및 주점업,2
2024-10,미국,의료  정밀  광학기기 및 시계 제조업,2
2024-10,미국,의료용 물질 및 의약품 제조업,2
2024-10,미국,의복  의복 액세서리 및 모피제품 제조업,2
2024-10,미국,인쇄 및 기록매체 복제업,2
2024-10,미국,임대업; 부동산 제외,2
2024-10,미국,자동차 및 부품 판매업,2
2024-10,미국,자동차 및 트레일러 제조업,2
2024-10,미국,전기  가스  증기 및 공기조절 공급업,2
2024-10,미국,전기장비 제조업,2
2024-10,미국,전문 서비스업,2
2024-10,미국,전문직별 공사업,2
2024-10,미국,전자부품  컴퓨터  영상  음향 및 통신장비 제조업,2
2024-10,미국,정보서비스업,2
2024-10,미국,종합 건설업,2
2024-10,미국,창고 및 운송관련 서비스업,2
2024-10,미국,출판업,2
2024-10,미국,컴퓨터 프로그래밍  시스템 통합 및 관리업,2
2024-10,미국,코크스  연탄 및 석유정제품 제조업,2
2024-10,미국,펄프  종이 및 종이제품 제조업,3
2024-10,미국,항공 운송업,2
2024-10,미국,협회 및 단체,2
2024-10,미국,화학물질 및 화학제품 제조업; 의약품 제외,2
2024-10,미얀마,고무 및 플라스틱제품 제조업,5
2024-10,미얀마,도매 및 상품 중개업,5
2024-10,미얀마,식료품 제조업,5
2024-10,미얀마,인쇄 및 기록매체 복제업,5
2024-10,미얀마,자동차 및 부품 판매업,5
2024-10,바레인,가구 제조업,3
2024-10,바레인,기타 기계 및 장비 제조업,3
2024-10,바레인,도매 및 상품 중개업,3
2024-10,바레인,자동차 및 부품 판매업,3
2024-10,바레인,출판업,3
2024-10,바레인,화학물질 및 화학제품 제조업; 의약품 제외,3
2024-10,바베이도스,금융 및 보험 관련 서비스업,4
2024-10,방글라데시,1차 금속 제조업,4
2024-10,방글라데시,가죽  가방 및 신발 제조업,4
2024-10,방글라데시,고무 및 플라스틱제품 제조업,4
2024-10,방글라데시,금속가공제품 제조업; 기계 및 가구 제외,4
2024-10,방글라데시,기타 기계 및 장비 제조업,4
2024-10,방글라데시,기타 제품 제조업,4
2024-10,방글라데시,도매 및 상품 중개업,4
2024-10,방글라데시,보건업,4
2024-10,방글라데시,비금속 광물제품 제조업,4
2024-10,방글라데시,섬유제품 제조업; 의복제외,4
2024-10,방글라데시,식료품 제조업,4
2024-10,방글라데시,음료 제조업,5
2024-10,방글라데시,의료  정밀  광학기기 및 시계 제조업,4
2024-10,방글라데시,의료용 물질 및 의약품 제조업,4
2024-10,방글라데시,의복  의복 액세서리 및 모피제품 제조업,4
2024-10,방글라데시,인쇄 및 기록매체 복제업,4
2024-10,방글라데시,자동차 및 부품 판매업,4
2024-10,방글라데시,전기장비 제조업,4
2024-10,방글라데시,전자부품  컴퓨터  영상  음향 및 통신장비 제조업,4
2024-10,방글라데시,출판업,5
2024-10,방글라데시,코크스  연탄 및 석유정제품 제조업,4
2024-10,방글라데시,펄프  종이 및 종이제품 제조업,4
2024-10,방글라데시,화학물질 및 화학제품 제조업; 의약품 제외,4
2024-10,베넹,도매 및 상품 중개업,5
2024-10,베트남,1차 금속 제조업,4
2024-10,베트남,가구 제조업,5
2024-10,베트남,가죽  가방 및 신발 제조업,4
2024-10,베트남,개인 및 소비용품 수리업,4
2024-10,베트남,고무 및 플라스틱제품 제조업,4
2024-10,베트남,금속 광업,4
2024-10,베트남,금속가공제품 제조업; 기계 및 가구 제외,4
2024-10,베트남,기타 기계 및 장비 제조업,4
2024-10,베트남,기타 운송장비 제조업,4
2024-10,베트남,기타 전문  과학 및 기술 서비스업,4
2024-10,베트남,기타 제품 제조업,4
2024-10,베트남,농업,4
2024-10,베트남,도매 및 상품 중개업,4
2024-10,베트남,목재 및 나무제품 제조업; 가구 제외,4
2024-10,베트남,비금속 광물제품 제조업,4
2024-10,베트남,산업용 기계 및 장비 수리업,4
2024-10,베트남,섬유제품 제조업; 의복제외,4
2024-10,베트남,소매업; 자동차 제외,4
2024-10,베트남,식료품 제조업,4
2024-10,베트남,음료 제조업,5
2024-10,베트남,의료  정밀  광학기기 및 시계 제조업,4
2024-10,베트남,의료용 물질 및 의약품 제조업,4
2024-10,베트남,의복  의복 액세서리 및 모피제품 제조업,4
2024-10,베트남,인쇄 및 기록매체 복제업,4
2024-10,베트남,자동차 및 부품 판매업,4
2024-10,베트남,자동차 및 트레일러 제조업,4
2024-10,베트남,전기장비 제조업,4
2024-10,베트남,전문 서비스업,4
2024-10,베트남,전문직별 공사업,4
2024-10,베트남,전자부품  컴퓨터  영상  음향 및 통신장비 제조업,4
2024-10,베트남,종합 건설업,4
2024-10,베트남,창고 및 운송관련 서비스업,4
2024-10,베트남,코크스  연탄 및 석유정제품 제조업,4
2024-10,베트남,펄프  종이 및 종이제품 제조업,4
2024-10,베트남,폐기물 수집  운반  처리 및 원료 재생업,4
2024-10,베트남,화학물질 및 화학제품 제조업; 의약품 제외,4
2024-10,벨기에,1차 금속 제조업,4
2024-10,벨기에,고무 및 플라스틱제품 제조업,2
2024-10,벨기에,금속가공제품 제조업; 기계 및 가구 제외,2
2024-10,벨기에,금융업,2
2024-10,벨기에,기타 기계 및 장비 제조업,2
2024-10,벨기에,도매 및 상품 중개업,2
2024-10,벨기에,비금속 광물제품 제조업,2
2024-10,벨기에,사업지원 서비스업,2
2024-10,벨기에,산업용 기계 및 장비 수리업,2
2024-10,벨기에,섬유제품 제조업; 의복제외,2
2024-10,벨기에,소매업; 자동차 제외,2
2024-10,벨기에,수상 운송업,2
2024-10,벨기에,식료품 제조업,2
2024-10,벨기에,의료  정밀  광학기기 및 시계 제조업,2
2024-10,벨기에,의복  의복 액세서리 및 모피제품 제조업,2
2024-10,벨기에,자동차 및 부품 판매업,2
2024-10,벨기에,자동차 및 트레일러 제조업,2
2024-10,벨기에,전기장비 제조업,2
2024-10,벨기에,전자부품  컴퓨터  영상  음향 및 통신장비 제조업,2
2024-10,벨기에,종합 건설업,2
2024-10,벨기에,창고 및 운송관련 서비스업,2
2024-10,벨기에,컴퓨터 프로그래밍  시스템 통합 및 관리업,2
2024-10,벨기에,코크스  연탄 및 석유정제품 제조업,2
2024-10,벨기에,펄프  종이 및 종이제품 제조업,2
2024-10,벨기에,화학물질 및 화학제품 제조업; 의약품 제외,2
2024-10,벨라루스,도매 및 상품 중개업,5
2024-10,벨라루스,자동차 및 부품 판매업,5
2024-10,벨라루스,종합 건설업,5
2024-10,벨리즈,도매 및 상품 중개업,4
2024-10,벨리즈,소매업; 자동차 제외,4
2024-10,벨리즈,자동차 및 부품 판매업,4
2024-10,보스니아-헤르체코비나,도매 및 상품 중개업,4
2024-10,보스니아-헤르체코비나,소매업; 자동차 제외,4
2024-10,보스니아-헤르체코비나,자동차 및 부품 판매업,4
2024-10,보스니아-헤르체코비나,펄프  종이 및 종이제품 제조업,3
2024-10,볼리비아,가구 제조업,4
2024-10,볼리비아,금속 광업,5
2024-10,볼리비아,도매 및 상품 중개업,5
2024-10,볼리비아,육상운송 및 파이프라인 운송업,4
2024-10,볼리비아,자동차 및 부품 판매업,4
2024-10,볼리비아,화학물질 및 화학제품 제조업; 의약품 제외,4
2024-10,부룬디,가구 제조업,5
2024-10,부르키나파소,금속 광업,5
2024-10,부르키나파소,기타 운송장비 제조업,5
2024-10,부르키나파소,도매 및 상품 중개업,5
2024-10,부르키나파소,비금속광물 광업; 연료용 제외,5
2024-10,북마케도니아,도매 및 상품 중개업,4
2024-10,북마케도니아,소매업; 자동차 제외,3
2024-10,북마케도니아,자동차 및 트레일러 제조업,3
2024-10,북마케도니아,펄프  종이 및 종이제품 제조업,3
2024-10,불가리아,개인 및 소비용품 수리업,3
2024-10,불가리아,고무 및 플라스틱제품 제조업,3
2024-10,불가리아,금속가공제품 제조업; 기계 및 가구 제외,3
2024-10,불가리아,기타 기계 및 장비 제조업,3
2024-10,불가리아,기타 제품 제조업,3
2024-10,불가리아,담배 제조업,3
2024-10,불가리아,도매 및 상품 중개업,4
2024-10,불가리아,섬유제품 제조업; 의복제외,3
2024-10,불가리아,식료품 제조업,3
2024-10,불가리아,우편 및 통신업,3
2024-10,불가리아,인쇄 및 기록매체 복제업,3
2024-10,불가리아,자동차 및 부품 판매업,3
2024-10,불가리아,자동차 및 트레일러 제조업,3
2024-10,불가리아,전기장비 제조업,3
2024-10,불가리아,펄프  종이 및 종이제품 제조업,3
2024-10,불가리아,화학물질 및 화학제품 제조업; 의약품 제외,3
2024-10,브라질,1차 금속 제조업,4
2024-10,브라질,가구 제조업,4
2024-10,브라질,가죽  가방 및 신발 제조업,4
2024-10,브라질,고무 및 플라스틱제품 제조업,4
2024-10,브라질,금속가공제품 제조업; 기계 및 가구 제외,4
2024-10,브라질,금융 및 보험 관련 서비스업,4
2024-10,브라질,금융업,4
2024-10,브라질,기타 기계 및 장비 제조업,4
2024-10,브라질,기타 운송장비 제조업,4
2024-10,브라질,기타 제품 제조업,4
2024-10,브라질,도매 및 상품 중개업,4
2024-10,브라질,목재 및 나무제품 제조업; 가구 제외,4
2024-10,브라질,비금속 광물제품 제조업,4
2024-10,브라질,사업지원 서비스업,4
2024-10,브라질,섬유제품 제조업; 의복제외,4
2024-10,브라질,소매업; 자동차 제외,4
2024-10,브라질,숙박업,4
2024-10,브라질,식료품 제조업,4
2024-10,브라질,연구개발업,4
2024-10,브라질,의료  정밀  광학기기 및 시계 제조업,4
2024-10,브라질,의료용 물질 및 의약품 제조업,4
2024-10,브라질,의복  의복 액세서리 및 모피제품 제조업,4
2024-10,브라질,인쇄 및 기록매체 복제업,4
2024-10,브라질,자동차 및 부품 판매업,4
2024-10,브라질,자동차 및 트레일러 제조업,4
2024-10,브라질,전기장비 제조업,4
2024-10,브라질,전문 서비스업,4
2024-10,브라질,전문직별 공사업,4
2024-10,브라질,전자부품  컴퓨터  영상  음향 및 통신장비 제조업,4
2024-10,브라질,창고 및 운송관련 서비스업,4
2024-10,브라질,컴퓨터 프로그래밍  시스템 통합 및 관리업,4
2024-10,브라질,코크스  연탄 및 석유정제품 제조업,4
2024-10,브라질,펄프  종이 및 종이제품 제조업,4
2024-10,브라질,화학물질 및 화학제품 제조업; 의약품 제외,4
2024-10,사우디아라비아,1차 금속 제조업,5
2024-10,사우디아라비아,가구 제조업,3
2024-10,사우디아라비아,건축기술  엔지니어링 및 기타 과학기술 서비스업,3
2024-10,사우디아라비아,고무 및 플라스틱제품 제조업,3
2024-10,사우디아라비아,광업 지원 서비스업,3
2024-10,사우디아라비아,금속가공제품 제조업; 기계 및 가구 제외,4
2024-10,사우디아라비아,금융업,3
2024-10,사우디아라비아,기타 기계 및 장비 제조업,3
2024-10,사우디아라비아,도매 및 상품 중개업,4
2024-10,사우디아라비아,비금속 광물제품 제조업,3
2024-10,사우디아라비아,사업시설 관리 및 조경 서비스업,3
2024-10,사우디아라비아,사업지원 서비스업,3
2024-10,사우디아라비아,섬유제품 제조업; 의복제외,3
2024-10,사우디아라비아,소매업; 자동차 제외,3
2024-10,사우디아라비아,수도업,3
2024-10,사우디아라비아,수상 운송업,5
2024-10,사우디아라비아,식료품 제조업,3
2024-10,사우디아라비아,의료  정밀  광학기기 및 시계 제조업,3
2024-10,사우디아라비아,의료용 물질 및 의약품 제조업,3
2024-10,사우디아라비아,의복  의복 액세서리 및 모피제품 제조업,5
2024-10,사우디아라비아,자동차 및 부품 판매업,4
2024-10,사우디아라비아,전기  가스  증기 및 공기조절 공급업,3
2024-10,사우디아라비아,전기장비 제조업,4
2024-10,사우디아라비아,전문직별 공사업,3
2024-10,사우디아라비아,종합 건설업,3
2024-10,사우디아라비아,창고 및 운송관련 서비스업,3
2024-10,사우디아라비아,출판업,3
2024-10,사우디아라비아,컴퓨터 프로그래밍  시스템 통합 및 관리업,3
2024-10,사우디아라비아,코크스  연탄 및 석유정제품 제조업,3
2024-10,사우디아라비아,펄프  종이 및 종이제품 제조업,3
2024-10,사우디아라비아,화학물질 및 화학제품 제조업; 의약품 제외,3
2024-10,사이프러스,도매 및 상품 중개업,2
2024-10,사이프러스,수상 운송업,2
2024-10,사이프러스,자동차 및 부품 판매업,2
2024-10,산 마리노,1차 금속 제조업,5
2024-10,산 마리노,고무 및 플라스틱제품 제조업,3
2024-10,세네갈,가구 제조업,4
2024-10,세네갈,도매 및 상품 중개업,5
2024-10,세르비아,고무 및 플라스틱제품 제조업,3
2024-10,세르비아,도매 및 상품 중개업,3
2024-10,세르비아,사업지원 서비스업,3
2024-10,세르비아,섬유제품 제조업; 의복제외,4
2024-10,세르비아,자동차 및 부품 판매업,3
2024-10,세르비아,자동차 및 트레일러 제조업,3
2024-10,세르비아,전기장비 제조업,3
2024-10,세르비아,전문직별 공사업,3
2024-10,세르비아,전자부품  컴퓨터  영상  음향 및 통신장비 제조업,3
2024-10,세르비아,컴퓨터 프로그래밍  시스템 통합 및 관리업,3
2024-10,세르비아,화학물질 및 화학제품 제조업; 의약품 제외,3
2024-10,세이셸,도매 및 상품 중개업,4
2024-10,세이셸,소매업; 자동차 제외,4
2024-10,세인트 빈센트 그레나딘,도매 및 상품 중개업,4
2024-10,수리남,금속 광업,5
2024-10,스리랑카,고무 및 플라스틱제품 제조업,5
2024-10,스리랑카,금속가공제품 제조업; 기계 및 가구 제외,4
2024-10,스리랑카,농업,4
2024-10,스리랑카,도매 및 상품 중개업,4
2024-10,스리랑카,비금속 광물제품 제조업,4
2024-10,스리랑카,섬유제품 제조업; 의복제외,4
2024-10,스리랑카,식료품 제조업,4
2024-10,스리랑카,의복  의복 액세서리 및 모피제품 제조업,4
2024-10,스리랑카,자동차 및 부품 판매업,4
2024-10,스리랑카,전기장비 제조업,4
2024-10,스리랑카,화학물질 및 화학제품 제조업; 의약품 제외,4
2024-10,스웨덴,1차 금속 제조업,2
2024-10,스웨덴,개인 및 소비용품 수리업,2
2024-10,스웨덴,건축기술  엔지니어링 및 기타 과학기술 서비스업,2
2024-10,스웨덴,고무 및 플라스틱제품 제조업,2
2024-10,스웨덴,금속가공제품 제조업; 기계 및 가구 제외,2
2024-10,스웨덴,기타 기계 및 장비 제조업,2
2024-10,스웨덴,도매 및 상품 중개업,2
2024-10,스웨덴,섬유제품 제조업; 의복제외,2
2024-10,스웨덴,소매업; 자동차 제외,2
2024-10,스웨덴,연구개발업,2
2024-10,스웨덴,자동차 및 부품 판매업,2
2024-10,스웨덴,자동차 및 트레일러 제조업,2
2024-10,스웨덴,전기장비 제조업,2
2024-10,스웨덴,전문 서비스업,2
2024-10,스웨덴,전자부품  컴퓨터  영상  음향 및 통신장비 제조업,2
2024-10,스웨덴,컴퓨터 프로그래밍  시스템 통합 및 관리업,2
2024-10,스웨덴,코크스  연탄 및 석유정제품 제조업,2
2024-10,스웨덴,펄프  종이 및 종이제품 제조업,2
2024-10,스웨덴,화학물질 및 화학제품 제조업; 의약품 제외,2
2024-10,스위스,1차 금속 제조업,1
2024-10,스위스,가죽  가방 및 신발 제조업,1
2024-10,스위스,고무 및 플라스틱제품 제조업,1
2024-10,스위스,금속가공제품 제조업; 기계 및 가구 제외,2
2024-10,스위스,금융 및 보험 관련 서비스업,1
2024-10,스위스,기타 기계 및 장비 제조업,1
2024-10,스위스,기타 운송장비 제조업,1
2024-10,스위스,기타 제품 제조업,1
2024-10,스위스,담배 제조업,1
2024-10,스위스,도매 및 상품 중개업,2
2024-10,스위스,비금속 광물제품 제조업,1
2024-10,스위스,사업지원 서비스업,1
2024-10,스위스,소매업; 자동차 제외,1
2024-10,스위스,수도업,1
2024-10,스위스,수상 운송업,1
2024-10,스위스,의료  정밀  광학기기 및 시계 제조업,1
2024-10,스위스,의료용 물질 및 의약품 제조업,1
2024-10,스위스,의복  의복 액세서리 및 모피제품 제조업,1
2024-10,스위스,자동차 및 부품 판매업,1
2024-10,스위스,전기장비 제조업,1
2024-10,스위스,전문 서비스업,1
2024-10,스위스,전문직별 공사업,1
2024-10,스위스,전자부품  컴퓨터  영상  음향 및 통신장비 제조업,1
2024-10,스위스,코크스  연탄 및 석유정제품 제조업,1
2024-10,스위스,화학물질 및 화학제품 제조업; 의약품 제외,1
2024-10,스페인,1차 금속 제조업,2
2024-10,스페인,개인 및 소비용품 수리업,2
2024-10,스페인,건축기술  엔지니어링 및 기타 과학기술 서비스업,2
2024-10,스페인,고무 및 플라스틱제품 제조업,2
2024-10,스페인,금속가공제품 제조업; 기계 및 가구 제외,2
2024-10,스페인,금융업,2
2024-10,스페인,기타 기계 및 장비 제조업,2
2024-10,스페인,기타 운송장비 제조업,5
2024-10,스페인,기타 제품 제조업,2
2024-10,스페인,도매 및 상품 중개업,2
2024-10,스페인,비금속 광물제품 제조업,2
2024-10,스페인,사업지원 서비스업,2
2024-10,스페인,산업용 기계 및 장비 수리업,2
2024-10,스페인,섬유제품 제조업; 의복제외,2
2024-10,스페인,소매업; 자동차 제외,2
2024-10,스페인,식료품 제조업,2
2024-10,스페인,우편 및 통신업,2
2024-10,스페인,의료  정밀  광학기기 및 시계 제조업,2
2024-10,스페인,의료용 물질 및 의약품 제조업,2
2024-10,스페인,인쇄 및 기록매체 복제업,2
2024-10,스페인,자동차 및 부품 판매업,2
2024-10,스페인,자동차 및 트레일러 제조업,3
2024-10,스페인,전기  가스  증기 및 공기조절 공급업,5
2024-10,스페인,전기장비 제조업,2
2024-10,스페인,전문 서비스업,2
2024-10,스페인,전문직별 공사업,2
2024-10,스페인,전자부품  컴퓨터  영상  음향 및 통신장비 제조업,2
2024-10,스페인,종합 건설업,2
2024-10,스페인,컴퓨터 프로그래밍  시스템 통합 및 관리업,2
2024-10,스페인,코크스  연탄 및 석유정제품 제조업,2
2024-10,스페인,펄프  종이 및 종이제품 제조업,2
2024-10,스페인,하수  폐수 및 분뇨 처리업,2
2024-10,스페인,화학물질 및 화학제품 제조업; 의약품 제외,2
2024-10,슬로바키아,고무 및 플라스틱제품 제조업,2
2024-10,슬로바키아,기타 기계 및 장비 제조업,2
2024-10,슬로바키아,도매 및 상품 중개업,2
2024-10,슬로바키아,목재 및 나무제품 제조업; 가구 제외,2
2024-10,슬로바키아,비금속 광물제품 제조업,2
2024-10,슬로바키아,산업용 기계 및 장비 수리업,2
2024-10,슬로바키아,섬유제품 제조업; 의복제외,2
2024-10,슬로바키아,소매업; 자동차 제외,2
2024-10,슬로바키아,의료  정밀  광학기기 및 시계 제조업,2
2024-10,슬로바키아,의복  의복 액세서리 및 모피제품 제조업,2
2024-10,슬로바키아,인쇄 및 기록매체 복제업,2
2024-10,슬로바키아,자동차 및 부품 판매업,2
2024-10,슬로바키아,자동차 및 트레일러 제조업,2
2024-10,슬로바키아,전기장비 제조업,2
2024-10,슬로바키아,전문직별 공사업,2
2024-10,슬로바키아,전자부품  컴퓨터  영상  음향 및 통신장비 제조업,2
2024-10,슬로바키아,화학물질 및 화학제품 제조업; 의약품 제외,2
2024-10,슬로베니아,기타 기계 및 장비 제조업,2
2024-10,슬로베니아,기타 제품 제조업,2
2024-10,슬로베니아,도매 및 상품 중개업,2
2024-10,슬로베니아,섬유제품 제조업; 의복제외,2
2024-10,슬로베니아,소매업; 자동차 제외,2
2024-10,슬로베니아,자동차 및 부품 판매업,2
2024-10,슬로베니아,전기장비 제조업,2
2024-10,슬로베니아,전문직별 공사업,2
2024-10,슬로베니아,화학물질 및 화학제품 제조업; 의약품 제외,2
2024-10,시에라리온,도매 및 상품 중개업,5
2024-10,싱가포르,1차 금속 제조업,1
2024-10,싱가포르,가죽  가방 및 신발 제조업,1
2024-10,싱가포르,건축기술  엔지니어링 및 기타 과학기술 서비스업,1
2024-10,싱가포르,고무 및 플라스틱제품 제조업,1
2024-10,싱가포르,광업 지원 서비스업,1
2024-10,싱가포르,금속가공제품 제조업; 기계 및 가구 제외,1
2024-10,싱가포르,금융업,1
2024-10,싱가포르,기타 기계 및 장비 제조업,1
2024-10,싱가포르,기타 운송장비 제조업,1
2024-10,싱가포르,담배 제조업,1
2024-10,싱가포르,도매 및 상품 중개업,1
2024-10,싱가포르,비금속 광물제품 제조업,2
2024-10,싱가포르,사업지원 서비스업,1
2024-10,싱가포르,석탄  원유 및 천연가스 광업,1
2024-10,싱가포르,섬유제품 제조업; 의복제외,1
2024-10,싱가포르,소매업; 자동차 제외,1
2024-10,싱가포르,수상 운송업,1
2024-10,싱가포르,식료품 제조업,3
2024-10,싱가포르,음료 제조업,1
2024-10,싱가포르,의료  정밀  광학기기 및 시계 제조업,1
2024-10,싱가포르,인쇄 및 기록매체 복제업,1
2024-10,싱가포르,임대업; 부동산 제외,1
2024-10,싱가포르,자동차 및 부품 판매업,1
2024-10,싱가포르,자동차 및 트레일러 제조업,1
2024-10,싱가포르,전기  가스  증기 및 공기조절 공급업,1
2024-10,싱가포르,전기장비 제조업,1
2024-10,싱가포르,전문 서비스업,1
2024-10,싱가포르,전문직별 공사업,1
2024-10,싱가포르,전자부품  컴퓨터  영상  음향 및 통신장비 제조업,1
2024-10,싱가포르,종합 건설업,1
2024-10,싱가포르,창고 및 운송관련 서비스업,1
2024-10,싱가포르,출판업,1
2024-10,싱가포르,코크스  연탄 및 석유정제품 제조업,1
2024-10,싱가포르,펄프  종이 및 종이제품 제조업,1
2024-10,싱가포르,화학물질 및 화학제품 제조업; 의약품 제외,1
2024-10,아랍에미리트 연합,1차 금속 제조업,4
2024-10,아랍에미리트 연합,가구 제조업,3
2024-10,아랍에미리트 연합,고무 및 플라스틱제품 제조업,3
2024-10,아랍에미리트 연합,광업 지원 서비스업,3
2024-10,아랍에미리트 연합,금속 광업,3
2024-10,아랍에미리트 연합,금속가공제품 제조업; 기계 및 가구 제외,3
2024-10,아랍에미리트 연합,기타 기계 및 장비 제조업,3
2024-10,아랍에미리트 연합,도매 및 상품 중개업,3
2024-10,아랍에미리트 연합,비금속 광물제품 제조업,3
2024-10,아랍에미리트 연합,소매업; 자동차 제외,4
2024-10,아랍에미리트 연합,수상 운송업,3
2024-10,아랍에미리트 연합,식료품 제조업,3
2024-10,아랍에미리트 연합,육상운송 및 파이프라인 운송업,3
2024-10,아랍에미리트 연합,인쇄 및 기록매체 복제업,2
2024-10,아랍에미리트 연합,자동차 및 부품 판매업,3
2024-10,아랍에미리트 연합,자동차 및 트레일러 제조업,3
2024-10,아랍에미리트 연합,전기  가스  증기 및 공기조절 공급업,4
2024-10,아랍에미리트 연합,전기장비 제조업,3
2024-10,아랍에미리트 연합,전문 서비스업,3
2024-10,아랍에미리트 연합,전문직별 공사업,3
2024-10,아랍에미리트 연합,종합 건설업,4
2024-10,아랍에미리트 연합,창고 및 운송관련 서비스업,3
2024-10,아랍에미리트 연합,출판업,3
2024-10,아랍에미리트 연합,코크스  연탄 및 석유정제품 제조업,3
2024-10,아랍에미리트 연합,펄프  종이 및 종이제품 제조업,3
2024-10,아랍에미리트 연합,항공 운송업,3
2024-10,아랍에미리트 연합,화학물질 및 화학제품 제조업; 의약품 제외,3
2024-10,아루바,자동차 및 부품 판매업,4
2024-10,아르메니아,1차 금속 제조업,5
2024-10,아르메니아,가구 제조업,5
2024-10,아르메니아,고무 및 플라스틱제품 제조업,5
2024-10,아르메니아,금속가공제품 제조업; 기계 및 가구 제외,5
2024-10,아르메니아,도매 및 상품 중개업,5
2024-10,아르메니아,펄프  종이 및 종이제품 제조업,5
2024-10,아르헨티나,1차 금속 제조업,4
2024-10,아르헨티나,가구 제조업,5
2024-10,아르헨티나,고무 및 플라스틱제품 제조업,4
2024-10,아르헨티나,금속가공제품 제조업; 기계 및 가구 제외,4
2024-10,아르헨티나,기타 개인 서비스업,4
2024-10,아르헨티나,기타 기계 및 장비 제조업,4
2024-10,아르헨티나,도매 및 상품 중개업,4
2024-10,아르헨티나,비금속 광물제품 제조업,4
2024-10,아르헨티나,석탄  원유 및 천연가스 광업,5
2024-10,아르헨티나,섬유제품 제조업; 의복제외,4
2024-10,아르헨티나,소매업; 자동차 제외,4
2024-10,아르헨티나,우편 및 통신업,5
2024-10,아르헨티나,의료  정밀  광학기기 및 시계 제조업,5
2024-10,아르헨티나,의료용 물질 및 의약품 제조업,4
2024-10,아르헨티나,의복  의복 액세서리 및 모피제품 제조업,4
2024-10,아르헨티나,인쇄 및 기록매체 복제업,4
2024-10,아르헨티나,자동차 및 부품 판매업,4
2024-10,아르헨티나,자동차 및 트레일러 제조업,4
2024-10,아르헨티나,전기장비 제조업,4
2024-10,아르헨티나,전자부품  컴퓨터  영상  음향 및 통신장비 제조업,4
2024-10,아르헨티나,펄프  종이 및 종이제품 제조업,4
2024-10,아르헨티나,화학물질 및 화학제품 제조업; 의약품 제외,4
2024-10,아이슬란드,개인 및 소비용품 수리업,2
2024-10,아이슬란드,고무 및 플라스틱제품 제조업,2
2024-10,아이슬란드,기타 전문  과학 및 기술 서비스업,2
2024-10,아이슬란드,소매업; 자동차 제외,2
2024-10,아이슬란드,자동차 및 부품 판매업,2
2024-10,아이슬란드,전문직별 공사업,2
2024-10,아이티,자동차 및 부품 판매업,5
2024-10,아일랜드,고무 및 플라스틱제품 제조업,1
2024-10,아일랜드,금속가공제품 제조업; 기계 및 가구 제외,1
2024-10,아일랜드,금융업,1
2024-10,아일랜드,기타 개인 서비스업,1
2024-10,아일랜드,기타 제품 제조업,1
2024-10,아일랜드,농업,1
2024-10,아일랜드,도매 및 상품 중개업,1
2024-10,아일랜드,비금속 광물제품 제조업,1
2024-10,아일랜드,소매업; 자동차 제외,1
2024-10,아일랜드,식료품 제조업,1
2024-10,아일랜드,의료  정밀  광학기기 및 시계 제조업,1
2024-10,아일랜드,의료용 물질 및 의약품 제조업,1
2024-10,아일랜드,자동차 및 부품 판매업,1
2024-10,아일랜드,자동차 및 트레일러 제조업,1
2024-10,아일랜드,전기장비 제조업,1
2024-10,아일랜드,전문직별 공사업,1
2024-10,아일랜드,전자부품  컴퓨터  영상  음향 및 통신장비 제조업,1
2024-10,아일랜드,컴퓨터 프로그래밍  시스템 통합 및 관리업,1
2024-10,아일랜드,코크스  연탄 및 석유정제품 제조업,1
2024-10,아일랜드,펄프  종이 및 종이제품 제조업,1
2024-10,아일랜드,화학물질 및 화학제품 제조업; 의약품 제외,1
2024-10,아제르바이잔,1차 금속 제조업,4
2024-10,아제르바이잔,가구 제조업,4
2024-10,아제르바이잔,개인 및 소비용품 수리업,4
2024-10,아제르바이잔,도매 및 상품 중개업,5
2024-10,아제르바이잔,부동산업,4
2024-10,아제르바이잔,비금속 광물제품 제조업,4
2024-10,아제르바이잔,소매업; 자동차 제외,4
2024-10,아제르바이잔,자동차 및 부품 판매업,4
2024-10,아제르바이잔,컴퓨터 프로그래밍  시스템 통합 및 관리업,4
2024-10,아제르바이잔,화학물질 및 화학제품 제조업; 의약품 제외,4
2024-10,안도라,개인 및 소비용품 수리업,3
2024-10,안도라,도매 및 상품 중개업,3
2024-10,알제리,가죽  가방 및 신발 제조업,4
2024-10,알제리,고무 및 플라스틱제품 제조업,5
2024-10,알제리,도매 및 상품 중개업,4
2024-10,알제리,비금속 광물제품 제조업,5
2024-10,알제리,의료용 물질 및 의약품 제조업,4
2024-10,알제리,의복  의복 액세서리 및 모피제품 제조업,5
2024-10,알제리,자동차 및 부품 판매업,4
2024-10,알제리,전기장비 제조업,5
2024-10,알제리,전문직별 공사업,4
2024-10,알제리,전자부품  컴퓨터  영상  음향 및 통신장비 제조업,4
2024-10,알제리,펄프  종이 및 종이제품 제조업,4
2024-10,알제리,화학물질 및 화학제품 제조업; 의약품 제외,5
2024-10,에스토니아,개인 및 소비용품 수리업,2
2024-10,에스토니아,금속가공제품 제조업; 기계 및 가구 제외,2
2024-10,에스토니아,기타 기계 및 장비 제조업,2
2024-10,에스토니아,도매 및 상품 중개업,2
2024-10,에스토니아,산업용 기계 및 장비 수리업,2
2024-10,에스토니아,섬유제품 제조업; 의복제외,2
2024-10,에스토니아,소매업; 자동차 제외,3
2024-10,에스토니아,임대업; 부동산 제외,2
2024-10,에스토니아,자동차 및 부품 판매업,2
2024-10,에스토니아,전기장비 제조업,2
2024-10,에스토니아,전자부품  컴퓨터  영상  음향 및 통신장비 제조업,2
2024-10,에스토니아,화학물질 및 화학제품 제조업; 의약품 제외,2
2024-10,에콰도르,가구 제조업,4
2024-10,에콰도르,고무 및 플라스틱제품 제조업,5
2024-10,에콰도르,금속가공제품 제조업; 기계 및 가구 제외,4
2024-10,에콰도르,도매 및 상품 중개업,4
2024-10,에콰도르,섬유제품 제조업; 의복제외,4
2024-10,에콰도르,소매업; 자동차 제외,4
2024-10,에콰도르,식료품 제조업,5
2024-10,에콰도르,어업,4
2024-10,에콰도르,의료용 물질 및 의약품 제조업,4
2024-10,에콰도르,자동차 및 부품 판매업,4
2024-10,에콰도르,자동차 및 트레일러 제조업,4
2024-10,에콰도르,전기장비 제조업,4
2024-10,에콰도르,펄프  종이 및 종이제품 제조업,4
2024-10,에콰도르,화학물질 및 화학제품 제조업; 의약품 제외,4
2024-10,에티오피아,도매 및 상품 중개업,5
2024-10,엘살바도르,1차 금속 제조업,4
2024-10,엘살바도르,고무 및 플라스틱제품 제조업,4
2024-10,엘살바도르,도매 및 상품 중개업,4
2024-10,엘살바도르,섬유제품 제조업; 의복제외,4
2024-10,엘살바도르,소매업; 자동차 제외,4
2024-10,엘살바도르,식료품 제조업,4
2024-10,엘살바도르,우편 및 통신업,4
2024-10,엘살바도르,자동차 및 부품 판매업,5
2024-10,엘살바도르,화학물질 및 화학제품 제조업; 의약품 제외,4
2024-10,영국,1차 금속 제조업,2
2024-10,영국,가구 제조업,2
2024-10,영국,개인 및 소비용품 수리업,3
2024-10,영국,고무 및 플라스틱제품 제조업,2
2024-10,영국,금속가공제품 제조업; 기계 및 가구 제외,2
2024-10,영국,금융업,2
2024-10,영국,기타 개인 서비스업,2
2024-10,영국,기타 기계 및 장비 제조업,2
2024-10,영국,기타 운송장비 제조업,2
2024-10,영국,기타 전문  과학 및 기술 서비스업,2
2024-10,영국,기타 제품 제조업,2
2024-10,영국,도매 및 상품 중개업,2
2024-10,영국,비금속 광물제품 제조업,2
2024-10,영국,사업지원 서비스업,2
2024-10,영국,산업용 기계 및 장비 수리업,2
2024-10,영국,섬유제품 제조업; 의복제외,2
2024-10,영국,소매업; 자동차 제외,2
2024-10,영국,수상 운송업,2
2024-10,영국,스포츠 및 오락관련 서비스업,2
2024-10,영국,식료품 제조업,2
2024-10,영국,우편 및 통신업,2
2024-10,영국,음료 제조업,2
2024-10,영국,의료  정밀  광학기기 및 시계 제조업,2
2024-10,영국,의료용 물질 및 의약품 제조업,2
2024-10,영국,의복  의복 액세서리 및 모피제품 제조업,2
2024-10,영국,인쇄 및 기록매체 복제업,2
2024-10,영국,자동차 및 부품 판매업,2
2024-10,영국,자동차 및 트레일러 제조업,2
2024-10,영국,전기  가스  증기 및 공기조절 공급업,2
2024-10,영국,전기장비 제조업,2
2024-10,영국,전문 서비스업,3
2024-10,영국,전문직별 공사업,2
2024-10,영국,전자부품  컴퓨터  영상  음향 및 통신장비 제조업,2
2024-10,영국,종합 건설업,2
2024-10,영국,창고 및 운송관련 서비스업,2
2024-10,영국,출판업,2
2024-10,영국,컴퓨터 프로그래밍  시스템 통합 및 관리업,2
2024-10,영국,코크스  연탄 및 석유정제품 제조업,2
2024-10,영국,펄프  종이 및 종이제품 제조업,2
2024-10,영국,화학물질 및 화학제품 제조업; 의약품 제외,2
2024-10,영국령 버진군도,금융업,4
2024-10,오만,1차 금속 제조업,4
2024-10,오만,가구 제조업,5
2024-10,오만,건축기술  엔지니어링 및 기타 과학기술 서비스업,3
2024-10,오만,고무 및 플라스틱제품 제조업,3
2024-10,오만,도매 및 상품 중개업,3
2024-10,오만,식료품 제조업,3
2024-10,오만,자동차 및 부품 판매업,3
2024-10,오만,종합 건설업,3
2024-10,오만,컴퓨터 프로그래밍  시스템 통합 및 관리업,4
2024-10,오만,화학물질 및 화학제품 제조업; 의약품 제외,3
2024-10,오스트리아,가구 제조업,1
2024-10,오스트리아,고무 및 플라스틱제품 제조업,1
2024-10,오스트리아,기타 기계 및 장비 제조업,1
2024-10,오스트리아,도매 및 상품 중개업,1
2024-10,오스트리아,비금속 광물제품 제조업,1
2024-10,오스트리아,산업용 기계 및 장비 수리업,1
2024-10,오스트리아,섬유제품 제조업; 의복제외,1
2024-10,오스트리아,식료품 제조업,2
2024-10,오스트리아,음료 제조업,1
2024-10,오스트리아,의료  정밀  광학기기 및 시계 제조업,1
2024-10,오스트리아,자동차 및 부품 판매업,1
2024-10,오스트리아,자동차 및 트레일러 제조업,2
2024-10,오스트리아,전기장비 제조업,2
2024-10,오스트리아,전문직별 공사업,1
2024-10,오스트리아,펄프  종이 및 종이제품 제조업,1
2024-10,오스트리아,화학물질 및 화학제품 제조업; 의약품 제외,1
2024-10,온두라스,1차 금속 제조업,4
2024-10,온두라스,건축기술  엔지니어링 및 기타 과학기술 서비스업,4
2024-10,온두라스,고무 및 플라스틱제품 제조업,5
2024-10,온두라스,금속가공제품 제조업; 기계 및 가구 제외,5
2024-10,온두라스,농업,4
2024-10,온두라스,도매 및 상품 중개업,5
2024-10,온두라스,섬유제품 제조업; 의복제외,5
2024-10,온두라스,소매업; 자동차 제외,4
2024-10,온두라스,식료품 제조업,4
2024-10,온두라스,자동차 및 부품 판매업,5
2024-10,온두라스,화학물질 및 화학제품 제조업; 의약품 제외,4
2024-10,요르단,가구 제조업,3
2024-10,요르단,고무 및 플라스틱제품 제조업,4
2024-10,요르단,금속가공제품 제조업; 기계 및 가구 제외,3
2024-10,요르단,금융업,3
2024-10,요르단,기타 기계 및 장비 제조업,4
2024-10,요르단,농업,4
2024-10,요르단,도매 및 상품 중개업,4
2024-10,요르단,비금속 광물제품 제조업,3
2024-10,요르단,식료품 제조업,3
2024-10,요르단,의료용 물질 및 의약품 제조업,4
2024-10,요르단,자동차 및 부품 판매업,3
2024-10,요르단,전기장비 제조업,3
2024-10,요르단,펄프  종이 및 종이제품 제조업,5
2024-10,요르단,화학물질 및 화학제품 제조업; 의약품 제외,4
2024-10,우간다,1차 금속 제조업,5
2024-10,우간다,가구 제조업,5
2024-10,우간다,금속가공제품 제조업; 기계 및 가구 제외,5
2024-10,우간다,도매 및 상품 중개업,5
2024-10,우루과이,개인 및 소비용품 수리업,4
2024-10,우루과이,도매 및 상품 중개업,4
2024-10,우루과이,의료용 물질 및 의약품 제조업,4
2024-10,우루과이,자동차 및 부품 판매업,4
2024-10,우루과이,자동차 및 트레일러 제조업,4
2024-10,우루과이,전문직별 공사업,4
2024-10,우루과이,펄프  종이 및 종이제품 제조업,4
2024-10,우루과이,화학물질 및 화학제품 제조업; 의약품 제외,4
2024-10,우즈베키스탄,1차 금속 제조업,4
2024-10,우즈베키스탄,고무 및 플라스틱제품 제조업,5
2024-10,우즈베키스탄,도매 및 상품 중개업,4
2024-10,우즈베키스탄,소매업; 자동차 제외,4
2024-10,우즈베키스탄,음식점 및 주점업,4
2024-10,우즈베키스탄,의료용 물질 및 의약품 제조업,5
2024-10,우즈베키스탄,자동차 및 부품 판매업,4
2024-10,우즈베키스탄,자동차 및 트레일러 제조업,5
2024-10,우즈베키스탄,전기장비 제조업,4
2024-10,우즈베키스탄,펄프  종이 및 종이제품 제조업,4
2024-10,우크라이나,고무 및 플라스틱제품 제조업,4
2024-10,우크라이나,도매 및 상품 중개업,4
2024-10,우크라이나,산업용 기계 및 장비 수리업,5
2024-10,우크라이나,소매업; 자동차 제외,5
2024-10,우크라이나,자동차 및 부품 판매업,4
2024-10,우크라이나,전기  가스  증기 및 공기조절 공급업,5
2024-10,우크라이나,전기장비 제조업,4
2024-10,우크라이나,화학물질 및 화학제품 제조업; 의약품 제외,5
2024-10,이라크,도매 및 상품 중개업,5
2024-10,이라크,자동차 및 부품 판매업,5
2024-10,이스라엘,1차 금속 제조업,3
2024-10,이스라엘,고무 및 플라스틱제품 제조업,3
2024-10,이스라엘,금속가공제품 제조업; 기계 및 가구 제외,3
2024-10,이스라엘,금융업,3
2024-10,이스라엘,기타 기계 및 장비 제조업,3
2024-10,이스라엘,도매 및 상품 중개업,3
2024-10,이스라엘,비금속 광물제품 제조업,3
2024-10,이스라엘,산업용 기계 및 장비 수리업,3
2024-10,이스라엘,섬유제품 제조업; 의복제외,3
2024-10,이스라엘,소매업; 자동차 제외,4
2024-10,이스라엘,식료품 제조업,3
2024-10,이스라엘,우편 및 통신업,3
2024-10,이스라엘,의료  정밀  광학기기 및 시계 제조업,3
2024-10,이스라엘,의료용 물질 및 의약품 제조업,3
2024-10,이스라엘,의복  의복 액세서리 및 모피제품 제조업,3
2024-10,이스라엘,자동차 및 부품 판매업,3
2024-10,이스라엘,전기장비 제조업,3
2024-10,이스라엘,전문직별 공사업,4
2024-10,이스라엘,전자부품  컴퓨터  영상  음향 및 통신장비 제조업,3
2024-10,이스라엘,컴퓨터 프로그래밍  시스템 통합 및 관리업,3
2024-10,이스라엘,펄프  종이 및 종이제품 제조업,3
2024-10,이스라엘,화학물질 및 화학제품 제조업; 의약품 제외,3
2024-10,이집트,1차 금속 제조업,5
2024-10,이집트,가구 제조업,5
2024-10,이집트,고무 및 플라스틱제품 제조업,4
2024-10,이집트,금속가공제품 제조업; 기계 및 가구 제외,5
2024-10,이집트,기타 기계 및 장비 제조업,4
2024-10,이집트,도매 및 상품 중개업,5
2024-10,이집트,부동산업,4
2024-10,이집트,비금속 광물제품 제조업,4
2024-10,이집트,사업지원 서비스업,4
2024-10,이집트,섬유제품 제조업; 의복제외,4
2024-10,이집트,소매업; 자동차 제외,4
2024-10,이집트,식료품 제조업,4
2024-10,이집트,우편 및 통신업,4
2024-10,이집트,의료  정밀  광학기기 및 시계 제조업,4
2024-10,이집트,의료용 물질 및 의약품 제조업,4
2024-10,이집트,의복  의복 액세서리 및 모피제품 제조업,4
2024-10,이집트,자동차 및 부품 판매업,5
2024-10,이집트,자동차 및 트레일러 제조업,4
2024-10,이집트,전기장비 제조업,5
2024-10,이집트,전문직별 공사업,4
2024-10,이집트,전자부품  컴퓨터  영상  음향 및 통신장비 제조업,4
2024-10,이집트,창고 및 운송관련 서비스업,4
2024-10,이집트,코크스  연탄 및 석유정제품 제조업,4
2024-10,이집트,펄프  종이 및 종이제품 제조업,5
2024-10,이집트,화학물질 및 화학제품 제조업; 의약품 제외,5
2024-10,이탈리아,1차 금속 제조업,3
2024-10,이탈리아,가구 제조업,2
2024-10,이탈리아,가죽  가방 및 신발 제조업,2
2024-10,이탈리아,개인 및 소비용품 수리업,2
2024-10,이탈리아,고무 및 플라스틱제품 제조업,2
2024-10,이탈리아,금속가공제품 제조업; 기계 및 가구 제외,2
2024-10,이탈리아,금융업,2
2024-10,이탈리아,기타 기계 및 장비 제조업,2
2024-10,이탈리아,기타 운송장비 제조업,2
2024-10,이탈리아,기타 제품 제조업,3
2024-10,이탈리아,농업,2
2024-10,이탈리아,도매 및 상품 중개업,2
2024-10,이탈리아,비금속 광물제품 제조업,2
2024-10,이탈리아,산업용 기계 및 장비 수리업,2
2024-10,이탈리아,섬유제품 제조업; 의복제외,2
2024-10,이탈리아,소매업; 자동차 제외,3
2024-10,이탈리아,수상 운송업,2
2024-10,이탈리아,식료품 제조업,2
2024-10,이탈리아,우편 및 통신업,2
2024-10,이탈리아,음료 제조업,2
2024-10,이탈리아,의료  정밀  광학기기 및 시계 제조업,2
2024-10,이탈리아,의료용 물질 및 의약품 제조업,2
2024-10,이탈리아,의복  의복 액세서리 및 모피제품 제조업,2
2024-10,이탈리아,인쇄 및 기록매체 복제업,2
2024-10,이탈리아,자동차 및 부품 판매업,3
2024-10,이탈리아,자동차 및 트레일러 제조업,2
2024-10,이탈리아,전기장비 제조업,2
2024-10,이탈리아,전문 서비스업,2
2024-10,이탈리아,전문직별 공사업,2
2024-10,이탈리아,전자부품  컴퓨터  영상  음향 및 통신장비 제조업,2
2024-10,이탈리아,종합 건설업,2
2024-10,이탈리아,창고 및 운송관련 서비스업,2
2024-10,이탈리아,출판업,2
2024-10,이탈리아,컴퓨터 프로그래밍  시스템 통합 및 관리업,2
2024-10,이탈리아,코크스  연탄 및 석유정제품 제조업,2
2024-10,이탈리아,펄프  종이 및 종이제품 제조업,2
2024-10,이탈리아,화학물질 및 화학제품 제조업; 의약품 제외,2
2024-10,인도,1차 금속 제조업,4
2024-10,인도,가구 제조업,4
2024-10,인도,가죽  가방 및 신발 제조업,4
2024-10,인도,개인 및 소비용품 수리업,4
2024-10,인도,건축기술  엔지니어링 및 기타 과학기술 서비스업,4
2024-10,인도,고무 및 플라스틱제품 제조업,4
2024-10,인도,교육 서비스업,4
2024-10,인도,금속 광업,4
2024-10,인도,금속가공제품 제조업; 기계 및 가구 제외,4
2024-10,인도,금융 및 보험 관련 서비스업,4
2024-10,인도,기타 기계 및 장비 제조업,4
2024-10,인도,기타 운송장비 제조업,4
2024-10,인도,기타 제품 제조업,4
2024-10,인도,농업,4
2024-10,인도,담배 제조업,4
2024-10,인도,도매 및 상품 중개업,4
2024-10,인도,목재 및 나무제품 제조업; 가구 제외,4
2024-10,인도,방송업,4
2024-10,인도,보건업,4
2024-10,인도,부동산업,4
2024-10,인도,비금속 광물제품 제조업,4
2024-10,인도,섬유제품 제조업; 의복제외,4
2024-10,인도,소매업; 자동차 제외,4
2024-10,인도,수상 운송업,4
2024-10,인도,숙박업,4
2024-10,인도,식료품 제조업,4
2024-10,인도,우편 및 통신업,4
2024-10,인도,음료 제조업,4
2024-10,인도,의료  정밀  광학기기 및 시계 제조업,4
2024-10,인도,의료용 물질 및 의약품 제조업,4
2024-10,인도,의복  의복 액세서리 및 모피제품 제조업,4
2024-10,인도,인쇄 및 기록매체 복제업,4
2024-10,인도,자동차 및 부품 판매업,4
2024-10,인도,자동차 및 트레일러 제조업,4
2024-10,인도,전기장비 제조업,4
2024-10,인도,전문직별 공사업,4
2024-10,인도,전자부품  컴퓨터  영상  음향 및 통신장비 제조업,4
2024-10,인도,종합 건설업,4
2024-10,인도,창고 및 운송관련 서비스업,4
2024-10,인도,출판업,4
2024-10,인도,컴퓨터 프로그래밍  시스템 통합 및 관리업,4
2024-10,인도,코크스  연탄 및 석유정제품 제조업,4
2024-10,인도,펄프  종이 및 종이제품 제조업,4
2024-10,인도,화학물질 및 화학제품 제조업; 의약품 제외,4
2024-10,인도네시아,1차 금속 제조업,4
2024-10,인도네시아,가죽  가방 및 신발 제조업,3
2024-10,인도네시아,건축기술  엔지니어링 및 기타 과학기술 서비스업,3
2024-10,인도네시아,고무 및 플라스틱제품 제조업,4
2024-10,인도네시아,금속 광업,4
2024-10,인도네시아,금속가공제품 제조업; 기계 및 가구 제외,4
2024-10,인도네시아,기타 기계 및 장비 제조업,3
2024-10,인도네시아,기타 전문  과학 및 기술 서비스업,3
2024-10,인도네시아,담배 제조업,3
2024-10,인도네시아,도매 및 상품 중개업,3
2024-10,인도네시아,비금속 광물제품 제조업,3
2024-10,인도네시아,사업시설 관리 및 조경 서비스업,3
2024-10,인도네시아,석탄  원유 및 천연가스 광업,3
2024-10,인도네시아,섬유제품 제조업; 의복제외,3
2024-10,인도네시아,소매업; 자동차 제외,3
2024-10,인도네시아,식료품 제조업,3
2024-10,인도네시아,음료 제조업,4
2024-10,인도네시아,의료용 물질 및 의약품 제조업,3
2024-10,인도네시아,의복  의복 액세서리 및 모피제품 제조업,4
2024-10,인도네시아,인쇄 및 기록매체 복제업,4
2024-10,인도네시아,임대업; 부동산 제외,4
2024-10,인도네시아,자동차 및 부품 판매업,3
2024-10,인도네시아,자동차 및 트레일러 제조업,4
2024-10,인도네시아,전기장비 제조업,3
2024-10,인도네시아,전문직별 공사업,4
2024-10,인도네시아,전자부품  컴퓨터  영상  음향 및 통신장비 제조업,3
2024-10,인도네시아,종합 건설업,4
2024-10,인도네시아,창고 및 운송관련 서비스업,3
2024-10,인도네시아,펄프  종이 및 종이제품 제조업,3
2024-10,인도네시아,화학물질 및 화학제품 제조업; 의약품 제외,4
2024-10,일본,1차 금속 제조업,2
2024-10,일본,가죽  가방 및 신발 제조업,2
2024-10,일본,개인 및 소비용품 수리업,2
2024-10,일본,건축기술  엔지니어링 및 기타 과학기술 서비스업,2
2024-10,일본,고무 및 플라스틱제품 제조업,2
2024-10,일본,금속가공제품 제조업; 기계 및 가구 제외,2
2024-10,일본,금융업,2
2024-10,일본,기타 개인 서비스업,2
2024-10,일본,기타 기계 및 장비 제조업,2
2024-10,일본,기타 운송장비 제조업,2
2024-10,일본,기타 제품 제조업,2
2024-10,일본,농업,2
2024-10,일본,도매 및 상품 중개업,2
2024-10,일본,부동산업,2
2024-10,일본,비금속 광물제품 제조업,2
2024-10,일본,사업지원 서비스업,2
2024-10,일본,섬유제품 제조업; 의복제외,2
2024-10,일본,소매업; 자동차 제외,2
2024-10,일본,수상 운송업,2
2024-10,일본,식료품 제조업,2
2024-10,일본,우편 및 통신업,2
2024-10,일본,육상운송 및 파이프라인 운송업,2
2024-10,일본,음료 제조업,2
2024-10,일본,의료  정밀  광학기기 및 시계 제조업,2
2024-10,일본,의료용 물질 및 의약품 제조업,2
2024-10,일본,의복  의복 액세서리 및 모피제품 제조업,2
2024-10,일본,인쇄 및 기록매체 복제업,2
2024-10,일본,자동차 및 부품 판매업,2
2024-10,일본,자동차 및 트레일러 제조업,2
2024-10,일본,전기  가스  증기 및 공기조절 공급업,2
2024-10,일본,전기장비 제조업,2
2024-10,일본,전문 서비스업,2
2024-10,일본,전문직별 공사업,2
2024-10,일본,전자부품  컴퓨터  영상  음향 및 통신장비 제조업,2
2024-10,일본,종합 건설업,2
2024-10,일본,창고 및 운송관련 서비스업,2
2024-10,일본,출판업,2
2024-10,일본,컴퓨터 프로그래밍  시스템 통합 및 관리업,2
2024-10,일본,코크스  연탄 및 석유정제품 제조업,2
2024-10,일본,펄프  종이 및 종이제품 제조업,2
2024-10,일본,협회 및 단체,2
2024-10,일본,화학물질 및 화학제품 제조업; 의약품 제외,2
2024-10,자메이카,도매 및 상품 중개업,5
2024-10,자메이카,소매업; 자동차 제외,4
2024-10,자메이카,자동차 및 부품 판매업,4
2024-10,조지아,고무 및 플라스틱제품 제조업,4
2024-10,조지아,도매 및 상품 중개업,4
2024-10,조지아,소매업; 자동차 제외,4
2024-10,조지아,자동차 및 부품 판매업,4
2024-10,조지아,전문직별 공사업,4
2024-10,조지아,출판업,4
2024-10,중국,1차 금속 제조업,4
2024-10,중국,가구 제조업,4
2024-10,중국,가죽  가방 및 신발 제조업,4
2024-10,중국,개인 및 소비용품 수리업,4
2024-10,중국,건축기술  엔지니어링 및 기타 과학기술 서비스업,4
2024-10,중국,고무 및 플라스틱제품 제조업,4
2024-10,중국,공공행정  국방 및 사회보장 행정,4
2024-10,중국,교육 서비스업,4
2024-10,중국,금속가공제품 제조업; 기계 및 가구 제외,4
2024-10,중국,금융업,4
2024-10,중국,기타 기계 및 장비 제조업,4
2024-10,중국,기타 운송장비 제조업,4
2024-10,중국,기타 전문  과학 및 기술 서비스업,4
2024-10,중국,기타 제품 제조업,4
2024-10,중국,담배 제조업,4
2024-10,중국,도매 및 상품 중개업,4
2024-10,중국,보건업,4
2024-10,중국,부동산업,4
2024-10,중국,비금속 광물제품 제조업,4
2024-10,중국,산업용 기계 및 장비 수리업,4
2024-10,중국,석탄  원유 및 천연가스 광업,4
2024-10,중국,섬유제품 제조업; 의복제외,4
2024-10,중국,소매업; 자동차 제외,4
2024-10,중국,수상 운송업,4
2024-10,중국,숙박업,4
2024-10,중국,스포츠 및 오락관련 서비스업,4
2024-10,중국,식료품 제조업,4
2024-10,중국,연구개발업,4
2024-10,중국,영상ㆍ오디오 기록물 제작 및 배급업,4
2024-10,중국,우편 및 통신업,4
2024-10,중국,육상운송 및 파이프라인 운송업,4
2024-10,중국,음료 제조업,4
2024-10,중국,음식점 및 주점업,4
2024-10,중국,의료  정밀  광학기기 및 시계 제조업,4
2024-10,중국,의료용 물질 및 의약품 제조업,4
2024-10,중국,의복  의복 액세서리 및 모피제품 제조업,4
2024-10,중국,인쇄 및 기록매체 복제업,4
2024-10,중국,임대업; 부동산 제외,4
2024-10,중국,자동차 및 부품 판매업,4
2024-10,중국,자동차 및 트레일러 제조업,4
2024-10,중국,전기  가스  증기 및 공기조절 공급업,4
2024-10,중국,전기장비 제조업,4
2024-10,중국,전문 서비스업,4
2024-10,중국,전문직별 공사업,4
2024-10,중국,전자부품  컴퓨터  영상  음향 및 통신장비 제조업,4
2024-10,중국,정보서비스업,4
2024-10,중국,종합 건설업,4
2024-10,중국,창고 및 운송관련 서비스업,4
2024-10,중국,출판업,5
2024-10,중국,컴퓨터 프로그래밍  시스템 통합 및 관리업,4
2024-10,중국,코크스  연탄 및 석유정제품 제조업,4
2024-10,중국,펄프  종이 및 종이제품 제조업,4
2024-10,중국,항공 운송업,4
2024-10,중국,화학물질 및 화학제품 제조업; 의약품 제외,4
2024-10,지부티,도매 및 상품 중개업,5
2024-10,지부티,자동차 및 부품 판매업,5
2024-10,체코,1차 금속 제조업,2
2024-10,체코,고무 및 플라스틱제품 제조업,2
2024-10,체코,금속가공제품 제조업; 기계 및 가구 제외,2
2024-10,체코,기타 기계 및 장비 제조업,2
2024-10,체코,도매 및 상품 중개업,2
2024-10,체코,비금속 광물제품 제조업,2
2024-10,체코,비금속광물 광업; 연료용 제외,2
2024-10,체코,섬유제품 제조업; 의복제외,2
2024-10,체코,소매업; 자동차 제외,2
2024-10,체코,식료품 제조업,2
2024-10,체코,의료용 물질 및 의약품 제조업,2
2024-10,체코,의복  의복 액세서리 및 모피제품 제조업,2
2024-10,체코,인쇄 및 기록매체 복제업,2
2024-10,체코,자동차 및 부품 판매업,2
2024-10,체코,자동차 및 트레일러 제조업,2
2024-10,체코,전기장비 제조업,2
2024-10,체코,전문 서비스업,2
2024-10,체코,전자부품  컴퓨터  영상  음향 및 통신장비 제조업,2
2024-10,체코,화학물질 및 화학제품 제조업; 의약품 제외,2
2024-10,칠레,1차 금속 제조업,5
2024-10,칠레,가구 제조업,3
2024-10,칠레,개인 및 소비용품 수리업,3
2024-10,칠레,고무 및 플라스틱제품 제조업,4
2024-10,칠레,금속 광업,5
2024-10,칠레,금속가공제품 제조업; 기계 및 가구 제외,3
2024-10,칠레,기타 기계 및 장비 제조업,3
2024-10,칠레,농업,3
2024-10,칠레,도매 및 상품 중개업,3
2024-10,칠레,비금속 광물제품 제조업,3
2024-10,칠레,사업지원 서비스업,3
2024-10,칠레,섬유제품 제조업; 의복제외,3
2024-10,칠레,소매업; 자동차 제외,3
2024-10,칠레,식료품 제조업,3
2024-10,칠레,의료  정밀  광학기기 및 시계 제조업,3
2024-10,칠레,의료용 물질 및 의약품 제조업,3
2024-10,칠레,자동차 및 부품 판매업,3
2024-10,칠레,전기  가스  증기 및 공기조절 공급업,3
2024-10,칠레,전기장비 제조업,3
2024-10,칠레,전문직별 공사업,3
2024-10,칠레,컴퓨터 프로그래밍  시스템 통합 및 관리업,3
2024-10,칠레,펄프  종이 및 종이제품 제조업,4
2024-10,칠레,화학물질 및 화학제품 제조업; 의약품 제외,3
2024-10,카메룬,금융업,5
2024-10,카보베르데,도매 및 상품 중개업,5
2024-10,카자흐스탄,고무 및 플라스틱제품 제조업,4
2024-10,카자흐스탄,금속 광업,5
2024-10,카자흐스탄,금속가공제품 제조업; 기계 및 가구 제외,5
2024-10,카자흐스탄,기타 기계 및 장비 제조업,4
2024-10,카자흐스탄,도매 및 상품 중개업,4
2024-10,카자흐스탄,비금속 광물제품 제조업,4
2024-10,카자흐스탄,소매업; 자동차 제외,4
2024-10,카자흐스탄,음료 제조업,4
2024-10,카자흐스탄,자동차 및 부품 판매업,4
2024-10,카자흐스탄,자동차 및 트레일러 제조업,4
2024-10,카자흐스탄,전자부품  컴퓨터  영상  음향 및 통신장비 제조업,4
2024-10,카자흐스탄,컴퓨터 프로그래밍  시스템 통합 및 관리업,4
2024-10,카타르,건축기술  엔지니어링 및 기타 과학기술 서비스업,4
2024-10,카타르,고무 및 플라스틱제품 제조업,2
2024-10,카타르,도매 및 상품 중개업,3
2024-10,카타르,석탄  원유 및 천연가스 광업,2
2024-10,카타르,소매업; 자동차 제외,2
2024-10,카타르,수상 운송업,2
2024-10,카타르,임대업; 부동산 제외,2
2024-10,카타르,자동차 및 부품 판매업,2
2024-10,카타르,전기장비 제조업,2
2024-10,카타르,전자부품  컴퓨터  영상  음향 및 통신장비 제조업,2
2024-10,카타르,종합 건설업,5
2024-10,카타르,화학물질 및 화학제품 제조업; 의약품 제외,2
2024-10,캄보디아,고무 및 플라스틱제품 제조업,5
2024-10,캄보디아,도매 및 상품 중개업,5
2024-10,캄보디아,소매업; 자동차 제외,5
2024-10,캄보디아,식료품 제조업,5
2024-10,캄보디아,의료  정밀  광학기기 및 시계 제조업,5
2024-10,캄보디아,의료용 물질 및 의약품 제조업,5
2024-10,캄보디아,자동차 및 트레일러 제조업,5
2024-10,캄보디아,전기장비 제조업,5
2024-10,캄보디아,전문직별 공사업,5
2024-10,캐나다,1차 금속 제조업,2
2024-10,캐나다,가구 제조업,2
2024-10,캐나다,개인 및 소비용품 수리업,2
2024-10,캐나다,건축기술  엔지니어링 및 기타 과학기술 서비스업,2
2024-10,캐나다,고무 및 플라스틱제품 제조업,2
2024-10,캐나다,금속가공제품 제조업; 기계 및 가구 제외,2
2024-10,캐나다,금융업,2
2024-10,캐나다,기타 기계 및 장비 제조업,2
2024-10,캐나다,기타 운송장비 제조업,2
2024-10,캐나다,기타 제품 제조업,2
2024-10,캐나다,도매 및 상품 중개업,2
2024-10,캐나다,목재 및 나무제품 제조업; 가구 제외,2
2024-10,캐나다,보건업,2
2024-10,캐나다,비금속 광물제품 제조업,5
2024-10,캐나다,사업지원 서비스업,2
2024-10,캐나다,산업용 기계 및 장비 수리업,2
2024-10,캐나다,섬유제품 제조업; 의복제외,2
2024-10,캐나다,소매업; 자동차 제외,2
2024-10,캐나다,수상 운송업,2
2024-10,캐나다,식료품 제조업,2
2024-10,캐나다,연구개발업,2
2024-10,캐나다,우편 및 통신업,2
2024-10,캐나다,육상운송 및 파이프라인 운송업,5
2024-10,캐나다,의료  정밀  광학기기 및 시계 제조업,2
2024-10,캐나다,의료용 물질 및 의약품 제조업,2
2024-10,캐나다,의복  의복 액세서리 및 모피제품 제조업,2
2024-10,캐나다,인쇄 및 기록매체 복제업,2
2024-10,캐나다,자동차 및 부품 판매업,2
2024-10,캐나다,자동차 및 트레일러 제조업,2
2024-10,캐나다,전기  가스  증기 및 공기조절 공급업,2
2024-10,캐나다,전기장비 제조업,2
2024-10,캐나다,전문 서비스업,2
2024-10,캐나다,전문직별 공사업,2
2024-10,캐나다,전자부품  컴퓨터  영상  음향 및 통신장비 제조업,2
2024-10,캐나다,정보서비스업,2
2024-10,캐나다,종합 건설업,2
2024-10,캐나다,출판업,2
2024-10,캐나다,코크스  연탄 및 석유정제품 제조업,2
2024-10,캐나다,펄프  종이 및 종이제품 제조업,2
2024-10,캐나다,화학물질 및 화학제품 제조업; 의약품 제외,2
2024-10,케냐,1차 금속 제조업,4
2024-10,케냐,가구 제조업,5
2024-10,케냐,가죽  가방 및 신발 제조업,4
2024-10,케냐,고무 및 플라스틱제품 제조업,5
2024-10,케냐,기타 기계 및 장비 제조업,4
2024-10,케냐,도매 및 상품 중개업,4
2024-10,케냐,사업지원 서비스업,4
2024-10,케냐,섬유제품 제조업; 의복제외,5
2024-10,케냐,소매업; 자동차 제외,4
2024-10,케냐,식료품 제조업,4
2024-10,케냐,우편 및 통신업,4
2024-10,케냐,의복  의복 액세서리 및 모피제품 제조업,4
2024-10,케냐,자동차 및 부품 판매업,4
2024-10,케냐,전기장비 제조업,4
2024-10,케냐,출판업,4
2024-10,케냐,화학물질 및 화학제품 제조업; 의약품 제외,5
2024-10,코스타리카,고무 및 플라스틱제품 제조업,4
2024-10,코스타리카,금속가공제품 제조업; 기계 및 가구 제외,4
2024-10,코스타리카,기타 기계 및 장비 제조업,4
2024-10,코스타리카,도매 및 상품 중개업,4
2024-10,코스타리카,소매업; 자동차 제외,4
2024-10,코스타리카,자동차 및 부품 판매업,4
2024-10,코스타리카,전기장비 제조업,4
2024-10,코스타리카,컴퓨터 프로그래밍  시스템 통합 및 관리업,4
2024-10,코스타리카,화학물질 및 화학제품 제조업; 의약품 제외,4
2024-10,코트디부아르,고무 및 플라스틱제품 제조업,4
2024-10,코트디부아르,금속 광업,4
2024-10,코트디부아르,금속가공제품 제조업; 기계 및 가구 제외,4
2024-10,코트디부아르,도매 및 상품 중개업,4
2024-10,코트디부아르,식료품 제조업,4
2024-10,코트디부아르,화학물질 및 화학제품 제조업; 의약품 제외,4
2024-10,콜롬비아,1차 금속 제조업,5
2024-10,콜롬비아,가구 제조업,4
2024-10,콜롬비아,개인 및 소비용품 수리업,4
2024-10,콜롬비아,건축기술  엔지니어링 및 기타 과학기술 서비스업,4
2024-10,콜롬비아,고무 및 플라스틱제품 제조업,4
2024-10,콜롬비아,금속 광업,4
2024-10,콜롬비아,금속가공제품 제조업; 기계 및 가구 제외,4
2024-10,콜롬비아,기타 기계 및 장비 제조업,4
2024-10,콜롬비아,기타 운송장비 제조업,4
2024-10,콜롬비아,기타 제품 제조업,4
2024-10,콜롬비아,농업,4
2024-10,콜롬비아,도매 및 상품 중개업,4
2024-10,콜롬비아,비금속 광물제품 제조업,4
2024-10,콜롬비아,산업용 기계 및 장비 수리업,5
2024-10,콜롬비아,섬유제품 제조업; 의복제외,4
2024-10,콜롬비아,소매업; 자동차 제외,4
2024-10,콜롬비아,식료품 제조업,4
2024-10,콜롬비아,육상운송 및 파이프라인 운송업,4
2024-10,콜롬비아,의료용 물질 및 의약품 제조업,4
2024-10,콜롬비아,의복  의복 액세서리 및 모피제품 제조업,4
2024-10,콜롬비아,인쇄 및 기록매체 복제업,4
2024-10,콜롬비아,자동차 및 부품 판매업,4
2024-10,콜롬비아,자동차 및 트레일러 제조업,4
2024-10,콜롬비아,전기장비 제조업,4
2024-10,콜롬비아,종합 건설업,5
2024-10,콜롬비아,출판업,4
2024-10,콜롬비아,펄프  종이 및 종이제품 제조업,4
2024-10,콜롬비아,화학물질 및 화학제품 제조업; 의약품 제외,4
2024-10,콩고,도매 및 상품 중개업,5
2024-10,콩고민주공화국,도매 및 상품 중개업,5
2024-10,콩고민주공화국,소매업; 자동차 제외,5
2024-10,쿠웨이트,가구 제조업,3
2024-10,쿠웨이트,금속가공제품 제조업; 기계 및 가구 제외,3
2024-10,쿠웨이트,기타 기계 및 장비 제조업,3
2024-10,쿠웨이트,도매 및 상품 중개업,3
2024-10,쿠웨이트,사업지원 서비스업,3
2024-10,쿠웨이트,소매업; 자동차 제외,3
2024-10,쿠웨이트,수도업,3
2024-10,쿠웨이트,자동차 및 부품 판매업,3
2024-10,쿠웨이트,자동차 및 트레일러 제조업,3
2024-10,쿠웨이트,전기장비 제조업,3
2024-10,쿠웨이트,창고 및 운송관련 서비스업,3
2024-10,쿠웨이트,출판업,3
2024-10,쿠웨이트,펄프  종이 및 종이제품 제조업,5
2024-10,쿠웨이트,화학물질 및 화학제품 제조업; 의약품 제외,3
2024-10,크로아티아,개인 및 소비용품 수리업,3
2024-10,크로아티아,고무 및 플라스틱제품 제조업,3
2024-10,크로아티아,금속가공제품 제조업; 기계 및 가구 제외,3
2024-10,크로아티아,도매 및 상품 중개업,3
2024-10,크로아티아,섬유제품 제조업; 의복제외,3
2024-10,크로아티아,자동차 및 부품 판매업,3
2024-10,크로아티아,전기장비 제조업,3
2024-10,크로아티아,전문직별 공사업,3
2024-10,크로아티아,컴퓨터 프로그래밍  시스템 통합 및 관리업,3
2024-10,크로아티아,펄프  종이 및 종이제품 제조업,3
2024-10,크로아티아,화학물질 및 화학제품 제조업; 의약품 제외,3
2024-10,키르기즈공화국,도매 및 상품 중개업,5
2024-10,키르기즈공화국,자동차 및 부품 판매업,5
2024-10,타지키스탄,도매 및 상품 중개업,5
2024-10,탄자니아,1차 금속 제조업,5
2024-10,탄자니아,가구 제조업,5
2024-10,탄자니아,고무 및 플라스틱제품 제조업,5
2024-10,탄자니아,금융업,5
2024-10,탄자니아,도매 및 상품 중개업,5
2024-10,탄자니아,섬유제품 제조업; 의복제외,5
2024-10,탄자니아,소매업; 자동차 제외,5
2024-10,탄자니아,자동차 및 부품 판매업,5
2024-10,탄자니아,전기장비 제조업,5
2024-10,탄자니아,전문직별 공사업,5
2024-10,태국,1차 금속 제조업,3
2024-10,태국,가구 제조업,3
2024-10,태국,가죽  가방 및 신발 제조업,3
2024-10,태국,고무 및 플라스틱제품 제조업,3
2024-10,태국,금속가공제품 제조업; 기계 및 가구 제외,4
2024-10,태국,기타 기계 및 장비 제조업,3
2024-10,태국,기타 제품 제조업,3
2024-10,태국,도매 및 상품 중개업,4
2024-10,태국,비금속 광물제품 제조업,3
2024-10,태국,섬유제품 제조업; 의복제외,3
2024-10,태국,소매업; 자동차 제외,3
2024-10,태국,수상 운송업,4
2024-10,태국,식료품 제조업,3
2024-10,태국,의료  정밀  광학기기 및 시계 제조업,4
2024-10,태국,의복  의복 액세서리 및 모피제품 제조업,3
2024-10,태국,인쇄 및 기록매체 복제업,3
2024-10,태국,자동차 및 부품 판매업,3
2024-10,태국,자동차 및 트레일러 제조업,3
2024-10,태국,전기장비 제조업,3
2024-10,태국,전문 서비스업,3
2024-10,태국,전문직별 공사업,4
2024-10,태국,전자부품  컴퓨터  영상  음향 및 통신장비 제조업,4
2024-10,태국,종합 건설업,5
2024-10,태국,출판업,4
2024-10,태국,코크스  연탄 및 석유정제품 제조업,3
2024-10,태국,펄프  종이 및 종이제품 제조업,3
2024-10,태국,화학물질 및 화학제품 제조업; 의약품 제외,4
2024-10,토고,가구 제조업,5
2024-10,토고,도매 및 상품 중개업,5
2024-10,투르크메니스탄,공공행정  국방 및 사회보장 행정,5
2024-10,튀니지,가구 제조업,4
2024-10,튀니지,개인 및 소비용품 수리업,4
2024-10,튀니지,고무 및 플라스틱제품 제조업,4
2024-10,튀니지,도매 및 상품 중개업,4
2024-10,튀니지,비금속광물 광업; 연료용 제외,4
2024-10,튀니지,섬유제품 제조업; 의복제외,4
2024-10,튀니지,의료  정밀  광학기기 및 시계 제조업,4
2024-10,튀니지,의료용 물질 및 의약품 제조업,4
2024-10,튀니지,의복  의복 액세서리 및 모피제품 제조업,4
2024-10,튀니지,자동차 및 부품 판매업,5
2024-10,튀니지,자동차 및 트레일러 제조업,4
2024-10,튀니지,전기장비 제조업,4
2024-10,튀니지,전문직별 공사업,4
2024-10,튀니지,전자부품  컴퓨터  영상  음향 및 통신장비 제조업,4
2024-10,튀니지,펄프  종이 및 종이제품 제조업,5
2024-10,튀니지,화학물질 및 화학제품 제조업; 의약품 제외,4
2024-10,튀르키예(구 터키),1차 금속 제조업,5
2024-10,튀르키예(구 터키),가구 제조업,4
2024-10,튀르키예(구 터키),가죽  가방 및 신발 제조업,4
2024-10,튀르키예(구 터키),고무 및 플라스틱제품 제조업,4
2024-10,튀르키예(구 터키),금속가공제품 제조업; 기계 및 가구 제외,5
2024-10,튀르키예(구 터키),기타 기계 및 장비 제조업,4
2024-10,튀르키예(구 터키),기타 운송장비 제조업,5
2024-10,튀르키예(구 터키),기타 제품 제조업,5
2024-10,튀르키예(구 터키),도매 및 상품 중개업,4
2024-10,튀르키예(구 터키),목재 및 나무제품 제조업; 가구 제외,4
2024-10,튀르키예(구 터키),방송업,4
2024-10,튀르키예(구 터키),비금속 광물제품 제조업,4
2024-10,튀르키예(구 터키),사업지원 서비스업,4
2024-10,튀르키예(구 터키),산업용 기계 및 장비 수리업,4
2024-10,튀르키예(구 터키),섬유제품 제조업; 의복제외,4
2024-10,튀르키예(구 터키),소매업; 자동차 제외,4
2024-10,튀르키예(구 터키),식료품 제조업,4
2024-10,튀르키예(구 터키),육상운송 및 파이프라인 운송업,4
2024-10,튀르키예(구 터키),의료  정밀  광학기기 및 시계 제조업,4
2024-10,튀르키예(구 터키),의료용 물질 및 의약품 제조업,4
2024-10,튀르키예(구 터키),의복  의복 액세서리 및 모피제품 제조업,4
2024-10,튀르키예(구 터키),인쇄 및 기록매체 복제업,4
2024-10,튀르키예(구 터키),자동차 및 부품 판매업,5
2024-10,튀르키예(구 터키),자동차 및 트레일러 제조업,5
2024-10,튀르키예(구 터키),전기장비 제조업,5
2024-10,튀르키예(구 터키),전문직별 공사업,4
2024-10,튀르키예(구 터키),전자부품  컴퓨터  영상  음향 및 통신장비 제조업,5
2024-10,튀르키예(구 터키),출판업,4
2024-10,튀르키예(구 터키),컴퓨터 프로그래밍  시스템 통합 및 관리업,4
2024-10,튀르키예(구 터키),코크스  연탄 및 석유정제품 제조업,4
2024-10,튀르키예(구 터키),펄프  종이 및 종이제품 제조업,4
2024-10,튀르키예(구 터키),화학물질 및 화학제품 제조업; 의약품 제외,4
2024-10,트리니다드토바고,금속가공제품 제조업; 기계 및 가구 제외,3
2024-10,트리니다드토바고,도매 및 상품 중개업,3
2024-10,트리니다드토바고,소매업; 자동차 제외,3
2024-10,트리니다드토바고,자동차 및 부품 판매업,3
2024-10,파나마,1차 금속 제조업,4
2024-10,파나마,금속가공제품 제조업; 기계 및 가구 제외,5
2024-10,파나마,금융업,4
2024-10,파나마,도매 및 상품 중개업,4
2024-10,파나마,소매업; 자동차 제외,4
2024-10,파나마,자동차 및 부품 판매업,4
2024-10,파나마,화학물질 및 화학제품 제조업; 의약품 제외,4
2024-10,파라과이,1차 금속 제조업,5
2024-10,파라과이,금속가공제품 제조업; 기계 및 가구 제외,4
2024-10,파라과이,도매 및 상품 중개업,4
2024-10,파라과이,섬유제품 제조업; 의복제외,4
2024-10,파라과이,소매업; 자동차 제외,4
2024-10,파라과이,자동차 및 부품 판매업,5
2024-10,파라과이,전기장비 제조업,4
2024-10,파라과이,화학물질 및 화학제품 제조업; 의약품 제외,4
2024-10,파키스탄,1차 금속 제조업,5
2024-10,파키스탄,가죽  가방 및 신발 제조업,5
2024-10,파키스탄,고무 및 플라스틱제품 제조업,5
2024-10,파키스탄,기타 기계 및 장비 제조업,5
2024-10,파키스탄,기타 제품 제조업,5
2024-10,파키스탄,담배 제조업,5
2024-10,파키스탄,도매 및 상품 중개업,5
2024-10,파키스탄,사업지원 서비스업,5
2024-10,파키스탄,섬유제품 제조업; 의복제외,5
2024-10,파키스탄,식료품 제조업,5
2024-10,파키스탄,의료  정밀  광학기기 및 시계 제조업,5
2024-10,파키스탄,의료용 물질 및 의약품 제조업,5
2024-10,파키스탄,의복  의복 액세서리 및 모피제품 제조업,5
2024-10,파키스탄,자동차 및 트레일러 제조업,5
2024-10,파키스탄,전기장비 제조업,5
2024-10,파키스탄,창고 및 운송관련 서비스업,5
2024-10,파키스탄,펄프  종이 및 종이제품 제조업,5
2024-10,파키스탄,화학물질 및 화학제품 제조업; 의약품 제외,5
2024-10,파푸아뉴기니,금속 광업,4
2024-10,파푸아뉴기니,식료품 제조업,4
2024-10,페루,1차 금속 제조업,4
2024-10,페루,가구 제조업,4
2024-10,페루,고무 및 플라스틱제품 제조업,4
2024-10,페루,광업 지원 서비스업,4
2024-10,페루,금속 광업,3
2024-10,페루,금속가공제품 제조업; 기계 및 가구 제외,4
2024-10,페루,농업,3
2024-10,페루,도매 및 상품 중개업,4
2024-10,페루,보건업,4
2024-10,페루,사업지원 서비스업,4
2024-10,페루,섬유제품 제조업; 의복제외,3
2024-10,페루,소매업; 자동차 제외,3
2024-10,페루,식료품 제조업,3
2024-10,페루,우편 및 통신업,4
2024-10,페루,의료용 물질 및 의약품 제조업,4
2024-10,페루,임대업; 부동산 제외,4
2024-10,페루,자동차 및 부품 판매업,3
2024-10,페루,자동차 및 트레일러 제조업,3
2024-10,페루,전기장비 제조업,3
2024-10,페루,전문직별 공사업,4
2024-10,페루,종합 건설업,4
2024-10,페루,코크스  연탄 및 석유정제품 제조업,4
2024-10,페루,펄프  종이 및 종이제품 제조업,5
2024-10,페루,화학물질 및 화학제품 제조업; 의약품 제외,3
2024-10,포르투갈,1차 금속 제조업,2
2024-10,포르투갈,가죽  가방 및 신발 제조업,2
2024-10,포르투갈,개인 및 소비용품 수리업,2
2024-10,포르투갈,고무 및 플라스틱제품 제조업,2
2024-10,포르투갈,금속가공제품 제조업; 기계 및 가구 제외,2
2024-10,포르투갈,금융업,2
2024-10,포르투갈,기타 기계 및 장비 제조업,2
2024-10,포르투갈,도매 및 상품 중개업,2
2024-10,포르투갈,목재 및 나무제품 제조업; 가구 제외,2
2024-10,포르투갈,비금속 광물제품 제조업,2
2024-10,포르투갈,산업용 기계 및 장비 수리업,3
2024-10,포르투갈,섬유제품 제조업; 의복제외,2
2024-10,포르투갈,소매업; 자동차 제외,2
2024-10,포르투갈,우편 및 통신업,2
2024-10,포르투갈,의료  정밀  광학기기 및 시계 제조업,2
2024-10,포르투갈,의료용 물질 및 의약품 제조업,2
2024-10,포르투갈,의복  의복 액세서리 및 모피제품 제조업,2
2024-10,포르투갈,자동차 및 부품 판매업,2
2024-10,포르투갈,자동차 및 트레일러 제조업,2
2024-10,포르투갈,전기장비 제조업,2
2024-10,포르투갈,전문직별 공사업,2
2024-10,포르투갈,전자부품  컴퓨터  영상  음향 및 통신장비 제조업,2
2024-10,포르투갈,컴퓨터 프로그래밍  시스템 통합 및 관리업,2
2024-10,포르투갈,펄프  종이 및 종이제품 제조업,2
2024-10,포르투갈,화학물질 및 화학제품 제조업; 의약품 제외,2
2024-10,폴란드,1차 금속 제조업,4
2024-10,폴란드,개인 및 소비용품 수리업,3
2024-10,폴란드,건축기술  엔지니어링 및 기타 과학기술 서비스업,3
2024-10,폴란드,고무 및 플라스틱제품 제조업,3
2024-10,폴란드,금속가공제품 제조업; 기계 및 가구 제외,3
2024-10,폴란드,금융 및 보험 관련 서비스업,3
2024-10,폴란드,기타 기계 및 장비 제조업,3
2024-10,폴란드,도매 및 상품 중개업,3
2024-10,폴란드,목재 및 나무제품 제조업; 가구 제외,3
2024-10,폴란드,비금속 광물제품 제조업,3
2024-10,폴란드,사업지원 서비스업,3
2024-10,폴란드,산업용 기계 및 장비 수리업,3
2024-10,폴란드,섬유제품 제조업; 의복제외,3
2024-10,폴란드,소매업; 자동차 제외,3
2024-10,폴란드,식료품 제조업,3
2024-10,폴란드,우편 및 통신업,3
2024-10,폴란드,육상운송 및 파이프라인 운송업,3
2024-10,폴란드,의료  정밀  광학기기 및 시계 제조업,3
2024-10,폴란드,의료용 물질 및 의약품 제조업,3
2024-10,폴란드,의복  의복 액세서리 및 모피제품 제조업,3
2024-10,폴란드,자동차 및 부품 판매업,3
2024-10,폴란드,자동차 및 트레일러 제조업,3
2024-10,폴란드,전기장비 제조업,3
2024-10,폴란드,전문 서비스업,3
2024-10,폴란드,전자부품  컴퓨터  영상  음향 및 통신장비 제조업,4
2024-10,폴란드,컴퓨터 프로그래밍  시스템 통합 및 관리업,3
2024-10,폴란드,코크스  연탄 및 석유정제품 제조업,4
2024-10,폴란드,펄프  종이 및 종이제품 제조업,3
2024-10,폴란드,화학물질 및 화학제품 제조업; 의약품 제외,3
2024-10,푸에르토리코,도매 및 상품 중개업,4
2024-10,푸에르토리코,자동차 및 부품 판매업,4
2024-10,프랑스,건축기술  엔지니어링 및 기타 과학기술 서비스업,2
2024-10,프랑스,고무 및 플라스틱제품 제조업,2
2024-10,프랑스,금속가공제품 제조업; 기계 및 가구 제외,2
2024-10,프랑스,금융업,2
2024-10,프랑스,기타 기계 및 장비 제조업,2
2024-10,프랑스,기타 전문  과학 및 기술 서비스업,2
2024-10,프랑스,기타 제품 제조업,2
2024-10,프랑스,도매 및 상품 중개업,2
2024-10,프랑스,목재 및 나무제품 제조업; 가구 제외,2
2024-10,프랑스,부동산업,2
2024-10,프랑스,비금속 광물제품 제조업,2
2024-10,프랑스,비금속광물 광업; 연료용 제외,2
2024-10,프랑스,사업지원 서비스업,2
2024-10,프랑스,산업용 기계 및 장비 수리업,2
2024-10,프랑스,섬유제품 제조업; 의복제외,2
2024-10,프랑스,소매업; 자동차 제외,3
2024-10,프랑스,수상 운송업,2
2024-10,프랑스,연구개발업,2
2024-10,프랑스,의료  정밀  광학기기 및 시계 제조업,2
2024-10,프랑스,의료용 물질 및 의약품 제조업,2
2024-10,프랑스,의복  의복 액세서리 및 모피제품 제조업,2
2024-10,프랑스,자동차 및 부품 판매업,2
2024-10,프랑스,자동차 및 트레일러 제조업,3
2024-10,프랑스,전기장비 제조업,2
2024-10,프랑스,전문 서비스업,2
2024-10,프랑스,전문직별 공사업,2
2024-10,프랑스,전자부품  컴퓨터  영상  음향 및 통신장비 제조업,2
2024-10,프랑스,종합 건설업,2
2024-10,프랑스,출판업,2
2024-10,프랑스,컴퓨터 프로그래밍  시스템 통합 및 관리업,2
2024-10,프랑스,코크스  연탄 및 석유정제품 제조업,2
2024-10,프랑스,펄프  종이 및 종이제품 제조업,2
2024-10,프랑스,화학물질 및 화학제품 제조업; 의약품 제외,2
2024-10,피지,금속 광업,4
2024-10,피지,인쇄 및 기록매체 복제업,4
2024-10,핀란드,건축기술  엔지니어링 및 기타 과학기술 서비스업,1
2024-10,핀란드,고무 및 플라스틱제품 제조업,1
2024-10,핀란드,금속가공제품 제조업; 기계 및 가구 제외,1
2024-10,핀란드,금융업,1
2024-10,핀란드,기타 기계 및 장비 제조업,2
2024-10,핀란드,도매 및 상품 중개업,2
2024-10,핀란드,비금속 광물제품 제조업,1
2024-10,핀란드,사업지원 서비스업,1
2024-10,핀란드,산업용 기계 및 장비 수리업,1
2024-10,핀란드,섬유제품 제조업; 의복제외,1
2024-10,핀란드,소매업; 자동차 제외,2
2024-10,핀란드,의료용 물질 및 의약품 제조업,1
2024-10,핀란드,자동차 및 부품 판매업,1
2024-10,핀란드,자동차 및 트레일러 제조업,1
2024-10,핀란드,전기장비 제조업,1
2024-10,핀란드,전자부품  컴퓨터  영상  음향 및 통신장비 제조업,1
2024-10,핀란드,화학물질 및 화학제품 제조업; 의약품 제외,1
2024-10,필리핀,1차 금속 제조업,5
2024-10,필리핀,개인 및 소비용품 수리업,4
2024-10,필리핀,고무 및 플라스틱제품 제조업,4
2024-10,필리핀,금속가공제품 제조업; 기계 및 가구 제외,5
2024-10,필리핀,금융업,4
2024-10,필리핀,기타 기계 및 장비 제조업,4
2024-10,필리핀,기타 운송장비 제조업,4
2024-10,필리핀,기타 제품 제조업,4
2024-10,필리핀,농업,4
2024-10,필리핀,도매 및 상품 중개업,4
2024-10,필리핀,비금속 광물제품 제조업,4
2024-10,필리핀,사업지원 서비스업,4
2024-10,필리핀,소매업; 자동차 제외,4
2024-10,필리핀,숙박업,4
2024-10,필리핀,식료품 제조업,4
2024-10,필리핀,우편 및 통신업,4
2024-10,필리핀,음료 제조업,4
2024-10,필리핀,의료용 물질 및 의약품 제조업,4
2024-10,필리핀,인쇄 및 기록매체 복제업,4
2024-10,필리핀,자동차 및 부품 판매업,4
2024-10,필리핀,자동차 및 트레일러 제조업,4
2024-10,필리핀,전기  가스  증기 및 공기조절 공급업,4
2024-10,필리핀,전기장비 제조업,4
2024-10,필리핀,전문 서비스업,4
2024-10,필리핀,전문직별 공사업,4
2024-10,필리핀,전자부품  컴퓨터  영상  음향 및 통신장비 제조업,4
2024-10,필리핀,종합 건설업,4
2024-10,필리핀,창고 및 운송관련 서비스업,4
2024-10,필리핀,코크스  연탄 및 석유정제품 제조업,4
2024-10,필리핀,펄프  종이 및 종이제품 제조업,4
2024-10,필리핀,화학물질 및 화학제품 제조업; 의약품 제외,5
2024-10,헝가리,고무 및 플라스틱제품 제조업,3
2024-10,헝가리,기타 기계 및 장비 제조업,3
2024-10,헝가리,기타 제품 제조업,3
2024-10,헝가리,도매 및 상품 중개업,3
2024-10,헝가리,소매업; 자동차 제외,3
2024-10,헝가리,식료품 제조업,3
2024-10,헝가리,연구개발업,3
2024-10,헝가리,의료  정밀  광학기기 및 시계 제조업,3
2024-10,헝가리,의료용 물질 및 의약품 제조업,3
2024-10,헝가리,자동차 및 부품 판매업,3
2024-10,헝가리,자동차 및 트레일러 제조업,3
2024-10,헝가리,전기장비 제조업,3
2024-10,헝가리,전문직별 공사업,3
2024-10,헝가리,전자부품  컴퓨터  영상  음향 및 통신장비 제조업,3
2024-10,헝가리,폐기물 수집  운반  처리 및 원료 재생업,3
2024-10,헝가리,화학물질 및 화학제품 제조업; 의약품 제외,3
2024-10,호주,1차 금속 제조업,3
2024-10,호주,개인 및 소비용품 수리업,5
2024-10,호주,고무 및 플라스틱제품 제조업,1
2024-10,호주,금속가공제품 제조업; 기계 및 가구 제외,1
2024-10,호주,금융업,1
2024-10,호주,기타 기계 및 장비 제조업,2
2024-10,호주,기타 제품 제조업,1
2024-10,호주,도매 및 상품 중개업,2
2024-10,호주,방송업,1
2024-10,호주,섬유제품 제조업; 의복제외,1
2024-10,호주,소매업; 자동차 제외,3
2024-10,호주,식료품 제조업,2
2024-10,호주,의료  정밀  광학기기 및 시계 제조업,2
2024-10,호주,의료용 물질 및 의약품 제조업,1
2024-10,호주,자동차 및 부품 판매업,1
2024-10,호주,자동차 및 트레일러 제조업,2
2024-10,호주,전기  가스  증기 및 공기조절 공급업,1
2024-10,호주,전기장비 제조업,2
2024-10,호주,전문 서비스업,1
2024-10,호주,전문직별 공사업,1
2024-10,호주,전자부품  컴퓨터  영상  음향 및 통신장비 제조업,1
2024-10,호주,출판업,1
2024-10,호주,펄프  종이 및 종이제품 제조업,1
2024-10,호주,화학물질 및 화학제품 제조업; 의약품 제외,1
2024-10,홍콩,개인 및 소비용품 수리업,3
2024-10,홍콩,교육 서비스업,3
2024-10,홍콩,금융업,3
2024-10,홍콩,기타 기계 및 장비 제조업,3
2024-10,홍콩,기타 제품 제조업,3
2024-10,홍콩,도매 및 상품 중개업,3
2024-10,홍콩,방송업,3
2024-10,홍콩,산업용 기계 및 장비 수리업,3
2024-10,홍콩,섬유제품 제조업; 의복제외,3
2024-10,홍콩,소매업; 자동차 제외,3
2024-10,홍콩,수상 운송업,3
2024-10,홍콩,숙박업,3
2024-10,홍콩,식료품 제조업,3
2024-10,홍콩,연구개발업,3
2024-10,홍콩,음료 제조업,3
2024-10,홍콩,인쇄 및 기록매체 복제업,3
2024-10,홍콩,자동차 및 부품 판매업,3
2024-10,홍콩,전기장비 제조업,3
2024-10,홍콩,전문 서비스업,3
2024-10,홍콩,전문직별 공사업,3
2024-10,홍콩,종합 건설업,3
2024-10,홍콩,창고 및 운송관련 서비스업,3
2024-10,홍콩,출판업,3
2024-10,홍콩,컴퓨터 프로그래밍  시스템 통합 및 관리업,3
2024-10,홍콩,항공 운송업,3
2024-10,홍콩,화학물질 및 화학제품 제조업; 의약품 제외,5
2024-09,가나,고무 및 플라스틱제품 제조업,5
2024-09,가나,금속 광업,5
2024-09,가나,도매 및 상품 중개업,4
2024-09,가나,자동차 및 부품 판매업,5
2024-09,가나,자동차 및 트레일러 제조업,4
2024-09,가나,화학물질 및 화학제품 제조업; 의약품 제외,5
2024-09,감비아,도매 및 상품 중개업,5
2024-09,감비아,정보서비스업,5
2024-09,과달루프,자동차 및 부품 판매업,4
2024-09,과테말라,1차 금속 제조업,4
2024-09,과테말라,고무 및 플라스틱제품 제조업,4
2024-09,과테말라,금속가공제품 제조업; 기계 및 가구 제외,4
2024-09,과테말라,도매 및 상품 중개업,4
2024-09,과테말라,섬유제품 제조업; 의복제외,4
2024-09,과테말라,소매업; 자동차 제외,4
2024-09,과테말라,식료품 제조업,4
2024-09,과테말라,의복  의복 액세서리 및 모피제품 제조업,5
2024-09,과테말라,자동차 및 부품 판매업,4
2024-09,과테말라,화학물질 및 화학제품 제조업; 의약품 제외,4
2024-09,괌,우편 및 통신업,4
2024-09,그리스,1차 금속 제조업,3
2024-09,그리스,고무 및 플라스틱제품 제조업,3
2024-09,그리스,금속가공제품 제조업; 기계 및 가구 제외,3
2024-09,그리스,기타 기계 및 장비 제조업,3
2024-09,그리스,도매 및 상품 중개업,3
2024-09,그리스,소매업; 자동차 제외,3
2024-09,그리스,식료품 제조업,3
2024-09,그리스,우편 및 통신업,3
2024-09,그리스,의료  정밀  광학기기 및 시계 제조업,3
2024-09,그리스,인쇄 및 기록매체 복제업,3
2024-09,그리스,자동차 및 부품 판매업,3
2024-09,그리스,자동차 및 트레일러 제조업,3
2024-09,그리스,전기장비 제조업,3
2024-09,그리스,전문직별 공사업,3
2024-09,그리스,종합 건설업,4
2024-09,그리스,컴퓨터 프로그래밍  시스템 통합 및 관리업,3
2024-09,그리스,펄프  종이 및 종이제품 제조업,3
2024-09,그리스,화학물질 및 화학제품 제조업; 의약품 제외,3
2024-09,기니,도매 및 상품 중개업,5
2024-09,기니,화학물질 및 화학제품 제조업; 의약품 제외,5
2024-09,나이지리아,가구 제조업,5
2024-09,나이지리아,도매 및 상품 중개업,5
2024-09,나이지리아,석탄  원유 및 천연가스 광업,5
2024-09,나이지리아,화학물질 및 화학제품 제조업; 의약품 제외,5
2024-09,남아프리카공화국,1차 금속 제조업,4
2024-09,남아프리카공화국,개인 및 소비용품 수리업,4
2024-09,남아프리카공화국,건축기술  엔지니어링 및 기타 과학기술 서비스업,4
2024-09,남아프리카공화국,고무 및 플라스틱제품 제조업,4
2024-09,남아프리카공화국,금속 광업,4
2024-09,남아프리카공화국,금속가공제품 제조업; 기계 및 가구 제외,4
2024-09,남아프리카공화국,기타 기계 및 장비 제조업,4
2024-09,남아프리카공화국,기타 운송장비 제조업,4
2024-09,남아프리카공화국,기타 제품 제조업,5
2024-09,남아프리카공화국,도매 및 상품 중개업,4
2024-09,남아프리카공화국,비금속 광물제품 제조업,4
2024-09,남아프리카공화국,사업지원 서비스업,4
2024-09,남아프리카공화국,섬유제품 제조업; 의복제외,4
2024-09,남아프리카공화국,소매업; 자동차 제외,4
2024-09,남아프리카공화국,수도업,4
2024-09,남아프리카공화국,식료품 제조업,4
2024-09,남아프리카공화국,우편 및 통신업,5
2024-09,남아프리카공화국,육상운송 및 파이프라인 운송업,4
2024-09,남아프리카공화국,의료  정밀  광학기기 및 시계 제조업,4
2024-09,남아프리카공화국,인쇄 및 기록매체 복제업,4
2024-09,남아프리카공화국,임대업; 부동산 제외,4
2024-09,남아프리카공화국,자동차 및 부품 판매업,4
2024-09,남아프리카공화국,자동차 및 트레일러 제조업,4
2024-09,남아프리카공화국,전기  가스  증기 및 공기조절 공급업,4
2024-09,남아프리카공화국,전기장비 제조업,4
2024-09,남아프리카공화국,전문직별 공사업,4
2024-09,남아프리카공화국,종합 건설업,4
2024-09,남아프리카공화국,창고 및 운송관련 서비스업,4
2024-09,남아프리카공화국,출판업,4
2024-09,남아프리카공화국,컴퓨터 프로그래밍  시스템 통합 및 관리업,4
2024-09,남아프리카공화국,펄프  종이 및 종이제품 제조업,4
2024-09,남아프리카공화국,화학물질 및 화학제품 제조업; 의약품 제외,4
2024-09,남아프리카공화국,환경 정화 및 복원업,4
2024-09,네덜란드,건축기술  엔지니어링 및 기타 과학기술 서비스업,1
2024-09,네덜란드,고무 및 플라스틱제품 제조업,1
2024-09,네덜란드,금속가공제품 제조업; 기계 및 가구 제외,4
2024-09,네덜란드,금융업,1
2024-09,네덜란드,기타 기계 및 장비 제조업,2
2024-09,네덜란드,농업,1
2024-09,네덜란드,도매 및 상품 중개업,1
2024-09,네덜란드,비금속 광물제품 제조업,1
2024-09,네덜란드,사업지원 서비스업,1
2024-09,네덜란드,섬유제품 제조업; 의복제외,1
2024-09,네덜란드,소매업; 자동차 제외,1
2024-09,네덜란드,식료품 제조업,1
2024-09,네덜란드,육상운송 및 파이프라인 운송업,2
2024-09,네덜란드,의료  정밀  광학기기 및 시계 제조업,1
2024-09,네덜란드,임대업; 부동산 제외,1
2024-09,네덜란드,자동차 및 부품 판매업,1
2024-09,네덜란드,자동차 및 트레일러 제조업,1
2024-09,네덜란드,전기장비 제조업,1
2024-09,네덜란드,전문 서비스업,2
2024-09,네덜란드,전자부품  컴퓨터  영상  음향 및 통신장비 제조업,1
2024-09,네덜란드,정보서비스업,1
2024-09,네덜란드,창고 및 운송관련 서비스업,1
2024-09,네덜란드,출판업,1
2024-09,네덜란드,컴퓨터 프로그래밍  시스템 통합 및 관리업,1
2024-09,네덜란드,코크스  연탄 및 석유정제품 제조업,1
2024-09,네덜란드,펄프  종이 및 종이제품 제조업,1
2024-09,네덜란드,화학물질 및 화학제품 제조업; 의약품 제외,1
2024-09,네팔,가죽  가방 및 신발 제조업,4
2024-09,네팔,고무 및 플라스틱제품 제조업,4
2024-09,네팔,도매 및 상품 중개업,4
2024-09,네팔,식료품 제조업,4
2024-09,네팔,의료  정밀  광학기기 및 시계 제조업,4
2024-09,네팔,의료용 물질 및 의약품 제조업,4
2024-09,네팔,자동차 및 부품 판매업,4
2024-09,노르웨이,고무 및 플라스틱제품 제조업,1
2024-09,노르웨이,기타 기계 및 장비 제조업,1
2024-09,노르웨이,도매 및 상품 중개업,1
2024-09,노르웨이,소매업; 자동차 제외,1
2024-09,노르웨이,수상 운송업,1
2024-09,노르웨이,식료품 제조업,1
2024-09,노르웨이,의료  정밀  광학기기 및 시계 제조업,1
2024-09,노르웨이,의복  의복 액세서리 및 모피제품 제조업,1
2024-09,노르웨이,자동차 및 부품 판매업,1
2024-09,노르웨이,전기  가스  증기 및 공기조절 공급업,1
2024-09,노르웨이,전기장비 제조업,1
2024-09,노르웨이,전문 서비스업,1
2024-09,노르웨이,전자부품  컴퓨터  영상  음향 및 통신장비 제조업,1
2024-09,노르웨이,창고 및 운송관련 서비스업,1
2024-09,노르웨이,컴퓨터 프로그래밍  시스템 통합 및 관리업,1
2024-09,노르웨이,펄프  종이 및 종이제품 제조업,1
2024-09,노르웨이,화학물질 및 화학제품 제조업; 의약품 제외,1
2024-09,뉴질랜드,1차 금속 제조업,2
2024-09,뉴질랜드,금속가공제품 제조업; 기계 및 가구 제외,2
2024-09,뉴질랜드,기타 기계 및 장비 제조업,2
2024-09,뉴질랜드,도매 및 상품 중개업,2
2024-09,뉴질랜드,목재 및 나무제품 제조업; 가구 제외,2
2024-09,뉴질랜드,소매업; 자동차 제외,2
2024-09,뉴질랜드,식료품 제조업,2
2024-09,뉴질랜드,우편 및 통신업,2
2024-09,뉴질랜드,의료용 물질 및 의약품 제조업,2
2024-09,뉴질랜드,의복  의복 액세서리 및 모피제품 제조업,2
2024-09,뉴질랜드,인쇄 및 기록매체 복제업,2
2024-09,뉴질랜드,자동차 및 부품 판매업,2
2024-09,뉴질랜드,전기  가스  증기 및 공기조절 공급업,2
2024-09,뉴질랜드,전기장비 제조업,1
2024-09,뉴질랜드,펄프  종이 및 종이제품 제조업,2
2024-09,뉴질랜드,화학물질 및 화학제품 제조업; 의약품 제외,1
2024-09,뉴칼레도니아,광업 지원 서비스업,4
2024-09,뉴칼레도니아,도매 및 상품 중개업,4
2024-09,니카라과,도매 및 상품 중개업,5
2024-09,니카라과,소매업; 자동차 제외,5
2024-09,니카라과,우편 및 통신업,5
2024-09,니카라과,자동차 및 부품 판매업,5
2024-09,니카라과,화학물질 및 화학제품 제조업; 의약품 제외,5
2024-09,대만,1차 금속 제조업,2
2024-09,대만,가죽  가방 및 신발 제조업,2
2024-09,대만,건축기술  엔지니어링 및 기타 과학기술 서비스업,2
2024-09,대만,고무 및 플라스틱제품 제조업,2
2024-09,대만,금속가공제품 제조업; 기계 및 가구 제외,2
2024-09,대만,금융업,2
2024-09,대만,기타 기계 및 장비 제조업,2
2024-09,대만,기타 운송장비 제조업,2
2024-09,대만,기타 제품 제조업,2
2024-09,대만,도매 및 상품 중개업,2
2024-09,대만,방송업,2
2024-09,대만,비금속 광물제품 제조업,2
2024-09,대만,섬유제품 제조업; 의복제외,2
2024-09,대만,소매업; 자동차 제외,2
2024-09,대만,수상 운송업,2
2024-09,대만,식료품 제조업,2
2024-09,대만,우편 및 통신업,2
2024-09,대만,의료  정밀  광학기기 및 시계 제조업,2
2024-09,대만,의료용 물질 및 의약품 제조업,2
2024-09,대만,의복  의복 액세서리 및 모피제품 제조업,2
2024-09,대만,자동차 및 부품 판매업,2
2024-09,대만,자동차 및 트레일러 제조업,2
2024-09,대만,전기장비 제조업,2
2024-09,대만,전문직별 공사업,2
2024-09,대만,전자부품  컴퓨터  영상  음향 및 통신장비 제조업,2
2024-09,대만,종합 건설업,2
2024-09,대만,창고 및 운송관련 서비스업,2
2024-09,대만,출판업,2
2024-09,대만,코크스  연탄 및 석유정제품 제조업,2
2024-09,대만,펄프  종이 및 종이제품 제조업,2
2024-09,대만,화학물질 및 화학제품 제조업; 의약품 제외,2
2024-09,덴마크,개인 및 소비용품 수리업,1
2024-09,덴마크,고무 및 플라스틱제품 제조업,1
2024-09,덴마크,금속가공제품 제조업; 기계 및 가구 제외,1
2024-09,덴마크,기타 기계 및 장비 제조업,1
2024-09,덴마크,도매 및 상품 중개업,2
2024-09,덴마크,섬유제품 제조업; 의복제외,1
2024-09,덴마크,수상 운송업,1
2024-09,덴마크,식료품 제조업,1
2024-09,덴마크,의료  정밀  광학기기 및 시계 제조업,1
2024-09,덴마크,의료용 물질 및 의약품 제조업,1
2024-09,덴마크,자동차 및 부품 판매업,1
2024-09,덴마크,전자부품  컴퓨터  영상  음향 및 통신장비 제조업,1
2024-09,덴마크,창고 및 운송관련 서비스업,1
2024-09,덴마크,컴퓨터 프로그래밍  시스템 통합 및 관리업,1
2024-09,덴마크,펄프  종이 및 종이제품 제조업,1
2024-09,덴마크,화학물질 및 화학제품 제조업; 의약품 제외,1
2024-09,도미니카공화국,1차 금속 제조업,4
2024-09,도미니카공화국,고무 및 플라스틱제품 제조업,4
2024-09,도미니카공화국,도매 및 상품 중개업,4
2024-09,도미니카공화국,비금속 광물제품 제조업,4
2024-09,도미니카공화국,소매업; 자동차 제외,4
2024-09,도미니카공화국,식료품 제조업,4
2024-09,도미니카공화국,우편 및 통신업,4
2024-09,도미니카공화국,자동차 및 부품 판매업,4
2024-09,도미니카공화국,화학물질 및 화학제품 제조업; 의약품 제외,4
2024-09,독일,1차 금속 제조업,2
2024-09,독일,가구 제조업,2
2024-09,독일,개인 및 소비용품 수리업,2
2024-09,독일,건축기술  엔지니어링 및 기타 과학기술 서비스업,1
2024-09,독일,고무 및 플라스틱제품 제조업,2
2024-09,독일,교육 서비스업,2
2024-09,독일,금속가공제품 제조업; 기계 및 가구 제외,2
2024-09,독일,금융업,2
2024-09,독일,기타 기계 및 장비 제조업,2
2024-09,독일,기타 운송장비 제조업,2
2024-09,독일,기타 제품 제조업,2
2024-09,독일,도매 및 상품 중개업,2
2024-09,독일,비금속 광물제품 제조업,2
2024-09,독일,사업지원 서비스업,2
2024-09,독일,산업용 기계 및 장비 수리업,2
2024-09,독일,섬유제품 제조업; 의복제외,2
2024-09,독일,소매업; 자동차 제외,2
2024-09,독일,수상 운송업,2
2024-09,독일,우편 및 통신업,2
2024-09,독일,음료 제조업,2
2024-09,독일,의료  정밀  광학기기 및 시계 제조업,2
2024-09,독일,의료용 물질 및 의약품 제조업,1
2024-09,독일,의복  의복 액세서리 및 모피제품 제조업,2
2024-09,독일,인쇄 및 기록매체 복제업,1
2024-09,독일,자동차 및 부품 판매업,2
2024-09,독일,자동차 및 트레일러 제조업,2
2024-09,독일,전기  가스  증기 및 공기조절 공급업,2
2024-09,독일,전기장비 제조업,2
2024-09,독일,전문 서비스업,2
2024-09,독일,전자부품  컴퓨터  영상  음향 및 통신장비 제조업,2
2024-09,독일,창고 및 운송관련 서비스업,2
2024-09,독일,출판업,2
2024-09,독일,컴퓨터 프로그래밍  시스템 통합 및 관리업,2
2024-09,독일,코크스  연탄 및 석유정제품 제조업,2
2024-09,독일,펄프  종이 및 종이제품 제조업,1
2024-09,독일,화학물질 및 화학제품 제조업; 의약품 제외,2
2024-09,라오스,도매 및 상품 중개업,5
2024-09,라오스,식료품 제조업,5
2024-09,라오스,자동차 및 부품 판매업,5
2024-09,라오스,항공 운송업,5
2024-09,라이베리아,1차 금속 제조업,5
2024-09,라이베리아,도매 및 상품 중개업,5
2024-09,라트비아,고무 및 플라스틱제품 제조업,3
2024-09,라트비아,금속가공제품 제조업; 기계 및 가구 제외,3
2024-09,라트비아,도매 및 상품 중개업,3
2024-09,라트비아,섬유제품 제조업; 의복제외,3
2024-09,라트비아,소매업; 자동차 제외,3
2024-09,라트비아,의료용 물질 및 의약품 제조업,3
2024-09,라트비아,자동차 및 부품 판매업,3
2024-09,라트비아,전자부품  컴퓨터  영상  음향 및 통신장비 제조업,3
2024-09,라트비아,펄프  종이 및 종이제품 제조업,3
2024-09,러시아,가죽  가방 및 신발 제조업,5
2024-09,러시아,고무 및 플라스틱제품 제조업,5
2024-09,러시아,금속 광업,5
2024-09,러시아,금속가공제품 제조업; 기계 및 가구 제외,5
2024-09,러시아,금융업,5
2024-09,러시아,기타 기계 및 장비 제조업,5
2024-09,러시아,기타 운송장비 제조업,5
2024-09,러시아,도매 및 상품 중개업,5
2024-09,러시아,목재 및 나무제품 제조업; 가구 제외,5
2024-09,러시아,비금속 광물제품 제조업,5
2024-09,러시아,소매업; 자동차 제외,5
2024-09,러시아,식료품 제조업,5
2024-09,러시아,연구개발업,5
2024-09,러시아,의료용 물질 및 의약품 제조업,5
2024-09,러시아,자동차 및 부품 판매업,5
2024-09,러시아,자동차 및 트레일러 제조업,5
2024-09,러시아,전기장비 제조업,5
2024-09,러시아,전자부품  컴퓨터  영상  음향 및 통신장비 제조업,5
2024-09,러시아,펄프  종이 및 종이제품 제조업,5
2024-09,러시아,화학물질 및 화학제품 제조업; 의약품 제외,5
2024-09,레바논,도매 및 상품 중개업,4
2024-09,레바논,자동차 및 부품 판매업,4
2024-09,레바논,펄프  종이 및 종이제품 제조업,4
2024-09,레위니옹,자동차 및 부품 판매업,4
2024-09,루마니아,1차 금속 제조업,3
2024-09,루마니아,건축기술  엔지니어링 및 기타 과학기술 서비스업,3
2024-09,루마니아,고무 및 플라스틱제품 제조업,3
2024-09,루마니아,금속가공제품 제조업; 기계 및 가구 제외,3
2024-09,루마니아,기타 기계 및 장비 제조업,3
2024-09,루마니아,기타 운송장비 제조업,3
2024-09,루마니아,기타 제품 제조업,3
2024-09,루마니아,농업,3
2024-09,루마니아,도매 및 상품 중개업,3
2024-09,루마니아,부동산업,3
2024-09,루마니아,사업지원 서비스업,3
2024-09,루마니아,섬유제품 제조업; 의복제외,3
2024-09,루마니아,소매업; 자동차 제외,3
2024-09,루마니아,식료품 제조업,3
2024-09,루마니아,음료 제조업,3
2024-09,루마니아,의료용 물질 및 의약품 제조업,3
2024-09,루마니아,인쇄 및 기록매체 복제업,3
2024-09,루마니아,자동차 및 부품 판매업,3
2024-09,루마니아,자동차 및 트레일러 제조업,3
2024-09,루마니아,전기장비 제조업,3
2024-09,루마니아,전문 서비스업,3
2024-09,루마니아,전문직별 공사업,3
2024-09,루마니아,전자부품  컴퓨터  영상  음향 및 통신장비 제조업,3
2024-09,루마니아,종합 건설업,3
2024-09,루마니아,펄프  종이 및 종이제품 제조업,3
2024-09,루마니아,화학물질 및 화학제품 제조업; 의약품 제외,3
2024-09,룩셈부르크,고무 및 플라스틱제품 제조업,2
2024-09,룩셈부르크,금융업,2
2024-09,룩셈부르크,도매 및 상품 중개업,2
2024-09,룩셈부르크,비금속 광물제품 제조업,2
2024-09,룩셈부르크,자동차 및 부품 판매업,2
2024-09,룩셈부르크,전기  가스  증기 및 공기조절 공급업,3
2024-09,르완다,가구 제조업,4
2024-09,르완다,도매 및 상품 중개업,4
2024-09,리비아,자동차 및 부품 판매업,5
2024-09,리투아니아,개인 및 소비용품 수리업,2
2024-09,리투아니아,고무 및 플라스틱제품 제조업,2
2024-09,리투아니아,금속가공제품 제조업; 기계 및 가구 제외,2
2024-09,리투아니아,도매 및 상품 중개업,2
2024-09,리투아니아,사업지원 서비스업,2
2024-09,리투아니아,소매업; 자동차 제외,2
2024-09,리투아니아,자동차 및 부품 판매업,2
2024-09,리투아니아,자동차 및 트레일러 제조업,2
2024-09,리투아니아,전문직별 공사업,2
2024-09,리투아니아,화학물질 및 화학제품 제조업; 의약품 제외,2
2024-09,리히텐슈타인,금속가공제품 제조업; 기계 및 가구 제외,4
2024-09,리히텐슈타인,기타 기계 및 장비 제조업,4
2024-09,마샬군도,도매 및 상품 중개업,4
2024-09,마카오,도매 및 상품 중개업,2
2024-09,마카오,사업지원 서비스업,2
2024-09,마카오,소매업; 자동차 제외,2
2024-09,마카오,스포츠 및 오락관련 서비스업,2
2024-09,마카오,우편 및 통신업,2
2024-09,마카오,출판업,2
2024-09,말레이시아,1차 금속 제조업,3
2024-09,말레이시아,개인 및 소비용품 수리업,3
2024-09,말레이시아,고무 및 플라스틱제품 제조업,3
2024-09,말레이시아,금속가공제품 제조업; 기계 및 가구 제외,3
2024-09,말레이시아,금융업,3
2024-09,말레이시아,기타 기계 및 장비 제조업,3
2024-09,말레이시아,기타 제품 제조업,3
2024-09,말레이시아,도매 및 상품 중개업,3
2024-09,말레이시아,목재 및 나무제품 제조업; 가구 제외,3
2024-09,말레이시아,비금속 광물제품 제조업,3
2024-09,말레이시아,사업지원 서비스업,3
2024-09,말레이시아,섬유제품 제조업; 의복제외,3
2024-09,말레이시아,소매업; 자동차 제외,3
2024-09,말레이시아,식료품 제조업,3
2024-09,말레이시아,음료 제조업,3
2024-09,말레이시아,의료용 물질 및 의약품 제조업,3
2024-09,말레이시아,의복  의복 액세서리 및 모피제품 제조업,3
2024-09,말레이시아,인쇄 및 기록매체 복제업,3
2024-09,말레이시아,자동차 및 부품 판매업,3
2024-09,말레이시아,자동차 및 트레일러 제조업,3
2024-09,말레이시아,전기장비 제조업,3
2024-09,말레이시아,전문직별 공사업,3
2024-09,말레이시아,전자부품  컴퓨터  영상  음향 및 통신장비 제조업,3
2024-09,말레이시아,창고 및 운송관련 서비스업,3
2024-09,말레이시아,출판업,3
2024-09,말레이시아,펄프  종이 및 종이제품 제조업,3
2024-09,말레이시아,화학물질 및 화학제품 제조업; 의약품 제외,3
2024-09,말리,도매 및 상품 중개업,5
2024-09,말리,전문직별 공사업,5
2024-09,말리,컴퓨터 프로그래밍  시스템 통합 및 관리업,5
2024-09,멕시코,1차 금속 제조업,4
2024-09,멕시코,개인 및 소비용품 수리업,4
2024-09,멕시코,고무 및 플라스틱제품 제조업,4
2024-09,멕시코,금속가공제품 제조업; 기계 및 가구 제외,4
2024-09,멕시코,기타 기계 및 장비 제조업,4
2024-09,멕시코,기타 제품 제조업,4
2024-09,멕시코,도매 및 상품 중개업,4
2024-09,멕시코,비금속 광물제품 제조업,4
2024-09,멕시코,사업지원 서비스업,4
2024-09,멕시코,섬유제품 제조업; 의복제외,4
2024-09,멕시코,소매업; 자동차 제외,4
2024-09,멕시코,식료품 제조업,4
2024-09,멕시코,우편 및 통신업,4
2024-09,멕시코,의료용 물질 및 의약품 제조업,4
2024-09,멕시코,의복  의복 액세서리 및 모피제품 제조업,5
2024-09,멕시코,인쇄 및 기록매체 복제업,4
2024-09,멕시코,자동차 및 부품 판매업,4
2024-09,멕시코,자동차 및 트레일러 제조업,4
2024-09,멕시코,전기장비 제조업,5
2024-09,멕시코,전문 서비스업,4
2024-09,멕시코,전자부품  컴퓨터  영상  음향 및 통신장비 제조업,4
2024-09,멕시코,종합 건설업,5
2024-09,멕시코,창고 및 운송관련 서비스업,4
2024-09,멕시코,코크스  연탄 및 석유정제품 제조업,4
2024-09,멕시코,펄프  종이 및 종이제품 제조업,4
2024-09,멕시코,하수  폐수 및 분뇨 처리업,4
2024-09,멕시코,화학물질 및 화학제품 제조업; 의약품 제외,4
2024-09,모나코,도매 및 상품 중개업,4
2024-09,모로코,1차 금속 제조업,4
2024-09,모로코,가구 제조업,4
2024-09,모로코,개인 및 소비용품 수리업,4
2024-09,모로코,건축기술  엔지니어링 및 기타 과학기술 서비스업,4
2024-09,모로코,고무 및 플라스틱제품 제조업,4
2024-09,모로코,금속가공제품 제조업; 기계 및 가구 제외,4
2024-09,모로코,금융업,4
2024-09,모로코,기타 기계 및 장비 제조업,4
2024-09,모로코,도매 및 상품 중개업,4
2024-09,모로코,사업시설 관리 및 조경 서비스업,4
2024-09,모로코,사업지원 서비스업,4
2024-09,모로코,산업용 기계 및 장비 수리업,4
2024-09,모로코,소매업; 자동차 제외,4
2024-09,모로코,우편 및 통신업,4
2024-09,모로코,음료 제조업,4
2024-09,모로코,의료용 물질 및 의약품 제조업,4
2024-09,모로코,임대업; 부동산 제외,4
2024-09,모로코,자동차 및 부품 판매업,4
2024-09,모로코,전기장비 제조업,4
2024-09,모로코,전문직별 공사업,4
2024-09,모로코,컴퓨터 프로그래밍  시스템 통합 및 관리업,4
2024-09,모로코,화학물질 및 화학제품 제조업; 의약품 제외,4
2024-09,모리셔스,도매 및 상품 중개업,4
2024-09,모리셔스,자동차 및 부품 판매업,3
2024-09,모리셔스,펄프  종이 및 종이제품 제조업,2
2024-09,모리타니아,도매 및 상품 중개업,4
2024-09,모리타니아,컴퓨터 프로그래밍  시스템 통합 및 관리업,5
2024-09,몬테네그로,도매 및 상품 중개업,3
2024-09,몰도바,금속가공제품 제조업; 기계 및 가구 제외,4
2024-09,몰도바,도매 및 상품 중개업,4
2024-09,몰도바,소매업; 자동차 제외,4
2024-09,몰도바,우편 및 통신업,4
2024-09,몰도바,자동차 및 부품 판매업,4
2024-09,몰도바,코크스  연탄 및 석유정제품 제조업,4
2024-09,몰디브,창고 및 운송관련 서비스업,4
2024-09,몰타,도매 및 상품 중개업,2
2024-09,몰타,섬유제품 제조업; 의복제외,2
2024-09,몰타,자동차 및 부품 판매업,2
2024-09,몰타,전자부품  컴퓨터  영상  음향 및 통신장비 제조업,2
2024-09,몽골,도매 및 상품 중개업,4
2024-09,몽골,소매업; 자동차 제외,4
2024-09,몽골,우편 및 통신업,4
2024-09,몽골,음료 제조업,5
2024-09,몽골,인쇄 및 기록매체 복제업,4
2024-09,몽골,자동차 및 부품 판매업,4
2024-09,몽골,펄프  종이 및 종이제품 제조업,4
2024-09,미국,1차 금속 제조업,2
2024-09,미국,가구 제조업,2
2024-09,미국,가죽  가방 및 신발 제조업,2
2024-09,미국,개인 및 소비용품 수리업,2
2024-09,미국,건축기술  엔지니어링 및 기타 과학기술 서비스업,2
2024-09,미국,고무 및 플라스틱제품 제조업,2
2024-09,미국,공공행정  국방 및 사회보장 행정,2
2024-09,미국,광업 지원 서비스업,2
2024-09,미국,금속가공제품 제조업; 기계 및 가구 제외,2
2024-09,미국,기타 개인 서비스업,2
2024-09,미국,기타 기계 및 장비 제조업,2
2024-09,미국,기타 운송장비 제조업,2
2024-09,미국,기타 전문  과학 및 기술 서비스업,2
2024-09,미국,기타 제품 제조업,2
2024-09,미국,도매 및 상품 중개업,2
2024-09,미국,목재 및 나무제품 제조업; 가구 제외,3
2024-09,미국,방송업,2
2024-09,미국,비금속 광물제품 제조업,2
2024-09,미국,사업지원 서비스업,2
2024-09,미국,산업용 기계 및 장비 수리업,2
2024-09,미국,섬유제품 제조업; 의복제외,2
2024-09,미국,소매업; 자동차 제외,3
2024-09,미국,수상 운송업,2
2024-09,미국,식료품 제조업,2
2024-09,미국,우편 및 통신업,2
2024-09,미국,육상운송 및 파이프라인 운송업,3
2024-09,미국,음식점 및 주점업,2
2024-09,미국,의료  정밀  광학기기 및 시계 제조업,2
2024-09,미국,의료용 물질 및 의약품 제조업,2
2024-09,미국,의복  의복 액세서리 및 모피제품 제조업,2
2024-09,미국,인쇄 및 기록매체 복제업,2
2024-09,미국,임대업; 부동산 제외,2
2024-09,미국,자동차 및 부품 판매업,2
2024-09,미국,자동차 및 트레일러 제조업,2
2024-09,미국,전기  가스  증기 및 공기조절 공급업,2
2024-09,미국,전기장비 제조업,2
2024-09,미국,전문 서비스업,2
2024-09,미국,전문직별 공사업,2
2024-09,미국,전자부품  컴퓨터  영상  음향 및 통신장비 제조업,2
2024-09,미국,정보서비스업,2
2024-09,미국,종합 건설업,2
2024-09,미국,창고 및 운송관련 서비스업,2
2024-09,미국,출판업,2
2024-09,미국,컴퓨터 프로그래밍  시스템 통합 및 관리업,2
2024-09,미국,코크스  연탄 및 석유정제품 제조업,2
2024-09,미국,펄프  종이 및 종이제품 제조업,3
2024-09,미국,항공 운송업,2
2024-09,미국,협회 및 단체,2
2024-09,미국,화학물질 및 화학제품 제조업; 의약품 제외,2
2024-09,미얀마,고무 및 플라스틱제품 제조업,5
2024-09,미얀마,도매 및 상품 중개업,5
2024-09,미얀마,식료품 제조업,5
2024-09,미얀마,인쇄 및 기록매체 복제업,5
2024-09,미얀마,자동차 및 부품 판매업,5
2024-09,바레인,가구 제조업,3
2024-09,바레인,기타 기계 및 장비 제조업,3
2024-09,바레인,도매 및 상품 중개업,3
2024-09,바레인,자동차 및 부품 판매업,3
2024-09,바레인,출판업,3
2024-09,바레인,화학물질 및 화학제품 제조업; 의약품 제외,3
2024-09,바베이도스,금융 및 보험 관련 서비스업,4
2024-09,방글라데시,1차 금속 제조업,4
2024-09,방글라데시,가죽  가방 및 신발 제조업,4
2024-09,방글라데시,고무 및 플라스틱제품 제조업,4
2024-09,방글라데시,금속가공제품 제조업; 기계 및 가구 제외,4
2024-09,방글라데시,기타 제품 제조업,4
2024-09,방글라데시,도매 및 상품 중개업,4
2024-09,방글라데시,보건업,4
2024-09,방글라데시,비금속 광물제품 제조업,4
2024-09,방글라데시,섬유제품 제조업; 의복제외,4
2024-09,방글라데시,식료품 제조업,4
2024-09,방글라데시,음료 제조업,5
2024-09,방글라데시,의료  정밀  광학기기 및 시계 제조업,4
2024-09,방글라데시,의료용 물질 및 의약품 제조업,4
2024-09,방글라데시,의복  의복 액세서리 및 모피제품 제조업,4
2024-09,방글라데시,인쇄 및 기록매체 복제업,4
2024-09,방글라데시,자동차 및 부품 판매업,4
2024-09,방글라데시,전기장비 제조업,4
2024-09,방글라데시,전자부품  컴퓨터  영상  음향 및 통신장비 제조업,4
2024-09,방글라데시,출판업,5
2024-09,방글라데시,코크스  연탄 및 석유정제품 제조업,4
2024-09,방글라데시,펄프  종이 및 종이제품 제조업,4
2024-09,방글라데시,화학물질 및 화학제품 제조업; 의약품 제외,4
2024-09,베넹,도매 및 상품 중개업,5
2024-09,베트남,1차 금속 제조업,4
2024-09,베트남,가구 제조업,5
2024-09,베트남,가죽  가방 및 신발 제조업,4
2024-09,베트남,개인 및 소비용품 수리업,4
2024-09,베트남,고무 및 플라스틱제품 제조업,4
2024-09,베트남,금속 광업,4
2024-09,베트남,금속가공제품 제조업; 기계 및 가구 제외,4
2024-09,베트남,기타 기계 및 장비 제조업,4
2024-09,베트남,기타 운송장비 제조업,4
2024-09,베트남,기타 전문  과학 및 기술 서비스업,4
2024-09,베트남,기타 제품 제조업,4
2024-09,베트남,농업,4
2024-09,베트남,도매 및 상품 중개업,4
2024-09,베트남,목재 및 나무제품 제조업; 가구 제외,4
2024-09,베트남,비금속 광물제품 제조업,4
2024-09,베트남,산업용 기계 및 장비 수리업,4
2024-09,베트남,섬유제품 제조업; 의복제외,4
2024-09,베트남,소매업; 자동차 제외,4
2024-09,베트남,식료품 제조업,4
2024-09,베트남,음료 제조업,5
2024-09,베트남,의료  정밀  광학기기 및 시계 제조업,4
2024-09,베트남,의료용 물질 및 의약품 제조업,4
2024-09,베트남,의복  의복 액세서리 및 모피제품 제조업,4
2024-09,베트남,인쇄 및 기록매체 복제업,4
2024-09,베트남,자동차 및 부품 판매업,4
2024-09,베트남,자동차 및 트레일러 제조업,4
2024-09,베트남,전기장비 제조업,4
2024-09,베트남,전문 서비스업,4
2024-09,베트남,전문직별 공사업,4
2024-09,베트남,전자부품  컴퓨터  영상  음향 및 통신장비 제조업,4
2024-09,베트남,종합 건설업,4
2024-09,베트남,창고 및 운송관련 서비스업,4
2024-09,베트남,코크스  연탄 및 석유정제품 제조업,4
2024-09,베트남,펄프  종이 및 종이제품 제조업,4
2024-09,베트남,폐기물 수집  운반  처리 및 원료 재생업,4
2024-09,베트남,화학물질 및 화학제품 제조업; 의약품 제외,4
2024-09,벨기에,1차 금속 제조업,4
2024-09,벨기에,고무 및 플라스틱제품 제조업,2
2024-09,벨기에,금속가공제품 제조업; 기계 및 가구 제외,2
2024-09,벨기에,금융업,2
2024-09,벨기에,기타 기계 및 장비 제조업,2
2024-09,벨기에,도매 및 상품 중개업,2
2024-09,벨기에,비금속 광물제품 제조업,2
2024-09,벨기에,사업지원 서비스업,2
2024-09,벨기에,산업용 기계 및 장비 수리업,2
2024-09,벨기에,섬유제품 제조업; 의복제외,2
2024-09,벨기에,소매업; 자동차 제외,2
2024-09,벨기에,수상 운송업,2
2024-09,벨기에,식료품 제조업,2
2024-09,벨기에,의료  정밀  광학기기 및 시계 제조업,2
2024-09,벨기에,의복  의복 액세서리 및 모피제품 제조업,2
2024-09,벨기에,자동차 및 부품 판매업,2
2024-09,벨기에,자동차 및 트레일러 제조업,2
2024-09,벨기에,전기장비 제조업,2
2024-09,벨기에,전자부품  컴퓨터  영상  음향 및 통신장비 제조업,2
2024-09,벨기에,창고 및 운송관련 서비스업,2
2024-09,벨기에,컴퓨터 프로그래밍  시스템 통합 및 관리업,2
2024-09,벨기에,코크스  연탄 및 석유정제품 제조업,2
2024-09,벨기에,펄프  종이 및 종이제품 제조업,2
2024-09,벨기에,화학물질 및 화학제품 제조업; 의약품 제외,2
2024-09,벨라루스,도매 및 상품 중개업,5
2024-09,벨라루스,자동차 및 부품 판매업,5
2024-09,벨라루스,종합 건설업,5
2024-09,벨리즈,도매 및 상품 중개업,4
2024-09,벨리즈,소매업; 자동차 제외,4
2024-09,벨리즈,자동차 및 부품 판매업,4
2024-09,보스니아-헤르체코비나,도매 및 상품 중개업,3
2024-09,보스니아-헤르체코비나,소매업; 자동차 제외,3
2024-09,보스니아-헤르체코비나,자동차 및 부품 판매업,4
2024-09,보스니아-헤르체코비나,펄프  종이 및 종이제품 제조업,3
2024-09,볼리비아,가구 제조업,4
2024-09,볼리비아,금속 광업,4
2024-09,볼리비아,도매 및 상품 중개업,4
2024-09,볼리비아,육상운송 및 파이프라인 운송업,4
2024-09,볼리비아,자동차 및 부품 판매업,4
2024-09,볼리비아,화학물질 및 화학제품 제조업; 의약품 제외,4
2024-09,부룬디,가구 제조업,5
2024-09,부르키나파소,금속 광업,5
2024-09,부르키나파소,기타 운송장비 제조업,5
2024-09,부르키나파소,도매 및 상품 중개업,5
2024-09,부르키나파소,비금속광물 광업; 연료용 제외,5
2024-09,북마케도니아,도매 및 상품 중개업,4
2024-09,북마케도니아,소매업; 자동차 제외,3
2024-09,북마케도니아,자동차 및 트레일러 제조업,3
2024-09,북마케도니아,펄프  종이 및 종이제품 제조업,3
2024-09,불가리아,개인 및 소비용품 수리업,3
2024-09,불가리아,고무 및 플라스틱제품 제조업,3
2024-09,불가리아,금속가공제품 제조업; 기계 및 가구 제외,3
2024-09,불가리아,기타 기계 및 장비 제조업,3
2024-09,불가리아,기타 제품 제조업,3
2024-09,불가리아,담배 제조업,3
2024-09,불가리아,도매 및 상품 중개업,4
2024-09,불가리아,섬유제품 제조업; 의복제외,3
2024-09,불가리아,식료품 제조업,3
2024-09,불가리아,우편 및 통신업,3
2024-09,불가리아,인쇄 및 기록매체 복제업,3
2024-09,불가리아,자동차 및 부품 판매업,3
2024-09,불가리아,자동차 및 트레일러 제조업,3
2024-09,불가리아,전기장비 제조업,3
2024-09,불가리아,펄프  종이 및 종이제품 제조업,3
2024-09,불가리아,화학물질 및 화학제품 제조업; 의약품 제외,3
2024-09,브라질,1차 금속 제조업,4
2024-09,브라질,가구 제조업,4
2024-09,브라질,가죽  가방 및 신발 제조업,4
2024-09,브라질,고무 및 플라스틱제품 제조업,4
2024-09,브라질,금속가공제품 제조업; 기계 및 가구 제외,4
2024-09,브라질,금융 및 보험 관련 서비스업,4
2024-09,브라질,금융업,4
2024-09,브라질,기타 기계 및 장비 제조업,4
2024-09,브라질,기타 운송장비 제조업,4
2024-09,브라질,기타 제품 제조업,4
2024-09,브라질,도매 및 상품 중개업,4
2024-09,브라질,목재 및 나무제품 제조업; 가구 제외,4
2024-09,브라질,비금속 광물제품 제조업,4
2024-09,브라질,사업지원 서비스업,4
2024-09,브라질,섬유제품 제조업; 의복제외,4
2024-09,브라질,소매업; 자동차 제외,4
2024-09,브라질,숙박업,4
2024-09,브라질,식료품 제조업,4
2024-09,브라질,연구개발업,4
2024-09,브라질,의료  정밀  광학기기 및 시계 제조업,4
2024-09,브라질,의료용 물질 및 의약품 제조업,4
2024-09,브라질,의복  의복 액세서리 및 모피제품 제조업,4
2024-09,브라질,인쇄 및 기록매체 복제업,4
2024-09,브라질,자동차 및 부품 판매업,4
2024-09,브라질,자동차 및 트레일러 제조업,4
2024-09,브라질,전기장비 제조업,4
2024-09,브라질,전문 서비스업,4
2024-09,브라질,전문직별 공사업,4
2024-09,브라질,전자부품  컴퓨터  영상  음향 및 통신장비 제조업,4
2024-09,브라질,창고 및 운송관련 서비스업,4
2024-09,브라질,컴퓨터 프로그래밍  시스템 통합 및 관리업,4
2024-09,브라질,코크스  연탄 및 석유정제품 제조업,4
2024-09,브라질,펄프  종이 및 종이제품 제조업,4
2024-09,브라질,화학물질 및 화학제품 제조업; 의약품 제외,4
2024-09,사우디아라비아,1차 금속 제조업,5
2024-09,사우디아라비아,가구 제조업,3
2024-09,사우디아라비아,건축기술  엔지니어링 및 기타 과학기술 서비스업,3
2024-09,사우디아라비아,고무 및 플라스틱제품 제조업,3
2024-09,사우디아라비아,광업 지원 서비스업,3
2024-09,사우디아라비아,금속가공제품 제조업; 기계 및 가구 제외,3
2024-09,사우디아라비아,금융업,3
2024-09,사우디아라비아,기타 기계 및 장비 제조업,3
2024-09,사우디아라비아,도매 및 상품 중개업,4
2024-09,사우디아라비아,비금속 광물제품 제조업,3
2024-09,사우디아라비아,사업시설 관리 및 조경 서비스업,3
2024-09,사우디아라비아,사업지원 서비스업,3
2024-09,사우디아라비아,섬유제품 제조업; 의복제외,3
2024-09,사우디아라비아,소매업; 자동차 제외,3
2024-09,사우디아라비아,수도업,3
2024-09,사우디아라비아,수상 운송업,5
2024-09,사우디아라비아,식료품 제조업,3
2024-09,사우디아라비아,의료  정밀  광학기기 및 시계 제조업,3
2024-09,사우디아라비아,의료용 물질 및 의약품 제조업,3
2024-09,사우디아라비아,의복  의복 액세서리 및 모피제품 제조업,4
2024-09,사우디아라비아,자동차 및 부품 판매업,4
2024-09,사우디아라비아,전기  가스  증기 및 공기조절 공급업,3
2024-09,사우디아라비아,전기장비 제조업,3
2024-09,사우디아라비아,전문직별 공사업,3
2024-09,사우디아라비아,종합 건설업,3
2024-09,사우디아라비아,창고 및 운송관련 서비스업,3
2024-09,사우디아라비아,출판업,3
2024-09,사우디아라비아,컴퓨터 프로그래밍  시스템 통합 및 관리업,3
2024-09,사우디아라비아,코크스  연탄 및 석유정제품 제조업,3
2024-09,사우디아라비아,펄프  종이 및 종이제품 제조업,3
2024-09,사우디아라비아,화학물질 및 화학제품 제조업; 의약품 제외,3
2024-09,사이프러스,도매 및 상품 중개업,2
2024-09,사이프러스,수상 운송업,2
2024-09,사이프러스,자동차 및 부품 판매업,2
2024-09,산 마리노,1차 금속 제조업,5
2024-09,산 마리노,고무 및 플라스틱제품 제조업,2
2024-09,세네갈,가구 제조업,4
2024-09,세네갈,도매 및 상품 중개업,5
2024-09,세르비아,고무 및 플라스틱제품 제조업,3
2024-09,세르비아,도매 및 상품 중개업,3
2024-09,세르비아,사업지원 서비스업,3
2024-09,세르비아,섬유제품 제조업; 의복제외,3
2024-09,세르비아,자동차 및 부품 판매업,3
2024-09,세르비아,자동차 및 트레일러 제조업,3
2024-09,세르비아,전기장비 제조업,3
2024-09,세르비아,전문직별 공사업,3
2024-09,세르비아,전자부품  컴퓨터  영상  음향 및 통신장비 제조업,3
2024-09,세르비아,컴퓨터 프로그래밍  시스템 통합 및 관리업,3
2024-09,세르비아,화학물질 및 화학제품 제조업; 의약품 제외,3
2024-09,세이셸,도매 및 상품 중개업,4
2024-09,세이셸,소매업; 자동차 제외,4
2024-09,세인트 빈센트 그레나딘,도매 및 상품 중개업,4
2024-09,수리남,금속 광업,5
2024-09,스리랑카,고무 및 플라스틱제품 제조업,5
2024-09,스리랑카,금속가공제품 제조업; 기계 및 가구 제외,4
2024-09,스리랑카,도매 및 상품 중개업,4
2024-09,스리랑카,비금속 광물제품 제조업,4
2024-09,스리랑카,섬유제품 제조업; 의복제외,4
2024-09,스리랑카,식료품 제조업,4
2024-09,스리랑카,의복  의복 액세서리 및 모피제품 제조업,4
2024-09,스리랑카,자동차 및 부품 판매업,4
2024-09,스리랑카,전기장비 제조업,4
2024-09,스리랑카,화학물질 및 화학제품 제조업; 의약품 제외,4
2024-09,스웨덴,1차 금속 제조업,2
2024-09,스웨덴,개인 및 소비용품 수리업,2
2024-09,스웨덴,건축기술  엔지니어링 및 기타 과학기술 서비스업,2
2024-09,스웨덴,고무 및 플라스틱제품 제조업,2
2024-09,스웨덴,금속가공제품 제조업; 기계 및 가구 제외,2
2024-09,스웨덴,기타 기계 및 장비 제조업,2
2024-09,스웨덴,도매 및 상품 중개업,2
2024-09,스웨덴,섬유제품 제조업; 의복제외,2
2024-09,스웨덴,소매업; 자동차 제외,2
2024-09,스웨덴,연구개발업,2
2024-09,스웨덴,자동차 및 부품 판매업,2
2024-09,스웨덴,자동차 및 트레일러 제조업,2
2024-09,스웨덴,전기장비 제조업,2
2024-09,스웨덴,전문 서비스업,2
2024-09,스웨덴,전자부품  컴퓨터  영상  음향 및 통신장비 제조업,2
2024-09,스웨덴,컴퓨터 프로그래밍  시스템 통합 및 관리업,2
2024-09,스웨덴,코크스  연탄 및 석유정제품 제조업,2
2024-09,스웨덴,펄프  종이 및 종이제품 제조업,2
2024-09,스웨덴,화학물질 및 화학제품 제조업; 의약품 제외,2
2024-09,스위스,1차 금속 제조업,1
2024-09,스위스,가죽  가방 및 신발 제조업,1
2024-09,스위스,고무 및 플라스틱제품 제조업,1
2024-09,스위스,금속가공제품 제조업; 기계 및 가구 제외,1
2024-09,스위스,금융 및 보험 관련 서비스업,1
2024-09,스위스,기타 기계 및 장비 제조업,1
2024-09,스위스,기타 운송장비 제조업,1
2024-09,스위스,기타 제품 제조업,1
2024-09,스위스,담배 제조업,1
2024-09,스위스,도매 및 상품 중개업,2
2024-09,스위스,비금속 광물제품 제조업,1
2024-09,스위스,사업지원 서비스업,1
2024-09,스위스,소매업; 자동차 제외,1
2024-09,스위스,수도업,1
2024-09,스위스,수상 운송업,1
2024-09,스위스,의료  정밀  광학기기 및 시계 제조업,1
2024-09,스위스,의료용 물질 및 의약품 제조업,1
2024-09,스위스,의복  의복 액세서리 및 모피제품 제조업,1
2024-09,스위스,자동차 및 부품 판매업,1
2024-09,스위스,전기장비 제조업,1
2024-09,스위스,전문 서비스업,1
2024-09,스위스,전문직별 공사업,1
2024-09,스위스,전자부품  컴퓨터  영상  음향 및 통신장비 제조업,1
2024-09,스위스,코크스  연탄 및 석유정제품 제조업,1
2024-09,스위스,화학물질 및 화학제품 제조업; 의약품 제외,1
2024-09,스페인,1차 금속 제조업,2
2024-09,스페인,개인 및 소비용품 수리업,2
2024-09,스페인,건축기술  엔지니어링 및 기타 과학기술 서비스업,2
2024-09,스페인,고무 및 플라스틱제품 제조업,2
2024-09,스페인,금속가공제품 제조업; 기계 및 가구 제외,2
2024-09,스페인,금융업,2
2024-09,스페인,기타 기계 및 장비 제조업,2
2024-09,스페인,기타 운송장비 제조업,5
2024-09,스페인,기타 제품 제조업,2
2024-09,스페인,도매 및 상품 중개업,2
2024-09,스페인,비금속 광물제품 제조업,2
2024-09,스페인,사업지원 서비스업,2
2024-09,스페인,산업용 기계 및 장비 수리업,2
2024-09,스페인,섬유제품 제조업; 의복제외,2
2024-09,스페인,소매업; 자동차 제외,2
2024-09,스페인,식료품 제조업,2
2024-09,스페인,우편 및 통신업,2
2024-09,스페인,의료  정밀  광학기기 및 시계 제조업,2
2024-09,스페인,의료용 물질 및 의약품 제조업,2
2024-09,스페인,인쇄 및 기록매체 복제업,2
2024-09,스페인,자동차 및 부품 판매업,2
2024-09,스페인,자동차 및 트레일러 제조업,3
2024-09,스페인,전기  가스  증기 및 공기조절 공급업,5
2024-09,스페인,전기장비 제조업,2
2024-09,스페인,전문 서비스업,2
2024-09,스페인,전문직별 공사업,2
2024-09,스페인,전자부품  컴퓨터  영상  음향 및 통신장비 제조업,2
2024-09,스페인,종합 건설업,2
2024-09,스페인,컴퓨터 프로그래밍  시스템 통합 및 관리업,2
2024-09,스페인,코크스  연탄 및 석유정제품 제조업,2
2024-09,스페인,펄프  종이 및 종이제품 제조업,2
2024-09,스페인,하수  폐수 및 분뇨 처리업,2
2024-09,스페인,화학물질 및 화학제품 제조업; 의약품 제외,2
2024-09,슬로바키아,고무 및 플라스틱제품 제조업,2
2024-09,슬로바키아,기타 기계 및 장비 제조업,2
2024-09,슬로바키아,도매 및 상품 중개업,2
2024-09,슬로바키아,목재 및 나무제품 제조업; 가구 제외,2
2024-09,슬로바키아,비금속 광물제품 제조업,2
2024-09,슬로바키아,산업용 기계 및 장비 수리업,2
2024-09,슬로바키아,섬유제품 제조업; 의복제외,2
2024-09,슬로바키아,소매업; 자동차 제외,2
2024-09,슬로바키아,의료  정밀  광학기기 및 시계 제조업,2
2024-09,슬로바키아,의복  의복 액세서리 및 모피제품 제조업,2
2024-09,슬로바키아,인쇄 및 기록매체 복제업,2
2024-09,슬로바키아,자동차 및 부품 판매업,2
2024-09,슬로바키아,자동차 및 트레일러 제조업,2
2024-09,슬로바키아,전기장비 제조업,2
2024-09,슬로바키아,전문직별 공사업,2
2024-09,슬로바키아,전자부품  컴퓨터  영상  음향 및 통신장비 제조업,2
2024-09,슬로바키아,화학물질 및 화학제품 제조업; 의약품 제외,2
2024-09,슬로베니아,기타 기계 및 장비 제조업,2
2024-09,슬로베니아,기타 제품 제조업,2
2024-09,슬로베니아,도매 및 상품 중개업,2
2024-09,슬로베니아,섬유제품 제조업; 의복제외,2
2024-09,슬로베니아,소매업; 자동차 제외,2
2024-09,슬로베니아,자동차 및 부품 판매업,2
2024-09,슬로베니아,전기장비 제조업,2
2024-09,슬로베니아,전문직별 공사업,2
2024-09,슬로베니아,화학물질 및 화학제품 제조업; 의약품 제외,2
2024-09,시에라리온,도매 및 상품 중개업,5
2024-09,싱가포르,1차 금속 제조업,1
2024-09,싱가포르,가죽  가방 및 신발 제조업,1
2024-09,싱가포르,건축기술  엔지니어링 및 기타 과학기술 서비스업,1
2024-09,싱가포르,고무 및 플라스틱제품 제조업,1
2024-09,싱가포르,광업 지원 서비스업,1
2024-09,싱가포르,금속가공제품 제조업; 기계 및 가구 제외,1
2024-09,싱가포르,금융업,1
2024-09,싱가포르,기타 기계 및 장비 제조업,1
2024-09,싱가포르,기타 운송장비 제조업,1
2024-09,싱가포르,담배 제조업,1
2024-09,싱가포르,도매 및 상품 중개업,1
2024-09,싱가포르,비금속 광물제품 제조업,1
2024-09,싱가포르,사업지원 서비스업,1
2024-09,싱가포르,석탄  원유 및 천연가스 광업,1
2024-09,싱가포르,섬유제품 제조업; 의복제외,1
2024-09,싱가포르,소매업; 자동차 제외,1
2024-09,싱가포르,수상 운송업,1
2024-09,싱가포르,식료품 제조업,3
2024-09,싱가포르,음료 제조업,1
2024-09,싱가포르,의료  정밀  광학기기 및 시계 제조업,1
2024-09,싱가포르,인쇄 및 기록매체 복제업,1
2024-09,싱가포르,임대업; 부동산 제외,1
2024-09,싱가포르,자동차 및 부품 판매업,1
2024-09,싱가포르,자동차 및 트레일러 제조업,1
2024-09,싱가포르,전기  가스  증기 및 공기조절 공급업,1
2024-09,싱가포르,전기장비 제조업,1
2024-09,싱가포르,전문 서비스업,1
2024-09,싱가포르,전문직별 공사업,1
2024-09,싱가포르,전자부품  컴퓨터  영상  음향 및 통신장비 제조업,1
2024-09,싱가포르,종합 건설업,1
2024-09,싱가포르,창고 및 운송관련 서비스업,1
2024-09,싱가포르,출판업,1
2024-09,싱가포르,코크스  연탄 및 석유정제품 제조업,1
2024-09,싱가포르,펄프  종이 및 종이제품 제조업,1
2024-09,싱가포르,화학물질 및 화학제품 제조업; 의약품 제외,1
2024-09,아랍에미리트 연합,1차 금속 제조업,4
2024-09,아랍에미리트 연합,가구 제조업,3
2024-09,아랍에미리트 연합,고무 및 플라스틱제품 제조업,3
2024-09,아랍에미리트 연합,광업 지원 서비스업,3
2024-09,아랍에미리트 연합,금속 광업,3
2024-09,아랍에미리트 연합,금속가공제품 제조업; 기계 및 가구 제외,3
2024-09,아랍에미리트 연합,기타 기계 및 장비 제조업,3
2024-09,아랍에미리트 연합,도매 및 상품 중개업,3
2024-09,아랍에미리트 연합,비금속 광물제품 제조업,3
2024-09,아랍에미리트 연합,소매업; 자동차 제외,3
2024-09,아랍에미리트 연합,수상 운송업,3
2024-09,아랍에미리트 연합,식료품 제조업,3
2024-09,아랍에미리트 연합,육상운송 및 파이프라인 운송업,3
2024-09,아랍에미리트 연합,자동차 및 부품 판매업,3
2024-09,아랍에미리트 연합,자동차 및 트레일러 제조업,3
2024-09,아랍에미리트 연합,전기  가스  증기 및 공기조절 공급업,4
2024-09,아랍에미리트 연합,전기장비 제조업,3
2024-09,아랍에미리트 연합,전문 서비스업,3
2024-09,아랍에미리트 연합,전문직별 공사업,3
2024-09,아랍에미리트 연합,종합 건설업,4
2024-09,아랍에미리트 연합,창고 및 운송관련 서비스업,3
2024-09,아랍에미리트 연합,출판업,3
2024-09,아랍에미리트 연합,코크스  연탄 및 석유정제품 제조업,3
2024-09,아랍에미리트 연합,펄프  종이 및 종이제품 제조업,3
2024-09,아랍에미리트 연합,항공 운송업,3
2024-09,아랍에미리트 연합,화학물질 및 화학제품 제조업; 의약품 제외,3
2024-09,아루바,자동차 및 부품 판매업,4
2024-09,아르메니아,1차 금속 제조업,5
2024-09,아르메니아,가구 제조업,5
2024-09,아르메니아,고무 및 플라스틱제품 제조업,5
2024-09,아르메니아,도매 및 상품 중개업,5
2024-09,아르메니아,펄프  종이 및 종이제품 제조업,5
2024-09,아르헨티나,1차 금속 제조업,4
2024-09,아르헨티나,가구 제조업,5
2024-09,아르헨티나,고무 및 플라스틱제품 제조업,4
2024-09,아르헨티나,금속가공제품 제조업; 기계 및 가구 제외,4
2024-09,아르헨티나,기타 개인 서비스업,4
2024-09,아르헨티나,기타 기계 및 장비 제조업,4
2024-09,아르헨티나,도매 및 상품 중개업,4
2024-09,아르헨티나,비금속 광물제품 제조업,4
2024-09,아르헨티나,석탄  원유 및 천연가스 광업,5
2024-09,아르헨티나,섬유제품 제조업; 의복제외,4
2024-09,아르헨티나,소매업; 자동차 제외,4
2024-09,아르헨티나,우편 및 통신업,5
2024-09,아르헨티나,의료  정밀  광학기기 및 시계 제조업,5
2024-09,아르헨티나,의료용 물질 및 의약품 제조업,4
2024-09,아르헨티나,의복  의복 액세서리 및 모피제품 제조업,4
2024-09,아르헨티나,인쇄 및 기록매체 복제업,4
2024-09,아르헨티나,자동차 및 부품 판매업,4
2024-09,아르헨티나,자동차 및 트레일러 제조업,4
2024-09,아르헨티나,전기장비 제조업,4
2024-09,아르헨티나,전자부품  컴퓨터  영상  음향 및 통신장비 제조업,4
2024-09,아르헨티나,펄프  종이 및 종이제품 제조업,4
2024-09,아르헨티나,화학물질 및 화학제품 제조업; 의약품 제외,4
2024-09,아이슬란드,개인 및 소비용품 수리업,2
2024-09,아이슬란드,고무 및 플라스틱제품 제조업,2
2024-09,아이슬란드,기타 전문  과학 및 기술 서비스업,2
2024-09,아이슬란드,소매업; 자동차 제외,2
2024-09,아이슬란드,자동차 및 부품 판매업,2
2024-09,아이슬란드,전문직별 공사업,2
2024-09,아이티,자동차 및 부품 판매업,5
2024-09,아일랜드,고무 및 플라스틱제품 제조업,1
2024-09,아일랜드,금속가공제품 제조업; 기계 및 가구 제외,1
2024-09,아일랜드,금융업,1
2024-09,아일랜드,기타 개인 서비스업,1
2024-09,아일랜드,기타 제품 제조업,1
2024-09,아일랜드,농업,1
2024-09,아일랜드,도매 및 상품 중개업,1
2024-09,아일랜드,비금속 광물제품 제조업,1
2024-09,아일랜드,소매업; 자동차 제외,1
2024-09,아일랜드,식료품 제조업,1
2024-09,아일랜드,의료  정밀  광학기기 및 시계 제조업,1
2024-09,아일랜드,의료용 물질 및 의약품 제조업,1
2024-09,아일랜드,자동차 및 부품 판매업,1
2024-09,아일랜드,자동차 및 트레일러 제조업,1
2024-09,아일랜드,전기장비 제조업,1
2024-09,아일랜드,전문직별 공사업,1
2024-09,아일랜드,전자부품  컴퓨터  영상  음향 및 통신장비 제조업,1
2024-09,아일랜드,컴퓨터 프로그래밍  시스템 통합 및 관리업,1
2024-09,아일랜드,코크스  연탄 및 석유정제품 제조업,1
2024-09,아일랜드,펄프  종이 및 종이제품 제조업,1
2024-09,아일랜드,화학물질 및 화학제품 제조업; 의약품 제외,1
2024-09,아제르바이잔,1차 금속 제조업,4
2024-09,아제르바이잔,가구 제조업,4
2024-09,아제르바이잔,개인 및 소비용품 수리업,4
2024-09,아제르바이잔,도매 및 상품 중개업,5
2024-09,아제르바이잔,부동산업,4
2024-09,아제르바이잔,비금속 광물제품 제조업,4
2024-09,아제르바이잔,소매업; 자동차 제외,4
2024-09,아제르바이잔,자동차 및 부품 판매업,4
2024-09,아제르바이잔,컴퓨터 프로그래밍  시스템 통합 및 관리업,4
2024-09,아제르바이잔,화학물질 및 화학제품 제조업; 의약품 제외,4
2024-09,안도라,개인 및 소비용품 수리업,3
2024-09,안도라,도매 및 상품 중개업,3
2024-09,알제리,가죽  가방 및 신발 제조업,4
2024-09,알제리,고무 및 플라스틱제품 제조업,5
2024-09,알제리,도매 및 상품 중개업,4
2024-09,알제리,비금속 광물제품 제조업,5
2024-09,알제리,의료용 물질 및 의약품 제조업,4
2024-09,알제리,의복  의복 액세서리 및 모피제품 제조업,5
2024-09,알제리,자동차 및 부품 판매업,4
2024-09,알제리,전기장비 제조업,5
2024-09,알제리,전문직별 공사업,4
2024-09,알제리,전자부품  컴퓨터  영상  음향 및 통신장비 제조업,4
2024-09,알제리,펄프  종이 및 종이제품 제조업,4
2024-09,알제리,화학물질 및 화학제품 제조업; 의약품 제외,5
2024-09,에스토니아,개인 및 소비용품 수리업,2
2024-09,에스토니아,금속가공제품 제조업; 기계 및 가구 제외,2
2024-09,에스토니아,기타 기계 및 장비 제조업,2
2024-09,에스토니아,도매 및 상품 중개업,2
2024-09,에스토니아,산업용 기계 및 장비 수리업,2
2024-09,에스토니아,섬유제품 제조업; 의복제외,2
2024-09,에스토니아,소매업; 자동차 제외,3
2024-09,에스토니아,임대업; 부동산 제외,2
2024-09,에스토니아,자동차 및 부품 판매업,2
2024-09,에스토니아,전기장비 제조업,2
2024-09,에스토니아,전자부품  컴퓨터  영상  음향 및 통신장비 제조업,2
2024-09,에스토니아,화학물질 및 화학제품 제조업; 의약품 제외,2
2024-09,에콰도르,가구 제조업,4
2024-09,에콰도르,고무 및 플라스틱제품 제조업,5
2024-09,에콰도르,금속가공제품 제조업; 기계 및 가구 제외,4
2024-09,에콰도르,도매 및 상품 중개업,4
2024-09,에콰도르,섬유제품 제조업; 의복제외,4
2024-09,에콰도르,소매업; 자동차 제외,4
2024-09,에콰도르,식료품 제조업,5
2024-09,에콰도르,어업,4
2024-09,에콰도르,의료용 물질 및 의약품 제조업,4
2024-09,에콰도르,자동차 및 부품 판매업,4
2024-09,에콰도르,자동차 및 트레일러 제조업,4
2024-09,에콰도르,전기장비 제조업,4
2024-09,에콰도르,펄프  종이 및 종이제품 제조업,4
2024-09,에콰도르,화학물질 및 화학제품 제조업; 의약품 제외,4
2024-09,에티오피아,도매 및 상품 중개업,5
2024-09,엘살바도르,1차 금속 제조업,4
2024-09,엘살바도르,고무 및 플라스틱제품 제조업,4
2024-09,엘살바도르,도매 및 상품 중개업,4
2024-09,엘살바도르,섬유제품 제조업; 의복제외,4
2024-09,엘살바도르,소매업; 자동차 제외,4
2024-09,엘살바도르,식료품 제조업,4
2024-09,엘살바도르,우편 및 통신업,4
2024-09,엘살바도르,자동차 및 부품 판매업,5
2024-09,엘살바도르,화학물질 및 화학제품 제조업; 의약품 제외,4
2024-09,영국,1차 금속 제조업,2
2024-09,영국,가구 제조업,2
2024-09,영국,개인 및 소비용품 수리업,3
2024-09,영국,고무 및 플라스틱제품 제조업,2
2024-09,영국,금속가공제품 제조업; 기계 및 가구 제외,2
2024-09,영국,금융업,2
2024-09,영국,기타 개인 서비스업,2
2024-09,영국,기타 기계 및 장비 제조업,2
2024-09,영국,기타 운송장비 제조업,2
2024-09,영국,기타 전문  과학 및 기술 서비스업,2
2024-09,영국,기타 제품 제조업,2
2024-09,영국,도매 및 상품 중개업,2
2024-09,영국,비금속 광물제품 제조업,2
2024-09,영국,사업지원 서비스업,2
2024-09,영국,산업용 기계 및 장비 수리업,2
2024-09,영국,섬유제품 제조업; 의복제외,2
2024-09,영국,소매업; 자동차 제외,2
2024-09,영국,수상 운송업,2
2024-09,영국,스포츠 및 오락관련 서비스업,2
2024-09,영국,식료품 제조업,2
2024-09,영국,우편 및 통신업,2
2024-09,영국,음료 제조업,2
2024-09,영국,의료  정밀  광학기기 및 시계 제조업,2
2024-09,영국,의료용 물질 및 의약품 제조업,2
2024-09,영국,의복  의복 액세서리 및 모피제품 제조업,2
2024-09,영국,인쇄 및 기록매체 복제업,2
2024-09,영국,자동차 및 부품 판매업,2
2024-09,영국,자동차 및 트레일러 제조업,2
2024-09,영국,전기  가스  증기 및 공기조절 공급업,2
2024-09,영국,전기장비 제조업,2
2024-09,영국,전문 서비스업,3
2024-09,영국,전문직별 공사업,2
2024-09,영국,전자부품  컴퓨터  영상  음향 및 통신장비 제조업,2
2024-09,영국,종합 건설업,2
2024-09,영국,창고 및 운송관련 서비스업,2
2024-09,영국,출판업,2
2024-09,영국,컴퓨터 프로그래밍  시스템 통합 및 관리업,2
2024-09,영국,코크스  연탄 및 석유정제품 제조업,2
2024-09,영국,펄프  종이 및 종이제품 제조업,2
2024-09,영국,화학물질 및 화학제품 제조업; 의약품 제외,2
2024-09,영국령 버진군도,금융업,4
2024-09,오만,1차 금속 제조업,4
2024-09,오만,가구 제조업,5
2024-09,오만,건축기술  엔지니어링 및 기타 과학기술 서비스업,3
2024-09,오만,고무 및 플라스틱제품 제조업,3
2024-09,오만,도매 및 상품 중개업,3
2024-09,오만,식료품 제조업,3
2024-09,오만,자동차 및 부품 판매업,3
2024-09,오만,종합 건설업,3
2024-09,오만,컴퓨터 프로그래밍  시스템 통합 및 관리업,4
2024-09,오만,화학물질 및 화학제품 제조업; 의약품 제외,3
2024-09,오스트리아,가구 제조업,1
2024-09,오스트리아,고무 및 플라스틱제품 제조업,1
2024-09,오스트리아,기타 기계 및 장비 제조업,1
2024-09,오스트리아,도매 및 상품 중개업,1
2024-09,오스트리아,비금속 광물제품 제조업,1
2024-09,오스트리아,산업용 기계 및 장비 수리업,1
2024-09,오스트리아,섬유제품 제조업; 의복제외,1
2024-09,오스트리아,식료품 제조업,2
2024-09,오스트리아,의료  정밀  광학기기 및 시계 제조업,1
2024-09,오스트리아,자동차 및 부품 판매업,1
2024-09,오스트리아,자동차 및 트레일러 제조업,2
2024-09,오스트리아,전기장비 제조업,2
2024-09,오스트리아,전문직별 공사업,1
2024-09,오스트리아,펄프  종이 및 종이제품 제조업,1
2024-09,오스트리아,화학물질 및 화학제품 제조업; 의약품 제외,1
2024-09,온두라스,건축기술  엔지니어링 및 기타 과학기술 서비스업,4
2024-09,온두라스,고무 및 플라스틱제품 제조업,4
2024-09,온두라스,금속가공제품 제조업; 기계 및 가구 제외,5
2024-09,온두라스,농업,4
2024-09,온두라스,도매 및 상품 중개업,4
2024-09,온두라스,섬유제품 제조업; 의복제외,4
2024-09,온두라스,소매업; 자동차 제외,4
2024-09,온두라스,식료품 제조업,4
2024-09,온두라스,자동차 및 부품 판매업,5
2024-09,온두라스,화학물질 및 화학제품 제조업; 의약품 제외,4
2024-09,요르단,가구 제조업,3
2024-09,요르단,고무 및 플라스틱제품 제조업,3
2024-09,요르단,금속가공제품 제조업; 기계 및 가구 제외,3
2024-09,요르단,금융업,3
2024-09,요르단,기타 기계 및 장비 제조업,3
2024-09,요르단,농업,4
2024-09,요르단,도매 및 상품 중개업,4
2024-09,요르단,비금속 광물제품 제조업,3
2024-09,요르단,식료품 제조업,3
2024-09,요르단,의료용 물질 및 의약품 제조업,3
2024-09,요르단,자동차 및 부품 판매업,3
2024-09,요르단,전기장비 제조업,3
2024-09,요르단,펄프  종이 및 종이제품 제조업,5
2024-09,요르단,화학물질 및 화학제품 제조업; 의약품 제외,3
2024-09,우간다,1차 금속 제조업,5
2024-09,우간다,가구 제조업,5
2024-09,우간다,금속가공제품 제조업; 기계 및 가구 제외,5
2024-09,우간다,도매 및 상품 중개업,5
2024-09,우루과이,도매 및 상품 중개업,4
2024-09,우루과이,의료용 물질 및 의약품 제조업,4
2024-09,우루과이,자동차 및 부품 판매업,4
2024-09,우루과이,자동차 및 트레일러 제조업,4
2024-09,우루과이,전문직별 공사업,4
2024-09,우루과이,펄프  종이 및 종이제품 제조업,4
2024-09,우루과이,화학물질 및 화학제품 제조업; 의약품 제외,4
2024-09,우즈베키스탄,1차 금속 제조업,4
2024-09,우즈베키스탄,고무 및 플라스틱제품 제조업,5
2024-09,우즈베키스탄,도매 및 상품 중개업,4
2024-09,우즈베키스탄,소매업; 자동차 제외,4
2024-09,우즈베키스탄,음식점 및 주점업,4
2024-09,우즈베키스탄,의료용 물질 및 의약품 제조업,5
2024-09,우즈베키스탄,자동차 및 부품 판매업,4
2024-09,우즈베키스탄,자동차 및 트레일러 제조업,5
2024-09,우즈베키스탄,전기장비 제조업,4
2024-09,우즈베키스탄,펄프  종이 및 종이제품 제조업,4
2024-09,우크라이나,고무 및 플라스틱제품 제조업,4
2024-09,우크라이나,도매 및 상품 중개업,4
2024-09,우크라이나,산업용 기계 및 장비 수리업,5
2024-09,우크라이나,소매업; 자동차 제외,5
2024-09,우크라이나,자동차 및 부품 판매업,4
2024-09,우크라이나,전기  가스  증기 및 공기조절 공급업,5
2024-09,우크라이나,전기장비 제조업,4
2024-09,우크라이나,화학물질 및 화학제품 제조업; 의약품 제외,5
2024-09,이라크,도매 및 상품 중개업,5
2024-09,이라크,자동차 및 부품 판매업,5
2024-09,이스라엘,고무 및 플라스틱제품 제조업,3
2024-09,이스라엘,금속가공제품 제조업; 기계 및 가구 제외,3
2024-09,이스라엘,금융업,3
2024-09,이스라엘,기타 기계 및 장비 제조업,3
2024-09,이스라엘,도매 및 상품 중개업,3
2024-09,이스라엘,비금속 광물제품 제조업,3
2024-09,이스라엘,산업용 기계 및 장비 수리업,3
2024-09,이스라엘,섬유제품 제조업; 의복제외,3
2024-09,이스라엘,소매업; 자동차 제외,3
2024-09,이스라엘,식료품 제조업,3
2024-09,이스라엘,우편 및 통신업,3
2024-09,이스라엘,의료  정밀  광학기기 및 시계 제조업,3
2024-09,이스라엘,의료용 물질 및 의약품 제조업,3
2024-09,이스라엘,의복  의복 액세서리 및 모피제품 제조업,3
2024-09,이스라엘,자동차 및 부품 판매업,3
2024-09,이스라엘,전기장비 제조업,3
2024-09,이스라엘,전문직별 공사업,4
2024-09,이스라엘,전자부품  컴퓨터  영상  음향 및 통신장비 제조업,3
2024-09,이스라엘,컴퓨터 프로그래밍  시스템 통합 및 관리업,3
2024-09,이스라엘,펄프  종이 및 종이제품 제조업,3
2024-09,이스라엘,화학물질 및 화학제품 제조업; 의약품 제외,3
2024-09,이집트,1차 금속 제조업,5
2024-09,이집트,가구 제조업,5
2024-09,이집트,고무 및 플라스틱제품 제조업,4
2024-09,이집트,금속가공제품 제조업; 기계 및 가구 제외,5
2024-09,이집트,기타 기계 및 장비 제조업,4
2024-09,이집트,도매 및 상품 중개업,4
2024-09,이집트,부동산업,4
2024-09,이집트,비금속 광물제품 제조업,4
2024-09,이집트,사업지원 서비스업,4
2024-09,이집트,섬유제품 제조업; 의복제외,4
2024-09,이집트,소매업; 자동차 제외,4
2024-09,이집트,식료품 제조업,4
2024-09,이집트,우편 및 통신업,4
2024-09,이집트,의료  정밀  광학기기 및 시계 제조업,4
2024-09,이집트,의료용 물질 및 의약품 제조업,4
2024-09,이집트,의복  의복 액세서리 및 모피제품 제조업,4
2024-09,이집트,자동차 및 부품 판매업,5
2024-09,이집트,자동차 및 트레일러 제조업,4
2024-09,이집트,전기장비 제조업,5
2024-09,이집트,전문직별 공사업,4
2024-09,이집트,전자부품  컴퓨터  영상  음향 및 통신장비 제조업,4
2024-09,이집트,창고 및 운송관련 서비스업,5
2024-09,이집트,코크스  연탄 및 석유정제품 제조업,4
2024-09,이집트,펄프  종이 및 종이제품 제조업,5
2024-09,이집트,화학물질 및 화학제품 제조업; 의약품 제외,5
2024-09,이탈리아,1차 금속 제조업,2
2024-09,이탈리아,가구 제조업,2
2024-09,이탈리아,가죽  가방 및 신발 제조업,2
2024-09,이탈리아,개인 및 소비용품 수리업,2
2024-09,이탈리아,고무 및 플라스틱제품 제조업,2
2024-09,이탈리아,금속가공제품 제조업; 기계 및 가구 제외,2
2024-09,이탈리아,금융업,2
2024-09,이탈리아,기타 기계 및 장비 제조업,2
2024-09,이탈리아,기타 운송장비 제조업,2
2024-09,이탈리아,기타 제품 제조업,3
2024-09,이탈리아,농업,2
2024-09,이탈리아,도매 및 상품 중개업,2
2024-09,이탈리아,비금속 광물제품 제조업,2
2024-09,이탈리아,산업용 기계 및 장비 수리업,2
2024-09,이탈리아,섬유제품 제조업; 의복제외,2
2024-09,이탈리아,소매업; 자동차 제외,3
2024-09,이탈리아,수상 운송업,2
2024-09,이탈리아,식료품 제조업,2
2024-09,이탈리아,우편 및 통신업,2
2024-09,이탈리아,음료 제조업,2
2024-09,이탈리아,의료  정밀  광학기기 및 시계 제조업,2
2024-09,이탈리아,의료용 물질 및 의약품 제조업,2
2024-09,이탈리아,의복  의복 액세서리 및 모피제품 제조업,2
2024-09,이탈리아,인쇄 및 기록매체 복제업,2
2024-09,이탈리아,자동차 및 부품 판매업,2
2024-09,이탈리아,자동차 및 트레일러 제조업,2
2024-09,이탈리아,전기장비 제조업,2
2024-09,이탈리아,전문 서비스업,2
2024-09,이탈리아,전문직별 공사업,2
2024-09,이탈리아,전자부품  컴퓨터  영상  음향 및 통신장비 제조업,2
2024-09,이탈리아,종합 건설업,2
2024-09,이탈리아,창고 및 운송관련 서비스업,2
2024-09,이탈리아,출판업,2
2024-09,이탈리아,컴퓨터 프로그래밍  시스템 통합 및 관리업,2
2024-09,이탈리아,코크스  연탄 및 석유정제품 제조업,2
2024-09,이탈리아,펄프  종이 및 종이제품 제조업,2
2024-09,이탈리아,화학물질 및 화학제품 제조업; 의약품 제외,2
2024-09,인도,1차 금속 제조업,4
2024-09,인도,가구 제조업,4
2024-09,인도,가죽  가방 및 신발 제조업,4
2024-09,인도,개인 및 소비용품 수리업,4
2024-09,인도,건축기술  엔지니어링 및 기타 과학기술 서비스업,4
2024-09,인도,고무 및 플라스틱제품 제조업,4
2024-09,인도,교육 서비스업,4
2024-09,인도,금속 광업,4
2024-09,인도,금속가공제품 제조업; 기계 및 가구 제외,4
2024-09,인도,금융 및 보험 관련 서비스업,4
2024-09,인도,기타 기계 및 장비 제조업,4
2024-09,인도,기타 운송장비 제조업,4
2024-09,인도,기타 제품 제조업,4
2024-09,인도,농업,4
2024-09,인도,담배 제조업,4
2024-09,인도,도매 및 상품 중개업,4
2024-09,인도,방송업,4
2024-09,인도,보건업,4
2024-09,인도,부동산업,4
2024-09,인도,비금속 광물제품 제조업,4
2024-09,인도,섬유제품 제조업; 의복제외,4
2024-09,인도,소매업; 자동차 제외,4
2024-09,인도,수상 운송업,4
2024-09,인도,숙박업,4
2024-09,인도,식료품 제조업,4
2024-09,인도,우편 및 통신업,4
2024-09,인도,음료 제조업,4
2024-09,인도,의료  정밀  광학기기 및 시계 제조업,4
2024-09,인도,의료용 물질 및 의약품 제조업,4
2024-09,인도,의복  의복 액세서리 및 모피제품 제조업,4
2024-09,인도,인쇄 및 기록매체 복제업,4
2024-09,인도,자동차 및 부품 판매업,4
2024-09,인도,자동차 및 트레일러 제조업,4
2024-09,인도,전기장비 제조업,4
2024-09,인도,전문직별 공사업,4
2024-09,인도,전자부품  컴퓨터  영상  음향 및 통신장비 제조업,4
2024-09,인도,종합 건설업,4
2024-09,인도,창고 및 운송관련 서비스업,4
2024-09,인도,출판업,4
2024-09,인도,컴퓨터 프로그래밍  시스템 통합 및 관리업,4
2024-09,인도,코크스  연탄 및 석유정제품 제조업,4
2024-09,인도,펄프  종이 및 종이제품 제조업,4
2024-09,인도,화학물질 및 화학제품 제조업; 의약품 제외,4
2024-09,인도네시아,1차 금속 제조업,4
2024-09,인도네시아,가죽  가방 및 신발 제조업,3
2024-09,인도네시아,건축기술  엔지니어링 및 기타 과학기술 서비스업,3
2024-09,인도네시아,고무 및 플라스틱제품 제조업,3
2024-09,인도네시아,금속 광업,4
2024-09,인도네시아,금속가공제품 제조업; 기계 및 가구 제외,4
2024-09,인도네시아,기타 기계 및 장비 제조업,3
2024-09,인도네시아,담배 제조업,3
2024-09,인도네시아,도매 및 상품 중개업,3
2024-09,인도네시아,비금속 광물제품 제조업,3
2024-09,인도네시아,사업시설 관리 및 조경 서비스업,3
2024-09,인도네시아,석탄  원유 및 천연가스 광업,3
2024-09,인도네시아,섬유제품 제조업; 의복제외,3
2024-09,인도네시아,소매업; 자동차 제외,3
2024-09,인도네시아,식료품 제조업,3
2024-09,인도네시아,음료 제조업,3
2024-09,인도네시아,의료용 물질 및 의약품 제조업,3
2024-09,인도네시아,의복  의복 액세서리 및 모피제품 제조업,4
2024-09,인도네시아,인쇄 및 기록매체 복제업,4
2024-09,인도네시아,임대업; 부동산 제외,3
2024-09,인도네시아,자동차 및 부품 판매업,3
2024-09,인도네시아,자동차 및 트레일러 제조업,3
2024-09,인도네시아,전기장비 제조업,3
2024-09,인도네시아,전문직별 공사업,4
2024-09,인도네시아,전자부품  컴퓨터  영상  음향 및 통신장비 제조업,3
2024-09,인도네시아,종합 건설업,4
2024-09,인도네시아,창고 및 운송관련 서비스업,3
2024-09,인도네시아,펄프  종이 및 종이제품 제조업,3
2024-09,인도네시아,화학물질 및 화학제품 제조업; 의약품 제외,3
2024-09,일본,1차 금속 제조업,2
2024-09,일본,가죽  가방 및 신발 제조업,2
2024-09,일본,개인 및 소비용품 수리업,2
2024-09,일본,건축기술  엔지니어링 및 기타 과학기술 서비스업,2
2024-09,일본,고무 및 플라스틱제품 제조업,2
2024-09,일본,금속가공제품 제조업; 기계 및 가구 제외,2
2024-09,일본,금융업,2
2024-09,일본,기타 개인 서비스업,2
2024-09,일본,기타 기계 및 장비 제조업,2
2024-09,일본,기타 운송장비 제조업,2
2024-09,일본,기타 제품 제조업,2
2024-09,일본,농업,2
2024-09,일본,도매 및 상품 중개업,2
2024-09,일본,부동산업,2
2024-09,일본,비금속 광물제품 제조업,2
2024-09,일본,사업지원 서비스업,2
2024-09,일본,섬유제품 제조업; 의복제외,2
2024-09,일본,소매업; 자동차 제외,2
2024-09,일본,수상 운송업,2
2024-09,일본,식료품 제조업,2
2024-09,일본,우편 및 통신업,2
2024-09,일본,육상운송 및 파이프라인 운송업,2
2024-09,일본,음료 제조업,2
2024-09,일본,의료  정밀  광학기기 및 시계 제조업,2
2024-09,일본,의료용 물질 및 의약품 제조업,2
2024-09,일본,의복  의복 액세서리 및 모피제품 제조업,2
2024-09,일본,인쇄 및 기록매체 복제업,2
2024-09,일본,자동차 및 부품 판매업,2
2024-09,일본,자동차 및 트레일러 제조업,2
2024-09,일본,전기  가스  증기 및 공기조절 공급업,2
2024-09,일본,전기장비 제조업,2
2024-09,일본,전문 서비스업,2
2024-09,일본,전문직별 공사업,2
2024-09,일본,전자부품  컴퓨터  영상  음향 및 통신장비 제조업,2
2024-09,일본,종합 건설업,2
2024-09,일본,창고 및 운송관련 서비스업,2
2024-09,일본,출판업,2
2024-09,일본,컴퓨터 프로그래밍  시스템 통합 및 관리업,2
2024-09,일본,코크스  연탄 및 석유정제품 제조업,2
2024-09,일본,펄프  종이 및 종이제품 제조업,2
2024-09,일본,협회 및 단체,2
2024-09,일본,화학물질 및 화학제품 제조업; 의약품 제외,2
2024-09,자메이카,도매 및 상품 중개업,5
2024-09,자메이카,소매업; 자동차 제외,4
2024-09,자메이카,자동차 및 부품 판매업,4
2024-09,조지아,고무 및 플라스틱제품 제조업,4
2024-09,조지아,도매 및 상품 중개업,4
2024-09,조지아,소매업; 자동차 제외,4
2024-09,조지아,자동차 및 부품 판매업,4
2024-09,조지아,전문직별 공사업,4
2024-09,조지아,출판업,4
2024-09,중국,1차 금속 제조업,4
2024-09,중국,가구 제조업,4
2024-09,중국,가죽  가방 및 신발 제조업,4
2024-09,중국,개인 및 소비용품 수리업,4
2024-09,중국,건축기술  엔지니어링 및 기타 과학기술 서비스업,4
2024-09,중국,고무 및 플라스틱제품 제조업,4
2024-09,중국,공공행정  국방 및 사회보장 행정,4
2024-09,중국,교육 서비스업,4
2024-09,중국,금속가공제품 제조업; 기계 및 가구 제외,4
2024-09,중국,금융업,4
2024-09,중국,기타 기계 및 장비 제조업,4
2024-09,중국,기타 운송장비 제조업,4
2024-09,중국,기타 전문  과학 및 기술 서비스업,4
2024-09,중국,기타 제품 제조업,4
2024-09,중국,담배 제조업,4
2024-09,중국,도매 및 상품 중개업,4
2024-09,중국,보건업,4
2024-09,중국,부동산업,4
2024-09,중국,비금속 광물제품 제조업,4
2024-09,중국,산업용 기계 및 장비 수리업,4
2024-09,중국,석탄  원유 및 천연가스 광업,4
2024-09,중국,섬유제품 제조업; 의복제외,4
2024-09,중국,소매업; 자동차 제외,4
2024-09,중국,수상 운송업,4
2024-09,중국,숙박업,4
2024-09,중국,식료품 제조업,4
2024-09,중국,연구개발업,4
2024-09,중국,영상ㆍ오디오 기록물 제작 및 배급업,4
2024-09,중국,우편 및 통신업,4
2024-09,중국,육상운송 및 파이프라인 운송업,4
2024-09,중국,음료 제조업,4
2024-09,중국,음식점 및 주점업,4
2024-09,중국,의료  정밀  광학기기 및 시계 제조업,4
2024-09,중국,의료용 물질 및 의약품 제조업,4
2024-09,중국,의복  의복 액세서리 및 모피제품 제조업,4
2024-09,중국,인쇄 및 기록매체 복제업,4
2024-09,중국,임대업; 부동산 제외,4
2024-09,중국,자동차 및 부품 판매업,4
2024-09,중국,자동차 및 트레일러 제조업,4
2024-09,중국,전기  가스  증기 및 공기조절 공급업,4
2024-09,중국,전기장비 제조업,4
2024-09,중국,전문 서비스업,4
2024-09,중국,전문직별 공사업,4
2024-09,중국,전자부품  컴퓨터  영상  음향 및 통신장비 제조업,4
2024-09,중국,정보서비스업,4
2024-09,중국,종합 건설업,4
2024-09,중국,창고 및 운송관련 서비스업,4
2024-09,중국,출판업,5
2024-09,중국,컴퓨터 프로그래밍  시스템 통합 및 관리업,4
2024-09,중국,코크스  연탄 및 석유정제품 제조업,4
2024-09,중국,펄프  종이 및 종이제품 제조업,4
2024-09,중국,항공 운송업,4
2024-09,중국,화학물질 및 화학제품 제조업; 의약품 제외,4
2024-09,지부티,도매 및 상품 중개업,5
2024-09,지부티,자동차 및 부품 판매업,5
2024-09,체코,1차 금속 제조업,2
2024-09,체코,고무 및 플라스틱제품 제조업,2
2024-09,체코,금속가공제품 제조업; 기계 및 가구 제외,2
2024-09,체코,기타 기계 및 장비 제조업,2
2024-09,체코,도매 및 상품 중개업,2
2024-09,체코,비금속 광물제품 제조업,2
2024-09,체코,비금속광물 광업; 연료용 제외,2
2024-09,체코,섬유제품 제조업; 의복제외,2
2024-09,체코,소매업; 자동차 제외,2
2024-09,체코,식료품 제조업,2
2024-09,체코,의료용 물질 및 의약품 제조업,2
2024-09,체코,의복  의복 액세서리 및 모피제품 제조업,2
2024-09,체코,인쇄 및 기록매체 복제업,2
2024-09,체코,자동차 및 부품 판매업,2
2024-09,체코,자동차 및 트레일러 제조업,2
2024-09,체코,전기장비 제조업,2
2024-09,체코,전문 서비스업,2
2024-09,체코,전자부품  컴퓨터  영상  음향 및 통신장비 제조업,2
2024-09,체코,화학물질 및 화학제품 제조업; 의약품 제외,2
2024-09,칠레,1차 금속 제조업,5
2024-09,칠레,가구 제조업,3
2024-09,칠레,개인 및 소비용품 수리업,3
2024-09,칠레,고무 및 플라스틱제품 제조업,4
2024-09,칠레,금속 광업,5
2024-09,칠레,금속가공제품 제조업; 기계 및 가구 제외,3
2024-09,칠레,기타 기계 및 장비 제조업,3
2024-09,칠레,농업,3
2024-09,칠레,도매 및 상품 중개업,3
2024-09,칠레,비금속 광물제품 제조업,3
2024-09,칠레,사업지원 서비스업,3
2024-09,칠레,섬유제품 제조업; 의복제외,3
2024-09,칠레,소매업; 자동차 제외,3
2024-09,칠레,식료품 제조업,3
2024-09,칠레,의료  정밀  광학기기 및 시계 제조업,3
2024-09,칠레,자동차 및 부품 판매업,3
2024-09,칠레,전기장비 제조업,3
2024-09,칠레,전문직별 공사업,3
2024-09,칠레,컴퓨터 프로그래밍  시스템 통합 및 관리업,3
2024-09,칠레,펄프  종이 및 종이제품 제조업,4
2024-09,칠레,화학물질 및 화학제품 제조업; 의약품 제외,3
2024-09,카메룬,금융업,5
2024-09,카보베르데,도매 및 상품 중개업,5
2024-09,카자흐스탄,고무 및 플라스틱제품 제조업,4
2024-09,카자흐스탄,금속 광업,5
2024-09,카자흐스탄,금속가공제품 제조업; 기계 및 가구 제외,5
2024-09,카자흐스탄,기타 기계 및 장비 제조업,4
2024-09,카자흐스탄,도매 및 상품 중개업,4
2024-09,카자흐스탄,비금속 광물제품 제조업,4
2024-09,카자흐스탄,소매업; 자동차 제외,4
2024-09,카자흐스탄,음료 제조업,4
2024-09,카자흐스탄,자동차 및 부품 판매업,4
2024-09,카자흐스탄,자동차 및 트레일러 제조업,4
2024-09,카자흐스탄,전자부품  컴퓨터  영상  음향 및 통신장비 제조업,4
2024-09,카자흐스탄,컴퓨터 프로그래밍  시스템 통합 및 관리업,4
2024-09,카타르,건축기술  엔지니어링 및 기타 과학기술 서비스업,3
2024-09,카타르,고무 및 플라스틱제품 제조업,2
2024-09,카타르,도매 및 상품 중개업,3
2024-09,카타르,석탄  원유 및 천연가스 광업,2
2024-09,카타르,소매업; 자동차 제외,2
2024-09,카타르,수상 운송업,2
2024-09,카타르,임대업; 부동산 제외,2
2024-09,카타르,자동차 및 부품 판매업,2
2024-09,카타르,전기장비 제조업,2
2024-09,카타르,전자부품  컴퓨터  영상  음향 및 통신장비 제조업,2
2024-09,카타르,종합 건설업,5
2024-09,카타르,화학물질 및 화학제품 제조업; 의약품 제외,2
2024-09,캄보디아,고무 및 플라스틱제품 제조업,5
2024-09,캄보디아,도매 및 상품 중개업,5
2024-09,캄보디아,소매업; 자동차 제외,5
2024-09,캄보디아,식료품 제조업,5
2024-09,캄보디아,의료용 물질 및 의약품 제조업,5
2024-09,캄보디아,자동차 및 트레일러 제조업,5
2024-09,캄보디아,전기장비 제조업,5
2024-09,캄보디아,전문직별 공사업,5
2024-09,캐나다,1차 금속 제조업,2
2024-09,캐나다,개인 및 소비용품 수리업,2
2024-09,캐나다,건축기술  엔지니어링 및 기타 과학기술 서비스업,2
2024-09,캐나다,고무 및 플라스틱제품 제조업,2
2024-09,캐나다,금속가공제품 제조업; 기계 및 가구 제외,2
2024-09,캐나다,금융업,2
2024-09,캐나다,기타 기계 및 장비 제조업,2
2024-09,캐나다,기타 운송장비 제조업,2
2024-09,캐나다,기타 제품 제조업,2
2024-09,캐나다,도매 및 상품 중개업,2
2024-09,캐나다,목재 및 나무제품 제조업; 가구 제외,2
2024-09,캐나다,보건업,2
2024-09,캐나다,비금속 광물제품 제조업,4
2024-09,캐나다,사업지원 서비스업,2
2024-09,캐나다,산업용 기계 및 장비 수리업,2
2024-09,캐나다,섬유제품 제조업; 의복제외,2
2024-09,캐나다,소매업; 자동차 제외,2
2024-09,캐나다,수상 운송업,2
2024-09,캐나다,식료품 제조업,2
2024-09,캐나다,연구개발업,2
2024-09,캐나다,우편 및 통신업,2
2024-09,캐나다,육상운송 및 파이프라인 운송업,5
2024-09,캐나다,의료  정밀  광학기기 및 시계 제조업,2
2024-09,캐나다,의료용 물질 및 의약품 제조업,2
2024-09,캐나다,의복  의복 액세서리 및 모피제품 제조업,2
2024-09,캐나다,인쇄 및 기록매체 복제업,2
2024-09,캐나다,자동차 및 부품 판매업,2
2024-09,캐나다,자동차 및 트레일러 제조업,2
2024-09,캐나다,전기  가스  증기 및 공기조절 공급업,2
2024-09,캐나다,전기장비 제조업,2
2024-09,캐나다,전문 서비스업,2
2024-09,캐나다,전문직별 공사업,2
2024-09,캐나다,전자부품  컴퓨터  영상  음향 및 통신장비 제조업,2
2024-09,캐나다,정보서비스업,2
2024-09,캐나다,종합 건설업,2
2024-09,캐나다,출판업,2
2024-09,캐나다,코크스  연탄 및 석유정제품 제조업,2
2024-09,캐나다,펄프  종이 및 종이제품 제조업,2
2024-09,캐나다,화학물질 및 화학제품 제조업; 의약품 제외,2
2024-09,케냐,1차 금속 제조업,4
2024-09,케냐,가구 제조업,5
2024-09,케냐,가죽  가방 및 신발 제조업,4
2024-09,케냐,고무 및 플라스틱제품 제조업,5
2024-09,케냐,기타 기계 및 장비 제조업,4
2024-09,케냐,도매 및 상품 중개업,4
2024-09,케냐,사업지원 서비스업,4
2024-09,케냐,섬유제품 제조업; 의복제외,5
2024-09,케냐,소매업; 자동차 제외,4
2024-09,케냐,식료품 제조업,4
2024-09,케냐,우편 및 통신업,4
2024-09,케냐,의복  의복 액세서리 및 모피제품 제조업,4
2024-09,케냐,전기장비 제조업,4
2024-09,케냐,출판업,4
2024-09,케냐,화학물질 및 화학제품 제조업; 의약품 제외,5
2024-09,코스타리카,고무 및 플라스틱제품 제조업,4
2024-09,코스타리카,금속가공제품 제조업; 기계 및 가구 제외,4
2024-09,코스타리카,기타 기계 및 장비 제조업,4
2024-09,코스타리카,도매 및 상품 중개업,4
2024-09,코스타리카,소매업; 자동차 제외,4
2024-09,코스타리카,자동차 및 부품 판매업,4
2024-09,코스타리카,전기장비 제조업,4
2024-09,코스타리카,컴퓨터 프로그래밍  시스템 통합 및 관리업,4
2024-09,코스타리카,화학물질 및 화학제품 제조업; 의약품 제외,4
2024-09,코트디부아르,고무 및 플라스틱제품 제조업,4
2024-09,코트디부아르,금속 광업,4
2024-09,코트디부아르,금속가공제품 제조업; 기계 및 가구 제외,4
2024-09,코트디부아르,도매 및 상품 중개업,4
2024-09,코트디부아르,식료품 제조업,4
2024-09,코트디부아르,화학물질 및 화학제품 제조업; 의약품 제외,4
2024-09,콜롬비아,1차 금속 제조업,5
2024-09,콜롬비아,가구 제조업,4
2024-09,콜롬비아,개인 및 소비용품 수리업,4
2024-09,콜롬비아,건축기술  엔지니어링 및 기타 과학기술 서비스업,4
2024-09,콜롬비아,고무 및 플라스틱제품 제조업,4
2024-09,콜롬비아,금속 광업,4
2024-09,콜롬비아,금속가공제품 제조업; 기계 및 가구 제외,4
2024-09,콜롬비아,기타 기계 및 장비 제조업,4
2024-09,콜롬비아,기타 운송장비 제조업,4
2024-09,콜롬비아,기타 제품 제조업,4
2024-09,콜롬비아,농업,4
2024-09,콜롬비아,도매 및 상품 중개업,4
2024-09,콜롬비아,비금속 광물제품 제조업,4
2024-09,콜롬비아,산업용 기계 및 장비 수리업,5
2024-09,콜롬비아,섬유제품 제조업; 의복제외,4
2024-09,콜롬비아,소매업; 자동차 제외,4
2024-09,콜롬비아,식료품 제조업,4
2024-09,콜롬비아,육상운송 및 파이프라인 운송업,4
2024-09,콜롬비아,의료용 물질 및 의약품 제조업,4
2024-09,콜롬비아,의복  의복 액세서리 및 모피제품 제조업,4
2024-09,콜롬비아,인쇄 및 기록매체 복제업,4
2024-09,콜롬비아,자동차 및 부품 판매업,4
2024-09,콜롬비아,자동차 및 트레일러 제조업,4
2024-09,콜롬비아,전기장비 제조업,4
2024-09,콜롬비아,종합 건설업,5
2024-09,콜롬비아,출판업,4
2024-09,콜롬비아,펄프  종이 및 종이제품 제조업,4
2024-09,콜롬비아,화학물질 및 화학제품 제조업; 의약품 제외,4
2024-09,콩고,도매 및 상품 중개업,5
2024-09,콩고민주공화국,도매 및 상품 중개업,5
2024-09,콩고민주공화국,소매업; 자동차 제외,5
2024-09,쿠웨이트,가구 제조업,3
2024-09,쿠웨이트,금속가공제품 제조업; 기계 및 가구 제외,3
2024-09,쿠웨이트,기타 기계 및 장비 제조업,3
2024-09,쿠웨이트,도매 및 상품 중개업,3
2024-09,쿠웨이트,사업지원 서비스업,3
2024-09,쿠웨이트,소매업; 자동차 제외,3
2024-09,쿠웨이트,수도업,3
2024-09,쿠웨이트,자동차 및 부품 판매업,3
2024-09,쿠웨이트,자동차 및 트레일러 제조업,3
2024-09,쿠웨이트,전기장비 제조업,3
2024-09,쿠웨이트,창고 및 운송관련 서비스업,3
2024-09,쿠웨이트,출판업,3
2024-09,쿠웨이트,펄프  종이 및 종이제품 제조업,5
2024-09,쿠웨이트,화학물질 및 화학제품 제조업; 의약품 제외,3
2024-09,크로아티아,개인 및 소비용품 수리업,3
2024-09,크로아티아,고무 및 플라스틱제품 제조업,3
2024-09,크로아티아,금속가공제품 제조업; 기계 및 가구 제외,3
2024-09,크로아티아,도매 및 상품 중개업,3
2024-09,크로아티아,섬유제품 제조업; 의복제외,3
2024-09,크로아티아,자동차 및 부품 판매업,3
2024-09,크로아티아,전기장비 제조업,3
2024-09,크로아티아,전문직별 공사업,3
2024-09,크로아티아,컴퓨터 프로그래밍  시스템 통합 및 관리업,3
2024-09,크로아티아,펄프  종이 및 종이제품 제조업,3
2024-09,크로아티아,화학물질 및 화학제품 제조업; 의약품 제외,3
2024-09,키르기즈공화국,도매 및 상품 중개업,5
2024-09,키르기즈공화국,자동차 및 부품 판매업,5
2024-09,타지키스탄,도매 및 상품 중개업,5
2024-09,탄자니아,1차 금속 제조업,5
2024-09,탄자니아,가구 제조업,5
2024-09,탄자니아,고무 및 플라스틱제품 제조업,5
2024-09,탄자니아,도매 및 상품 중개업,5
2024-09,탄자니아,섬유제품 제조업; 의복제외,5
2024-09,탄자니아,소매업; 자동차 제외,5
2024-09,탄자니아,자동차 및 부품 판매업,5
2024-09,탄자니아,전기장비 제조업,5
2024-09,탄자니아,전문직별 공사업,5
2024-09,태국,1차 금속 제조업,3
2024-09,태국,가구 제조업,3
2024-09,태국,가죽  가방 및 신발 제조업,3
2024-09,태국,고무 및 플라스틱제품 제조업,3
2024-09,태국,금속가공제품 제조업; 기계 및 가구 제외,4
2024-09,태국,기타 기계 및 장비 제조업,3
2024-09,태국,기타 제품 제조업,3
2024-09,태국,도매 및 상품 중개업,3
2024-09,태국,비금속 광물제품 제조업,3
2024-09,태국,섬유제품 제조업; 의복제외,3
2024-09,태국,소매업; 자동차 제외,3
2024-09,태국,수상 운송업,4
2024-09,태국,식료품 제조업,3
2024-09,태국,의료  정밀  광학기기 및 시계 제조업,3
2024-09,태국,의복  의복 액세서리 및 모피제품 제조업,3
2024-09,태국,인쇄 및 기록매체 복제업,3
2024-09,태국,자동차 및 부품 판매업,3
2024-09,태국,자동차 및 트레일러 제조업,3
2024-09,태국,전기장비 제조업,3
2024-09,태국,전문 서비스업,3
2024-09,태국,전문직별 공사업,4
2024-09,태국,전자부품  컴퓨터  영상  음향 및 통신장비 제조업,4
2024-09,태국,종합 건설업,5
2024-09,태국,출판업,3
2024-09,태국,코크스  연탄 및 석유정제품 제조업,3
2024-09,태국,펄프  종이 및 종이제품 제조업,3
2024-09,태국,화학물질 및 화학제품 제조업; 의약품 제외,3
2024-09,토고,가구 제조업,5
2024-09,토고,도매 및 상품 중개업,5
2024-09,투르크메니스탄,공공행정  국방 및 사회보장 행정,5
2024-09,튀니지,가구 제조업,4
2024-09,튀니지,개인 및 소비용품 수리업,4
2024-09,튀니지,고무 및 플라스틱제품 제조업,4
2024-09,튀니지,도매 및 상품 중개업,4
2024-09,튀니지,비금속광물 광업; 연료용 제외,4
2024-09,튀니지,섬유제품 제조업; 의복제외,4
2024-09,튀니지,의료  정밀  광학기기 및 시계 제조업,4
2024-09,튀니지,의료용 물질 및 의약품 제조업,4
2024-09,튀니지,의복  의복 액세서리 및 모피제품 제조업,4
2024-09,튀니지,자동차 및 부품 판매업,5
2024-09,튀니지,자동차 및 트레일러 제조업,4
2024-09,튀니지,전기장비 제조업,4
2024-09,튀니지,전문직별 공사업,4
2024-09,튀니지,전자부품  컴퓨터  영상  음향 및 통신장비 제조업,4
2024-09,튀니지,펄프  종이 및 종이제품 제조업,5
2024-09,튀니지,화학물질 및 화학제품 제조업; 의약품 제외,4
2024-09,튀르키예(구 터키),1차 금속 제조업,5
2024-09,튀르키예(구 터키),가구 제조업,4
2024-09,튀르키예(구 터키),가죽  가방 및 신발 제조업,4
2024-09,튀르키예(구 터키),고무 및 플라스틱제품 제조업,4
2024-09,튀르키예(구 터키),금속가공제품 제조업; 기계 및 가구 제외,4
2024-09,튀르키예(구 터키),기타 기계 및 장비 제조업,4
2024-09,튀르키예(구 터키),기타 운송장비 제조업,5
2024-09,튀르키예(구 터키),기타 제품 제조업,5
2024-09,튀르키예(구 터키),도매 및 상품 중개업,4
2024-09,튀르키예(구 터키),목재 및 나무제품 제조업; 가구 제외,4
2024-09,튀르키예(구 터키),방송업,4
2024-09,튀르키예(구 터키),비금속 광물제품 제조업,4
2024-09,튀르키예(구 터키),사업지원 서비스업,4
2024-09,튀르키예(구 터키),산업용 기계 및 장비 수리업,4
2024-09,튀르키예(구 터키),섬유제품 제조업; 의복제외,4
2024-09,튀르키예(구 터키),소매업; 자동차 제외,4
2024-09,튀르키예(구 터키),식료품 제조업,4
2024-09,튀르키예(구 터키),육상운송 및 파이프라인 운송업,4
2024-09,튀르키예(구 터키),의료  정밀  광학기기 및 시계 제조업,4
2024-09,튀르키예(구 터키),의료용 물질 및 의약품 제조업,4
2024-09,튀르키예(구 터키),의복  의복 액세서리 및 모피제품 제조업,4
2024-09,튀르키예(구 터키),인쇄 및 기록매체 복제업,5
2024-09,튀르키예(구 터키),자동차 및 부품 판매업,4
2024-09,튀르키예(구 터키),자동차 및 트레일러 제조업,4
2024-09,튀르키예(구 터키),전기장비 제조업,4
2024-09,튀르키예(구 터키),전문직별 공사업,4
2024-09,튀르키예(구 터키),전자부품  컴퓨터  영상  음향 및 통신장비 제조업,5
2024-09,튀르키예(구 터키),출판업,4
2024-09,튀르키예(구 터키),컴퓨터 프로그래밍  시스템 통합 및 관리업,4
2024-09,튀르키예(구 터키),코크스  연탄 및 석유정제품 제조업,4
2024-09,튀르키예(구 터키),펄프  종이 및 종이제품 제조업,4
2024-09,튀르키예(구 터키),화학물질 및 화학제품 제조업; 의약품 제외,4
2024-09,트리니다드토바고,금속가공제품 제조업; 기계 및 가구 제외,3
2024-09,트리니다드토바고,도매 및 상품 중개업,3
2024-09,트리니다드토바고,소매업; 자동차 제외,3
2024-09,트리니다드토바고,자동차 및 부품 판매업,3
2024-09,파나마,1차 금속 제조업,4
2024-09,파나마,금속가공제품 제조업; 기계 및 가구 제외,5
2024-09,파나마,금융업,4
2024-09,파나마,도매 및 상품 중개업,4
2024-09,파나마,소매업; 자동차 제외,4
2024-09,파나마,자동차 및 부품 판매업,4
2024-09,파나마,화학물질 및 화학제품 제조업; 의약품 제외,4
2024-09,파라과이,1차 금속 제조업,5
2024-09,파라과이,도매 및 상품 중개업,4
2024-09,파라과이,섬유제품 제조업; 의복제외,4
2024-09,파라과이,소매업; 자동차 제외,4
2024-09,파라과이,자동차 및 부품 판매업,5
2024-09,파라과이,전기장비 제조업,4
2024-09,파라과이,화학물질 및 화학제품 제조업; 의약품 제외,4
2024-09,파키스탄,1차 금속 제조업,5
2024-09,파키스탄,가죽  가방 및 신발 제조업,5
2024-09,파키스탄,고무 및 플라스틱제품 제조업,5
2024-09,파키스탄,기타 기계 및 장비 제조업,5
2024-09,파키스탄,기타 제품 제조업,5
2024-09,파키스탄,담배 제조업,5
2024-09,파키스탄,도매 및 상품 중개업,5
2024-09,파키스탄,사업지원 서비스업,5
2024-09,파키스탄,섬유제품 제조업; 의복제외,5
2024-09,파키스탄,식료품 제조업,5
2024-09,파키스탄,의료  정밀  광학기기 및 시계 제조업,5
2024-09,파키스탄,의료용 물질 및 의약품 제조업,5
2024-09,파키스탄,의복  의복 액세서리 및 모피제품 제조업,5
2024-09,파키스탄,자동차 및 트레일러 제조업,5
2024-09,파키스탄,전기장비 제조업,5
2024-09,파키스탄,창고 및 운송관련 서비스업,5
2024-09,파키스탄,펄프  종이 및 종이제품 제조업,5
2024-09,파키스탄,화학물질 및 화학제품 제조업; 의약품 제외,5
2024-09,파푸아뉴기니,금속 광업,4
2024-09,파푸아뉴기니,식료품 제조업,4
2024-09,페루,1차 금속 제조업,4
2024-09,페루,가구 제조업,4
2024-09,페루,고무 및 플라스틱제품 제조업,4
2024-09,페루,광업 지원 서비스업,3
2024-09,페루,금속 광업,3
2024-09,페루,금속가공제품 제조업; 기계 및 가구 제외,3
2024-09,페루,농업,3
2024-09,페루,도매 및 상품 중개업,4
2024-09,페루,보건업,4
2024-09,페루,사업지원 서비스업,3
2024-09,페루,섬유제품 제조업; 의복제외,3
2024-09,페루,소매업; 자동차 제외,3
2024-09,페루,식료품 제조업,3
2024-09,페루,우편 및 통신업,4
2024-09,페루,의료용 물질 및 의약품 제조업,3
2024-09,페루,임대업; 부동산 제외,4
2024-09,페루,자동차 및 부품 판매업,3
2024-09,페루,자동차 및 트레일러 제조업,3
2024-09,페루,전기장비 제조업,3
2024-09,페루,전문직별 공사업,3
2024-09,페루,종합 건설업,4
2024-09,페루,코크스  연탄 및 석유정제품 제조업,4
2024-09,페루,펄프  종이 및 종이제품 제조업,5
2024-09,페루,화학물질 및 화학제품 제조업; 의약품 제외,3
2024-09,포르투갈,1차 금속 제조업,2
2024-09,포르투갈,가죽  가방 및 신발 제조업,2
2024-09,포르투갈,개인 및 소비용품 수리업,2
2024-09,포르투갈,고무 및 플라스틱제품 제조업,2
2024-09,포르투갈,금속가공제품 제조업; 기계 및 가구 제외,2
2024-09,포르투갈,금융업,2
2024-09,포르투갈,기타 기계 및 장비 제조업,2
2024-09,포르투갈,도매 및 상품 중개업,2
2024-09,포르투갈,비금속 광물제품 제조업,2
2024-09,포르투갈,산업용 기계 및 장비 수리업,2
2024-09,포르투갈,섬유제품 제조업; 의복제외,2
2024-09,포르투갈,소매업; 자동차 제외,2
2024-09,포르투갈,우편 및 통신업,2
2024-09,포르투갈,의료  정밀  광학기기 및 시계 제조업,2
2024-09,포르투갈,의료용 물질 및 의약품 제조업,2
2024-09,포르투갈,의복  의복 액세서리 및 모피제품 제조업,2
2024-09,포르투갈,자동차 및 부품 판매업,2
2024-09,포르투갈,자동차 및 트레일러 제조업,2
2024-09,포르투갈,전기장비 제조업,2
2024-09,포르투갈,전문직별 공사업,2
2024-09,포르투갈,전자부품  컴퓨터  영상  음향 및 통신장비 제조업,2
2024-09,포르투갈,컴퓨터 프로그래밍  시스템 통합 및 관리업,2
2024-09,포르투갈,펄프  종이 및 종이제품 제조업,2
2024-09,포르투갈,화학물질 및 화학제품 제조업; 의약품 제외,2
2024-09,폴란드,1차 금속 제조업,4
2024-09,폴란드,개인 및 소비용품 수리업,3
2024-09,폴란드,건축기술  엔지니어링 및 기타 과학기술 서비스업,3
2024-09,폴란드,고무 및 플라스틱제품 제조업,3
2024-09,폴란드,금속가공제품 제조업; 기계 및 가구 제외,3
2024-09,폴란드,금융 및 보험 관련 서비스업,3
2024-09,폴란드,기타 기계 및 장비 제조업,3
2024-09,폴란드,도매 및 상품 중개업,3
2024-09,폴란드,목재 및 나무제품 제조업; 가구 제외,3
2024-09,폴란드,비금속 광물제품 제조업,3
2024-09,폴란드,사업지원 서비스업,3
2024-09,폴란드,산업용 기계 및 장비 수리업,3
2024-09,폴란드,섬유제품 제조업; 의복제외,3
2024-09,폴란드,소매업; 자동차 제외,3
2024-09,폴란드,식료품 제조업,3
2024-09,폴란드,우편 및 통신업,3
2024-09,폴란드,육상운송 및 파이프라인 운송업,3
2024-09,폴란드,의료  정밀  광학기기 및 시계 제조업,3
2024-09,폴란드,의료용 물질 및 의약품 제조업,3
2024-09,폴란드,의복  의복 액세서리 및 모피제품 제조업,3
2024-09,폴란드,자동차 및 부품 판매업,3
2024-09,폴란드,자동차 및 트레일러 제조업,3
2024-09,폴란드,전기장비 제조업,3
2024-09,폴란드,전문 서비스업,3
2024-09,폴란드,전자부품  컴퓨터  영상  음향 및 통신장비 제조업,3
2024-09,폴란드,컴퓨터 프로그래밍  시스템 통합 및 관리업,3
2024-09,폴란드,코크스  연탄 및 석유정제품 제조업,4
2024-09,폴란드,펄프  종이 및 종이제품 제조업,3
2024-09,폴란드,화학물질 및 화학제품 제조업; 의약품 제외,3
2024-09,푸에르토리코,도매 및 상품 중개업,4
2024-09,푸에르토리코,자동차 및 부품 판매업,4
2024-09,프랑스,건축기술  엔지니어링 및 기타 과학기술 서비스업,2
2024-09,프랑스,고무 및 플라스틱제품 제조업,2
2024-09,프랑스,금속가공제품 제조업; 기계 및 가구 제외,2
2024-09,프랑스,금융업,2
2024-09,프랑스,기타 기계 및 장비 제조업,2
2024-09,프랑스,기타 전문  과학 및 기술 서비스업,2
2024-09,프랑스,기타 제품 제조업,2
2024-09,프랑스,도매 및 상품 중개업,2
2024-09,프랑스,목재 및 나무제품 제조업; 가구 제외,2
2024-09,프랑스,부동산업,2
2024-09,프랑스,비금속 광물제품 제조업,2
2024-09,프랑스,비금속광물 광업; 연료용 제외,2
2024-09,프랑스,사업지원 서비스업,2
2024-09,프랑스,산업용 기계 및 장비 수리업,2
2024-09,프랑스,섬유제품 제조업; 의복제외,2
2024-09,프랑스,소매업; 자동차 제외,2
2024-09,프랑스,수상 운송업,2
2024-09,프랑스,연구개발업,2
2024-09,프랑스,의료  정밀  광학기기 및 시계 제조업,2
2024-09,프랑스,의료용 물질 및 의약품 제조업,2
2024-09,프랑스,의복  의복 액세서리 및 모피제품 제조업,2
2024-09,프랑스,자동차 및 부품 판매업,2
2024-09,프랑스,자동차 및 트레일러 제조업,2
2024-09,프랑스,전기장비 제조업,2
2024-09,프랑스,전문 서비스업,2
2024-09,프랑스,전문직별 공사업,2
2024-09,프랑스,전자부품  컴퓨터  영상  음향 및 통신장비 제조업,2
2024-09,프랑스,종합 건설업,2
2024-09,프랑스,출판업,2
2024-09,프랑스,컴퓨터 프로그래밍  시스템 통합 및 관리업,2
2024-09,프랑스,코크스  연탄 및 석유정제품 제조업,2
2024-09,프랑스,펄프  종이 및 종이제품 제조업,2
2024-09,프랑스,화학물질 및 화학제품 제조업; 의약품 제외,2
2024-09,피지,금속 광업,4
2024-09,피지,인쇄 및 기록매체 복제업,4
2024-09,핀란드,건축기술  엔지니어링 및 기타 과학기술 서비스업,1
2024-09,핀란드,고무 및 플라스틱제품 제조업,1
2024-09,핀란드,금속가공제품 제조업; 기계 및 가구 제외,1
2024-09,핀란드,금융업,1
2024-09,핀란드,기타 기계 및 장비 제조업,2
2024-09,핀란드,도매 및 상품 중개업,1
2024-09,핀란드,비금속 광물제품 제조업,1
2024-09,핀란드,사업지원 서비스업,1
2024-09,핀란드,산업용 기계 및 장비 수리업,1
2024-09,핀란드,섬유제품 제조업; 의복제외,1
2024-09,핀란드,소매업; 자동차 제외,2
2024-09,핀란드,의료용 물질 및 의약품 제조업,1
2024-09,핀란드,자동차 및 부품 판매업,1
2024-09,핀란드,자동차 및 트레일러 제조업,1
2024-09,핀란드,전기장비 제조업,1
2024-09,핀란드,전자부품  컴퓨터  영상  음향 및 통신장비 제조업,1
2024-09,핀란드,화학물질 및 화학제품 제조업; 의약품 제외,1
2024-09,필리핀,1차 금속 제조업,5
2024-09,필리핀,개인 및 소비용품 수리업,4
2024-09,필리핀,고무 및 플라스틱제품 제조업,4
2024-09,필리핀,금속가공제품 제조업; 기계 및 가구 제외,5
2024-09,필리핀,금융업,4
2024-09,필리핀,기타 기계 및 장비 제조업,4
2024-09,필리핀,기타 운송장비 제조업,4
2024-09,필리핀,기타 제품 제조업,4
2024-09,필리핀,농업,4
2024-09,필리핀,도매 및 상품 중개업,4
2024-09,필리핀,비금속 광물제품 제조업,4
2024-09,필리핀,사업지원 서비스업,4
2024-09,필리핀,소매업; 자동차 제외,4
2024-09,필리핀,숙박업,4
2024-09,필리핀,식료품 제조업,4
2024-09,필리핀,우편 및 통신업,4
2024-09,필리핀,음료 제조업,4
2024-09,필리핀,의료용 물질 및 의약품 제조업,4
2024-09,필리핀,인쇄 및 기록매체 복제업,4
2024-09,필리핀,자동차 및 부품 판매업,4
2024-09,필리핀,자동차 및 트레일러 제조업,4
2024-09,필리핀,전기  가스  증기 및 공기조절 공급업,4
2024-09,필리핀,전기장비 제조업,4
2024-09,필리핀,전문 서비스업,4
2024-09,필리핀,전문직별 공사업,4
2024-09,필리핀,전자부품  컴퓨터  영상  음향 및 통신장비 제조업,4
2024-09,필리핀,종합 건설업,4
2024-09,필리핀,창고 및 운송관련 서비스업,4
2024-09,필리핀,코크스  연탄 및 석유정제품 제조업,4
2024-09,필리핀,펄프  종이 및 종이제품 제조업,4
2024-09,필리핀,화학물질 및 화학제품 제조업; 의약품 제외,5
2024-09,헝가리,고무 및 플라스틱제품 제조업,3
2024-09,헝가리,기타 기계 및 장비 제조업,3
2024-09,헝가리,기타 제품 제조업,3
2024-09,헝가리,도매 및 상품 중개업,3
2024-09,헝가리,소매업; 자동차 제외,3
2024-09,헝가리,식료품 제조업,3
2024-09,헝가리,연구개발업,3
2024-09,헝가리,의료  정밀  광학기기 및 시계 제조업,3
2024-09,헝가리,의료용 물질 및 의약품 제조업,3
2024-09,헝가리,자동차 및 부품 판매업,3
2024-09,헝가리,자동차 및 트레일러 제조업,3
2024-09,헝가리,전기장비 제조업,3
2024-09,헝가리,전문직별 공사업,3
2024-09,헝가리,전자부품  컴퓨터  영상  음향 및 통신장비 제조업,3
2024-09,헝가리,폐기물 수집  운반  처리 및 원료 재생업,3
2024-09,헝가리,화학물질 및 화학제품 제조업; 의약품 제외,3
2024-09,호주,1차 금속 제조업,3
2024-09,호주,개인 및 소비용품 수리업,5
2024-09,호주,고무 및 플라스틱제품 제조업,1
2024-09,호주,금속가공제품 제조업; 기계 및 가구 제외,1
2024-09,호주,금융업,1
2024-09,호주,기타 기계 및 장비 제조업,2
2024-09,호주,도매 및 상품 중개업,1
2024-09,호주,방송업,1
2024-09,호주,섬유제품 제조업; 의복제외,2
2024-09,호주,소매업; 자동차 제외,3
2024-09,호주,식료품 제조업,2
2024-09,호주,의료  정밀  광학기기 및 시계 제조업,1
2024-09,호주,의료용 물질 및 의약품 제조업,1
2024-09,호주,자동차 및 부품 판매업,1
2024-09,호주,자동차 및 트레일러 제조업,2
2024-09,호주,전기  가스  증기 및 공기조절 공급업,1
2024-09,호주,전기장비 제조업,2
2024-09,호주,전문 서비스업,1
2024-09,호주,전문직별 공사업,1
2024-09,호주,전자부품  컴퓨터  영상  음향 및 통신장비 제조업,1
2024-09,호주,출판업,1
2024-09,호주,펄프  종이 및 종이제품 제조업,1
2024-09,호주,화학물질 및 화학제품 제조업; 의약품 제외,1
2024-09,홍콩,개인 및 소비용품 수리업,3
2024-09,홍콩,교육 서비스업,3
2024-09,홍콩,금융업,3
2024-09,홍콩,기타 기계 및 장비 제조업,3
2024-09,홍콩,도매 및 상품 중개업,3
2024-09,홍콩,방송업,3
2024-09,홍콩,산업용 기계 및 장비 수리업,3
2024-09,홍콩,섬유제품 제조업; 의복제외,3
2024-09,홍콩,소매업; 자동차 제외,3
2024-09,홍콩,수상 운송업,3
2024-09,홍콩,숙박업,3
2024-09,홍콩,식료품 제조업,3
2024-09,홍콩,연구개발업,3
2024-09,홍콩,음료 제조업,3
2024-09,홍콩,인쇄 및 기록매체 복제업,3
2024-09,홍콩,자동차 및 부품 판매업,3
2024-09,홍콩,전기장비 제조업,3
2024-09,홍콩,전문 서비스업,3
2024-09,홍콩,전문직별 공사업,3
2024-09,홍콩,종합 건설업,3
2024-09,홍콩,창고 및 운송관련 서비스업,3
2024-09,홍콩,출판업,3
2024-09,홍콩,컴퓨터 프로그래밍  시스템 통합 및 관리업,3
2024-09,홍콩,항공 운송업,3
2024-09,홍콩,화학물질 및 화학제품 제조업; 의약품 제외,5
2024-08,가나,화학물질 및 화학제품 제조업; 의약품 제외,3
2024-08,가이아나,도매 및 상품 중개업,2
2024-08,과테말라,1차 금속 제조업,2
2024-08,과테말라,도매 및 상품 중개업,4
2024-08,과테말라,섬유제품 제조업; 의복제외,4
2024-08,과테말라,자동차 및 부품 판매업,4
2024-08,괌,도매 및 상품 중개업,2
2024-08,그리스,도매 및 상품 중개업,4
2024-08,그리스,자동차 및 부품 판매업,4
2024-08,그리스,창고 및 운송관련 서비스업,5
2024-08,그리스,펄프  종이 및 종이제품 제조업,2
2024-08,나이지리아,도매 및 상품 중개업,5
2024-08,나이지리아,자동차 및 부품 판매업,5
2024-08,남아프리카공화국,1차 금속 제조업,4
2024-08,남아프리카공화국,개인 및 소비용품 수리업,2
2024-08,남아프리카공화국,고무 및 플라스틱제품 제조업,5
2024-08,남아프리카공화국,기타 기계 및 장비 제조업,4
2024-08,남아프리카공화국,도매 및 상품 중개업,4
2024-08,남아프리카공화국,섬유제품 제조업; 의복제외,4
2024-08,남아프리카공화국,소매업; 자동차 제외,2
2024-08,남아프리카공화국,식료품 제조업,3
2024-08,남아프리카공화국,인쇄 및 기록매체 복제업,4
2024-08,남아프리카공화국,임대업; 부동산 제외,2
2024-08,남아프리카공화국,자동차 및 부품 판매업,2
2024-08,남아프리카공화국,자동차 및 트레일러 제조업,2
2024-08,남아프리카공화국,전기장비 제조업,4
2024-08,남아프리카공화국,전문직별 공사업,4
2024-08,남아프리카공화국,전자부품  컴퓨터  영상  음향 및 통신장비 제조업,3
2024-08,남아프리카공화국,출판업,2
2024-08,남아프리카공화국,펄프  종이 및 종이제품 제조업,2
2024-08,남아프리카공화국,화학물질 및 화학제품 제조업; 의약품 제외,2
2024-08,네덜란드,1차 금속 제조업,1
2024-08,네덜란드,고무 및 플라스틱제품 제조업,1
2024-08,네덜란드,금속가공제품 제조업; 기계 및 가구 제외,3
2024-08,네덜란드,금융업,3
2024-08,네덜란드,기타 기계 및 장비 제조업,3
2024-08,네덜란드,도매 및 상품 중개업,3
2024-08,네덜란드,섬유제품 제조업; 의복제외,2
2024-08,네덜란드,식료품 제조업,1
2024-08,네덜란드,육상운송 및 파이프라인 운송업,1
2024-08,네덜란드,임대업; 부동산 제외,2
2024-08,네덜란드,자동차 및 부품 판매업,3
2024-08,네덜란드,자동차 및 트레일러 제조업,4
2024-08,네덜란드,전기장비 제조업,1
2024-08,네덜란드,전문 서비스업,3
2024-08,네덜란드,전자부품  컴퓨터  영상  음향 및 통신장비 제조업,1
2024-08,네덜란드,컴퓨터 프로그래밍  시스템 통합 및 관리업,1
2024-08,네덜란드,펄프  종이 및 종이제품 제조업,1
2024-08,네덜란드,화학물질 및 화학제품 제조업; 의약품 제외,3
2024-08,네팔,도매 및 상품 중개업,2
2024-08,노르웨이,도매 및 상품 중개업,3
2024-08,노르웨이,수상 운송업,2
2024-08,노르웨이,의복  의복 액세서리 및 모피제품 제조업,1
2024-08,노르웨이,자동차 및 부품 판매업,1
2024-08,뉴질랜드,1차 금속 제조업,2
2024-08,뉴질랜드,도매 및 상품 중개업,3
2024-08,뉴질랜드,소매업; 자동차 제외,1
2024-08,뉴질랜드,자동차 및 부품 판매업,1
2024-08,뉴질랜드,펄프  종이 및 종이제품 제조업,4
2024-08,뉴질랜드,화학물질 및 화학제품 제조업; 의약품 제외,1
2024-08,뉴칼레도니아,도매 및 상품 중개업,2
2024-08,니카라과,자동차 및 부품 판매업,4
2024-08,대만,1차 금속 제조업,1
2024-08,대만,가죽  가방 및 신발 제조업,1
2024-08,대만,건축기술  엔지니어링 및 기타 과학기술 서비스업,1
2024-08,대만,고무 및 플라스틱제품 제조업,2
2024-08,대만,금속가공제품 제조업; 기계 및 가구 제외,2
2024-08,대만,금융업,5
2024-08,대만,기타 기계 및 장비 제조업,1
2024-08,대만,기타 운송장비 제조업,2
2024-08,대만,도매 및 상품 중개업,3
2024-08,대만,비금속 광물제품 제조업,1
2024-08,대만,섬유제품 제조업; 의복제외,2
2024-08,대만,소매업; 자동차 제외,1
2024-08,대만,식료품 제조업,1
2024-08,대만,의료  정밀  광학기기 및 시계 제조업,1
2024-08,대만,자동차 및 부품 판매업,2
2024-08,대만,자동차 및 트레일러 제조업,2
2024-08,대만,전기장비 제조업,4
2024-08,대만,전자부품  컴퓨터  영상  음향 및 통신장비 제조업,4
2024-08,대만,출판업,1
2024-08,대만,펄프  종이 및 종이제품 제조업,2
2024-08,대만,항공 운송업,5
2024-08,대만,화학물질 및 화학제품 제조업; 의약품 제외,3
2024-08,덴마크,개인 및 소비용품 수리업,1
2024-08,덴마크,국제 및 외국기관,5
2024-08,덴마크,기타 기계 및 장비 제조업,2
2024-08,덴마크,도매 및 상품 중개업,3
2024-08,덴마크,식료품 제조업,1
2024-08,덴마크,연구개발업,2
2024-08,덴마크,자동차 및 부품 판매업,1
2024-08,덴마크,전문 서비스업,1
2024-08,도미니카공화국,도매 및 상품 중개업,4
2024-08,도미니카공화국,자동차 및 부품 판매업,5
2024-08,독일,1차 금속 제조업,1
2024-08,독일,개인 및 소비용품 수리업,1
2024-08,독일,고무 및 플라스틱제품 제조업,3
2024-08,독일,금속가공제품 제조업; 기계 및 가구 제외,4
2024-08,독일,금융업,1
2024-08,독일,기타 기계 및 장비 제조업,3
2024-08,독일,기타 운송장비 제조업,1
2024-08,독일,기타 제품 제조업,3
2024-08,독일,도매 및 상품 중개업,4
2024-08,독일,비금속 광물제품 제조업,3
2024-08,독일,사업지원 서비스업,2
2024-08,독일,산업용 기계 및 장비 수리업,1
2024-08,독일,섬유제품 제조업; 의복제외,3
2024-08,독일,소매업; 자동차 제외,4
2024-08,독일,수상 운송업,1
2024-08,독일,식료품 제조업,1
2024-08,독일,우편 및 통신업,1
2024-08,독일,의료  정밀  광학기기 및 시계 제조업,2
2024-08,독일,의료용 물질 및 의약품 제조업,1
2024-08,독일,의복  의복 액세서리 및 모피제품 제조업,2
2024-08,독일,자동차 및 부품 판매업,4
2024-08,독일,자동차 및 트레일러 제조업,4
2024-08,독일,전기  가스  증기 및 공기조절 공급업,1
2024-08,독일,전기장비 제조업,3
2024-08,독일,전문 서비스업,3
2024-08,독일,전자부품  컴퓨터  영상  음향 및 통신장비 제조업,3
2024-08,독일,컴퓨터 프로그래밍  시스템 통합 및 관리업,2
2024-08,독일,코크스  연탄 및 석유정제품 제조업,3
2024-08,독일,펄프  종이 및 종이제품 제조업,2
2024-08,독일,화학물질 및 화학제품 제조업; 의약품 제외,3
2024-08,라트비아,도매 및 상품 중개업,2
2024-08,라트비아,자동차 및 부품 판매업,1
2024-08,러시아,고무 및 플라스틱제품 제조업,5
2024-08,러시아,금속가공제품 제조업; 기계 및 가구 제외,3
2024-08,러시아,담배 제조업,3
2024-08,러시아,도매 및 상품 중개업,5
2024-08,러시아,비금속 광물제품 제조업,3
2024-08,러시아,소매업; 자동차 제외,5
2024-08,러시아,식료품 제조업,3
2024-08,러시아,의료용 물질 및 의약품 제조업,3
2024-08,러시아,자동차 및 부품 판매업,4
2024-08,러시아,자동차 및 트레일러 제조업,4
2024-08,러시아,전기장비 제조업,4
2024-08,러시아,펄프  종이 및 종이제품 제조업,3
2024-08,러시아,화학물질 및 화학제품 제조업; 의약품 제외,3
2024-08,레바논,도매 및 상품 중개업,4
2024-08,레바논,자동차 및 부품 판매업,3
2024-08,루마니아,고무 및 플라스틱제품 제조업,3
2024-08,루마니아,기타 기계 및 장비 제조업,2
2024-08,루마니아,도매 및 상품 중개업,4
2024-08,루마니아,자동차 및 부품 판매업,2
2024-08,루마니아,자동차 및 트레일러 제조업,3
2024-08,루마니아,전기장비 제조업,2
2024-08,룩셈부르크,고무 및 플라스틱제품 제조업,2
2024-08,룩셈부르크,금융업,4
2024-08,룩셈부르크,전기  가스  증기 및 공기조절 공급업,1
2024-08,리투아니아,도매 및 상품 중개업,4
2024-08,리투아니아,사업지원 서비스업,2
2024-08,리투아니아,자동차 및 부품 판매업,1
2024-08,리투아니아,화학물질 및 화학제품 제조업; 의약품 제외,2
2024-08,리히텐슈타인,금속가공제품 제조업; 기계 및 가구 제외,1
2024-08,리히텐슈타인,기타 기계 및 장비 제조업,2
2024-08,마카오,도매 및 상품 중개업,3
2024-08,마카오,사업지원 서비스업,2
2024-08,마카오,소매업; 자동차 제외,2
2024-08,말레이시아,1차 금속 제조업,2
2024-08,말레이시아,개인 및 소비용품 수리업,2
2024-08,말레이시아,고무 및 플라스틱제품 제조업,4
2024-08,말레이시아,금속가공제품 제조업; 기계 및 가구 제외,4
2024-08,말레이시아,금융업,4
2024-08,말레이시아,기타 기계 및 장비 제조업,4
2024-08,말레이시아,기타 운송장비 제조업,2
2024-08,말레이시아,도매 및 상품 중개업,4
2024-08,말레이시아,사업지원 서비스업,4
2024-08,말레이시아,식료품 제조업,2
2024-08,말레이시아,의복  의복 액세서리 및 모피제품 제조업,2
2024-08,말레이시아,인쇄 및 기록매체 복제업,2
2024-08,말레이시아,자동차 및 부품 판매업,4
2024-08,말레이시아,자동차 및 트레일러 제조업,2
2024-08,말레이시아,전기장비 제조업,2
2024-08,말레이시아,전자부품  컴퓨터  영상  음향 및 통신장비 제조업,2
2024-08,말레이시아,창고 및 운송관련 서비스업,2
2024-08,말레이시아,펄프  종이 및 종이제품 제조업,2
2024-08,말레이시아,화학물질 및 화학제품 제조업; 의약품 제외,4
2024-08,멕시코,1차 금속 제조업,4
2024-08,멕시코,고무 및 플라스틱제품 제조업,4
2024-08,멕시코,금속가공제품 제조업; 기계 및 가구 제외,4
2024-08,멕시코,기타 기계 및 장비 제조업,2
2024-08,멕시코,도매 및 상품 중개업,4
2024-08,멕시코,섬유제품 제조업; 의복제외,4
2024-08,멕시코,소매업; 자동차 제외,2
2024-08,멕시코,식료품 제조업,2
2024-08,멕시코,자동차 및 부품 판매업,4
2024-08,멕시코,자동차 및 트레일러 제조업,2
2024-08,멕시코,전기장비 제조업,4
2024-08,멕시코,전문 서비스업,5
2024-08,멕시코,전자부품  컴퓨터  영상  음향 및 통신장비 제조업,2
2024-08,멕시코,종합 건설업,2
2024-08,멕시코,컴퓨터 프로그래밍  시스템 통합 및 관리업,3
2024-08,멕시코,펄프  종이 및 종이제품 제조업,2
2024-08,멕시코,화학물질 및 화학제품 제조업; 의약품 제외,5
2024-08,모로코,가구 제조업,3
2024-08,모로코,도매 및 상품 중개업,2
2024-08,모로코,자동차 및 부품 판매업,4
2024-08,모리셔스,도매 및 상품 중개업,5
2024-08,몰타,도매 및 상품 중개업,3
2024-08,몰타,자동차 및 부품 판매업,2
2024-08,몽골,도매 및 상품 중개업,4
2024-08,미국,1차 금속 제조업,1
2024-08,미국,가구 제조업,1
2024-08,미국,가죽  가방 및 신발 제조업,4
2024-08,미국,건축기술  엔지니어링 및 기타 과학기술 서비스업,2
2024-08,미국,고무 및 플라스틱제품 제조업,3
2024-08,미국,공공행정  국방 및 사회보장 행정,2
2024-08,미국,금속가공제품 제조업; 기계 및 가구 제외,4
2024-08,미국,기타 기계 및 장비 제조업,4
2024-08,미국,기타 운송장비 제조업,1
2024-08,미국,기타 제품 제조업,3
2024-08,미국,도매 및 상품 중개업,3
2024-08,미국,목재 및 나무제품 제조업; 가구 제외,2
2024-08,미국,비금속 광물제품 제조업,3
2024-08,미국,사업지원 서비스업,3
2024-08,미국,산업용 기계 및 장비 수리업,2
2024-08,미국,섬유제품 제조업; 의복제외,3
2024-08,미국,소매업; 자동차 제외,4
2024-08,미국,식료품 제조업,2
2024-08,미국,영상ㆍ오디오 기록물 제작 및 배급업,2
2024-08,미국,우편 및 통신업,2
2024-08,미국,육상운송 및 파이프라인 운송업,2
2024-08,미국,음료 제조업,4
2024-08,미국,음식점 및 주점업,2
2024-08,미국,의료  정밀  광학기기 및 시계 제조업,3
2024-08,미국,의료용 물질 및 의약품 제조업,3
2024-08,미국,의복  의복 액세서리 및 모피제품 제조업,3
2024-08,미국,인쇄 및 기록매체 복제업,1
2024-08,미국,자동차 및 부품 판매업,3
2024-08,미국,자동차 및 트레일러 제조업,3
2024-08,미국,전기  가스  증기 및 공기조절 공급업,4
2024-08,미국,전기장비 제조업,3
2024-08,미국,전문 서비스업,4
2024-08,미국,전문직별 공사업,3
2024-08,미국,전자부품  컴퓨터  영상  음향 및 통신장비 제조업,3
2024-08,미국,정보서비스업,2
2024-08,미국,창고 및 운송관련 서비스업,4
2024-08,미국,출판업,3
2024-08,미국,펄프  종이 및 종이제품 제조업,4
2024-08,미국,항공 운송업,2
2024-08,미국,화학물질 및 화학제품 제조업; 의약품 제외,3
2024-08,미얀마,공공행정  국방 및 사회보장 행정,3
2024-08,미얀마,금속가공제품 제조업; 기계 및 가구 제외,3
2024-08,미얀마,도매 및 상품 중개업,5
2024-08,바레인,종합 건설업,5
2024-08,바베이도스,금융 및 보험 관련 서비스업,2
2024-08,바하마,도매 및 상품 중개업,2
2024-08,방글라데시,도매 및 상품 중개업,4
2024-08,방글라데시,의복  의복 액세서리 및 모피제품 제조업,4
2024-08,베트남,1차 금속 제조업,5
2024-08,베트남,가구 제조업,4
2024-08,베트남,가죽  가방 및 신발 제조업,5
2024-08,베트남,고무 및 플라스틱제품 제조업,4
2024-08,베트남,금속가공제품 제조업; 기계 및 가구 제외,5
2024-08,베트남,기타 기계 및 장비 제조업,4
2024-08,베트남,기타 운송장비 제조업,3
2024-08,베트남,기타 제품 제조업,5
2024-08,베트남,도매 및 상품 중개업,5
2024-08,베트남,목재 및 나무제품 제조업; 가구 제외,2
2024-08,베트남,비금속 광물제품 제조업,3
2024-08,베트남,산업용 기계 및 장비 수리업,4
2024-08,베트남,섬유제품 제조업; 의복제외,4
2024-08,베트남,식료품 제조업,5
2024-08,베트남,음료 제조업,2
2024-08,베트남,의료  정밀  광학기기 및 시계 제조업,2
2024-08,베트남,의복  의복 액세서리 및 모피제품 제조업,4
2024-08,베트남,자동차 및 부품 판매업,3
2024-08,베트남,자동차 및 트레일러 제조업,4
2024-08,베트남,전기장비 제조업,4
2024-08,베트남,전문직별 공사업,2
2024-08,베트남,전자부품  컴퓨터  영상  음향 및 통신장비 제조업,4
2024-08,베트남,창고 및 운송관련 서비스업,2
2024-08,베트남,코크스  연탄 및 석유정제품 제조업,2
2024-08,베트남,펄프  종이 및 종이제품 제조업,4
2024-08,베트남,화학물질 및 화학제품 제조업; 의약품 제외,4
2024-08,벨기에,고무 및 플라스틱제품 제조업,3
2024-08,벨기에,금속가공제품 제조업; 기계 및 가구 제외,3
2024-08,벨기에,기타 기계 및 장비 제조업,3
2024-08,벨기에,도매 및 상품 중개업,1
2024-08,벨기에,섬유제품 제조업; 의복제외,3
2024-08,벨기에,의복  의복 액세서리 및 모피제품 제조업,2
2024-08,벨기에,자동차 및 트레일러 제조업,1
2024-08,벨기에,전기장비 제조업,1
2024-08,벨기에,창고 및 운송관련 서비스업,1
2024-08,벨기에,화학물질 및 화학제품 제조업; 의약품 제외,2
2024-08,벨라루스,자동차 및 부품 판매업,2
2024-08,벨라루스,종합 건설업,3
2024-08,보스니아-헤르체코비나,자동차 및 부품 판매업,2
2024-08,볼리비아,도매 및 상품 중개업,3
2024-08,볼리비아,자동차 및 부품 판매업,4
2024-08,북마케도니아,자동차 및 부품 판매업,5
2024-08,불가리아,기타 제품 제조업,2
2024-08,불가리아,도매 및 상품 중개업,4
2024-08,불가리아,자동차 및 부품 판매업,4
2024-08,불가리아,펄프  종이 및 종이제품 제조업,2
2024-08,브라질,1차 금속 제조업,4
2024-08,브라질,가죽  가방 및 신발 제조업,2
2024-08,브라질,고무 및 플라스틱제품 제조업,4
2024-08,브라질,금속가공제품 제조업; 기계 및 가구 제외,3
2024-08,브라질,기타 기계 및 장비 제조업,2
2024-08,브라질,도매 및 상품 중개업,4
2024-08,브라질,사업지원 서비스업,2
2024-08,브라질,섬유제품 제조업; 의복제외,5
2024-08,브라질,소매업; 자동차 제외,4
2024-08,브라질,식료품 제조업,3
2024-08,브라질,의료  정밀  광학기기 및 시계 제조업,2
2024-08,브라질,의료용 물질 및 의약품 제조업,4
2024-08,브라질,의복  의복 액세서리 및 모피제품 제조업,4
2024-08,브라질,자동차 및 부품 판매업,4
2024-08,브라질,자동차 및 트레일러 제조업,4
2024-08,브라질,전기장비 제조업,4
2024-08,브라질,전자부품  컴퓨터  영상  음향 및 통신장비 제조업,5
2024-08,브라질,컴퓨터 프로그래밍  시스템 통합 및 관리업,2
2024-08,브라질,펄프  종이 및 종이제품 제조업,5
2024-08,브라질,화학물질 및 화학제품 제조업; 의약품 제외,4
2024-08,사우디아라비아,가구 제조업,4
2024-08,사우디아라비아,고무 및 플라스틱제품 제조업,2
2024-08,사우디아라비아,금속가공제품 제조업; 기계 및 가구 제외,4
2024-08,사우디아라비아,기타 기계 및 장비 제조업,4
2024-08,사우디아라비아,도매 및 상품 중개업,4
2024-08,사우디아라비아,사업시설 관리 및 조경 서비스업,2
2024-08,사우디아라비아,수상 운송업,2
2024-08,사우디아라비아,의료  정밀  광학기기 및 시계 제조업,2
2024-08,사우디아라비아,자동차 및 부품 판매업,4
2024-08,사우디아라비아,전기장비 제조업,2
2024-08,사우디아라비아,전문직별 공사업,2
2024-08,사우디아라비아,화학물질 및 화학제품 제조업; 의약품 제외,4
2024-08,사이프러스,도매 및 상품 중개업,1
2024-08,세르비아,도매 및 상품 중개업,2
2024-08,세르비아,자동차 및 부품 판매업,2
2024-08,세르비아,화학물질 및 화학제품 제조업; 의약품 제외,2
2024-08,세이셸,자동차 및 트레일러 제조업,2
2024-08,수리남,도매 및 상품 중개업,2
2024-08,스리랑카,고무 및 플라스틱제품 제조업,2
2024-08,스리랑카,도매 및 상품 중개업,5
2024-08,스리랑카,섬유제품 제조업; 의복제외,2
2024-08,스리랑카,의복  의복 액세서리 및 모피제품 제조업,2
2024-08,스리랑카,자동차 및 트레일러 제조업,2
2024-08,스웨덴,고무 및 플라스틱제품 제조업,1
2024-08,스웨덴,금속가공제품 제조업; 기계 및 가구 제외,3
2024-08,스웨덴,기타 기계 및 장비 제조업,2
2024-08,스웨덴,도매 및 상품 중개업,3
2024-08,스웨덴,연구개발업,2
2024-08,스웨덴,자동차 및 부품 판매업,2
2024-08,스웨덴,자동차 및 트레일러 제조업,1
2024-08,스웨덴,전기장비 제조업,1
2024-08,스웨덴,전문 서비스업,1
2024-08,스웨덴,전자부품  컴퓨터  영상  음향 및 통신장비 제조업,1
2024-08,스웨덴,컴퓨터 프로그래밍  시스템 통합 및 관리업,1
2024-08,스웨덴,펄프  종이 및 종이제품 제조업,1
2024-08,스위스,기타 기계 및 장비 제조업,1
2024-08,스위스,기타 운송장비 제조업,1
2024-08,스위스,담배 제조업,1
2024-08,스위스,도매 및 상품 중개업,3
2024-08,스위스,사업지원 서비스업,4
2024-08,스위스,의료  정밀  광학기기 및 시계 제조업,2
2024-08,스위스,의복  의복 액세서리 및 모피제품 제조업,2
2024-08,스위스,임대업; 부동산 제외,1
2024-08,스위스,자동차 및 부품 판매업,1
2024-08,스위스,전기장비 제조업,1
2024-08,스위스,전자부품  컴퓨터  영상  음향 및 통신장비 제조업,1
2024-08,스위스,화학물질 및 화학제품 제조업; 의약품 제외,2
2024-08,스페인,1차 금속 제조업,1
2024-08,스페인,개인 및 소비용품 수리업,4
2024-08,스페인,건축기술  엔지니어링 및 기타 과학기술 서비스업,1
2024-08,스페인,고무 및 플라스틱제품 제조업,3
2024-08,스페인,금속가공제품 제조업; 기계 및 가구 제외,1
2024-08,스페인,기타 기계 및 장비 제조업,2
2024-08,스페인,기타 제품 제조업,1
2024-08,스페인,도매 및 상품 중개업,3
2024-08,스페인,섬유제품 제조업; 의복제외,4
2024-08,스페인,소매업; 자동차 제외,3
2024-08,스페인,자동차 및 부품 판매업,3
2024-08,스페인,자동차 및 트레일러 제조업,1
2024-08,스페인,전기  가스  증기 및 공기조절 공급업,1
2024-08,스페인,전기장비 제조업,1
2024-08,스페인,전문 서비스업,5
2024-08,스페인,전문직별 공사업,1
2024-08,스페인,전자부품  컴퓨터  영상  음향 및 통신장비 제조업,2
2024-08,스페인,펄프  종이 및 종이제품 제조업,2
2024-08,스페인,화학물질 및 화학제품 제조업; 의약품 제외,3
2024-08,슬로바키아,고무 및 플라스틱제품 제조업,3
2024-08,슬로바키아,기타 기계 및 장비 제조업,1
2024-08,슬로바키아,도매 및 상품 중개업,2
2024-08,슬로바키아,소매업; 자동차 제외,2
2024-08,슬로바키아,의료  정밀  광학기기 및 시계 제조업,2
2024-08,슬로바키아,자동차 및 트레일러 제조업,1
2024-08,슬로베니아,도매 및 상품 중개업,1
2024-08,슬로베니아,자동차 및 부품 판매업,2
2024-08,슬로베니아,전기장비 제조업,1
2024-08,슬로베니아,화학물질 및 화학제품 제조업; 의약품 제외,2
2024-08,싱가포르,1차 금속 제조업,2
2024-08,싱가포르,고무 및 플라스틱제품 제조업,1
2024-08,싱가포르,금속가공제품 제조업; 기계 및 가구 제외,2
2024-08,싱가포르,금융업,1
2024-08,싱가포르,기타 기계 및 장비 제조업,2
2024-08,싱가포르,기타 운송장비 제조업,4
2024-08,싱가포르,도매 및 상품 중개업,4
2024-08,싱가포르,소매업; 자동차 제외,1
2024-08,싱가포르,식료품 제조업,3
2024-08,싱가포르,연구개발업,2
2024-08,싱가포르,인쇄 및 기록매체 복제업,1
2024-08,싱가포르,자동차 및 부품 판매업,2
2024-08,싱가포르,전기장비 제조업,2
2024-08,싱가포르,전자부품  컴퓨터  영상  음향 및 통신장비 제조업,3
2024-08,싱가포르,종합 건설업,1
2024-08,싱가포르,창고 및 운송관련 서비스업,1
2024-08,싱가포르,출판업,2
2024-08,싱가포르,코크스  연탄 및 석유정제품 제조업,3
2024-08,싱가포르,펄프  종이 및 종이제품 제조업,1
2024-08,싱가포르,폐기물 수집  운반  처리 및 원료 재생업,5
2024-08,싱가포르,화학물질 및 화학제품 제조업; 의약품 제외,3
2024-08,아랍에미리트 연합,1차 금속 제조업,2
2024-08,아랍에미리트 연합,고무 및 플라스틱제품 제조업,4
2024-08,아랍에미리트 연합,금속가공제품 제조업; 기계 및 가구 제외,4
2024-08,아랍에미리트 연합,도매 및 상품 중개업,4
2024-08,아랍에미리트 연합,비금속 광물제품 제조업,2
2024-08,아랍에미리트 연합,소매업; 자동차 제외,2
2024-08,아랍에미리트 연합,자동차 및 부품 판매업,4
2024-08,아랍에미리트 연합,종합 건설업,5
2024-08,아랍에미리트 연합,컴퓨터 프로그래밍  시스템 통합 및 관리업,2
2024-08,아랍에미리트 연합,펄프  종이 및 종이제품 제조업,2
2024-08,아랍에미리트 연합,화학물질 및 화학제품 제조업; 의약품 제외,4
2024-08,아르헨티나,고무 및 플라스틱제품 제조업,4
2024-08,아르헨티나,기타 기계 및 장비 제조업,4
2024-08,아르헨티나,도매 및 상품 중개업,4
2024-08,아르헨티나,섬유제품 제조업; 의복제외,4
2024-08,아르헨티나,소매업; 자동차 제외,4
2024-08,아르헨티나,자동차 및 부품 판매업,2
2024-08,아르헨티나,전기장비 제조업,4
2024-08,아르헨티나,전자부품  컴퓨터  영상  음향 및 통신장비 제조업,2
2024-08,아르헨티나,펄프  종이 및 종이제품 제조업,4
2024-08,아르헨티나,화학물질 및 화학제품 제조업; 의약품 제외,4
2024-08,아이슬란드,고무 및 플라스틱제품 제조업,1
2024-08,아이티,자동차 및 부품 판매업,3
2024-08,아일랜드,고무 및 플라스틱제품 제조업,4
2024-08,아일랜드,도매 및 상품 중개업,3
2024-08,아일랜드,자동차 및 부품 판매업,1
2024-08,아일랜드,전자부품  컴퓨터  영상  음향 및 통신장비 제조업,2
2024-08,아일랜드,컴퓨터 프로그래밍  시스템 통합 및 관리업,1
2024-08,아일랜드,코크스  연탄 및 석유정제품 제조업,1
2024-08,아제르바이잔,자동차 및 부품 판매업,2
2024-08,알제리,비금속 광물제품 제조업,4
2024-08,알제리,자동차 및 부품 판매업,2
2024-08,알제리,전기장비 제조업,5
2024-08,알제리,전자부품  컴퓨터  영상  음향 및 통신장비 제조업,2
2024-08,알제리,화학물질 및 화학제품 제조업; 의약품 제외,4
2024-08,에콰도르,고무 및 플라스틱제품 제조업,4
2024-08,에콰도르,금속가공제품 제조업; 기계 및 가구 제외,3
2024-08,에콰도르,도매 및 상품 중개업,4
2024-08,에콰도르,섬유제품 제조업; 의복제외,4
2024-08,에콰도르,식료품 제조업,4
2024-08,에콰도르,자동차 및 부품 판매업,4
2024-08,에콰도르,자동차 및 트레일러 제조업,2
2024-08,에콰도르,전기장비 제조업,2
2024-08,에콰도르,화학물질 및 화학제품 제조업; 의약품 제외,3
2024-08,에티오피아,도매 및 상품 중개업,3
2024-08,엘살바도르,섬유제품 제조업; 의복제외,2
2024-08,엘살바도르,자동차 및 부품 판매업,4
2024-08,영국,1차 금속 제조업,3
2024-08,영국,개인 및 소비용품 수리업,2
2024-08,영국,고무 및 플라스틱제품 제조업,4
2024-08,영국,금속가공제품 제조업; 기계 및 가구 제외,3
2024-08,영국,금융업,3
2024-08,영국,기타 개인 서비스업,2
2024-08,영국,기타 기계 및 장비 제조업,3
2024-08,영국,기타 운송장비 제조업,1
2024-08,영국,기타 전문  과학 및 기술 서비스업,1
2024-08,영국,기타 제품 제조업,3
2024-08,영국,도매 및 상품 중개업,3
2024-08,영국,사업지원 서비스업,4
2024-08,영국,섬유제품 제조업; 의복제외,3
2024-08,영국,소매업; 자동차 제외,3
2024-08,영국,스포츠 및 오락관련 서비스업,2
2024-08,영국,식료품 제조업,2
2024-08,영국,우편 및 통신업,3
2024-08,영국,의료  정밀  광학기기 및 시계 제조업,2
2024-08,영국,의료용 물질 및 의약품 제조업,1
2024-08,영국,의복  의복 액세서리 및 모피제품 제조업,4
2024-08,영국,자동차 및 부품 판매업,3
2024-08,영국,자동차 및 트레일러 제조업,1
2024-08,영국,전기장비 제조업,4
2024-08,영국,전문 서비스업,1
2024-08,영국,전문직별 공사업,1
2024-08,영국,전자부품  컴퓨터  영상  음향 및 통신장비 제조업,3
2024-08,영국,종합 건설업,1
2024-08,영국,창고 및 운송관련 서비스업,1
2024-08,영국,출판업,2
2024-08,영국,컴퓨터 프로그래밍  시스템 통합 및 관리업,1
2024-08,영국,화학물질 및 화학제품 제조업; 의약품 제외,3
2024-08,오만,도매 및 상품 중개업,4
2024-08,오스트리아,고무 및 플라스틱제품 제조업,1
2024-08,오스트리아,금융업,1
2024-08,오스트리아,도매 및 상품 중개업,3
2024-08,오스트리아,자동차 및 부품 판매업,3
2024-08,오스트리아,자동차 및 트레일러 제조업,3
2024-08,오스트리아,전기장비 제조업,1
2024-08,온두라스,섬유제품 제조업; 의복제외,2
2024-08,온두라스,자동차 및 부품 판매업,4
2024-08,요르단,도매 및 상품 중개업,5
2024-08,우루과이,도매 및 상품 중개업,3
2024-08,우즈베키스탄,고무 및 플라스틱제품 제조업,2
2024-08,우즈베키스탄,도매 및 상품 중개업,4
2024-08,우즈베키스탄,자동차 및 트레일러 제조업,2
2024-08,우즈베키스탄,전기장비 제조업,4
2024-08,우크라이나,고무 및 플라스틱제품 제조업,4
2024-08,우크라이나,도매 및 상품 중개업,3
2024-08,우크라이나,자동차 및 부품 판매업,3
2024-08,이라크,자동차 및 부품 판매업,3
2024-08,이란,1차 금속 제조업,3
2024-08,이란,고무 및 플라스틱제품 제조업,5
2024-08,이란,기타 기계 및 장비 제조업,4
2024-08,이란,도매 및 상품 중개업,5
2024-08,이란,소매업; 자동차 제외,5
2024-08,이란,자동차 및 트레일러 제조업,5
2024-08,이란,전기장비 제조업,5
2024-08,이란,화학물질 및 화학제품 제조업; 의약품 제외,5
2024-08,이스라엘,고무 및 플라스틱제품 제조업,4
2024-08,이스라엘,금융업,2
2024-08,이스라엘,기타 기계 및 장비 제조업,4
2024-08,이스라엘,도매 및 상품 중개업,4
2024-08,이스라엘,의복  의복 액세서리 및 모피제품 제조업,2
2024-08,이스라엘,자동차 및 부품 판매업,2
2024-08,이스라엘,전기장비 제조업,3
2024-08,이스라엘,전자부품  컴퓨터  영상  음향 및 통신장비 제조업,2
2024-08,이스라엘,화학물질 및 화학제품 제조업; 의약품 제외,3
2024-08,이집트,1차 금속 제조업,4
2024-08,이집트,고무 및 플라스틱제품 제조업,3
2024-08,이집트,기타 기계 및 장비 제조업,3
2024-08,이집트,도매 및 상품 중개업,4
2024-08,이집트,사업지원 서비스업,3
2024-08,이집트,섬유제품 제조업; 의복제외,3
2024-08,이집트,의료  정밀  광학기기 및 시계 제조업,3
2024-08,이집트,자동차 및 부품 판매업,4
2024-08,이집트,자동차 및 트레일러 제조업,3
2024-08,이집트,전기장비 제조업,5
2024-08,이집트,화학물질 및 화학제품 제조업; 의약품 제외,4
2024-08,이탈리아,1차 금속 제조업,3
2024-08,이탈리아,가구 제조업,2
2024-08,이탈리아,가죽  가방 및 신발 제조업,1
2024-08,이탈리아,개인 및 소비용품 수리업,3
2024-08,이탈리아,고무 및 플라스틱제품 제조업,4
2024-08,이탈리아,금속가공제품 제조업; 기계 및 가구 제외,4
2024-08,이탈리아,금융업,5
2024-08,이탈리아,기타 기계 및 장비 제조업,3
2024-08,이탈리아,기타 제품 제조업,1
2024-08,이탈리아,도매 및 상품 중개업,4
2024-08,이탈리아,비금속 광물제품 제조업,1
2024-08,이탈리아,섬유제품 제조업; 의복제외,3
2024-08,이탈리아,의료  정밀  광학기기 및 시계 제조업,2
2024-08,이탈리아,의복  의복 액세서리 및 모피제품 제조업,2
2024-08,이탈리아,자동차 및 부품 판매업,4
2024-08,이탈리아,자동차 및 트레일러 제조업,2
2024-08,이탈리아,전기장비 제조업,3
2024-08,이탈리아,전문 서비스업,1
2024-08,이탈리아,전문직별 공사업,1
2024-08,이탈리아,전자부품  컴퓨터  영상  음향 및 통신장비 제조업,2
2024-08,이탈리아,펄프  종이 및 종이제품 제조업,2
2024-08,이탈리아,화학물질 및 화학제품 제조업; 의약품 제외,4
2024-08,인도,1차 금속 제조업,4
2024-08,인도,가구 제조업,4
2024-08,인도,가죽  가방 및 신발 제조업,5
2024-08,인도,개인 및 소비용품 수리업,2
2024-08,인도,건축기술  엔지니어링 및 기타 과학기술 서비스업,5
2024-08,인도,고무 및 플라스틱제품 제조업,4
2024-08,인도,금속가공제품 제조업; 기계 및 가구 제외,4
2024-08,인도,기타 기계 및 장비 제조업,4
2024-08,인도,담배 제조업,2
2024-08,인도,도매 및 상품 중개업,4
2024-08,인도,비금속 광물제품 제조업,5
2024-08,인도,섬유제품 제조업; 의복제외,4
2024-08,인도,식료품 제조업,4
2024-08,인도,우편 및 통신업,3
2024-08,인도,의료  정밀  광학기기 및 시계 제조업,4
2024-08,인도,의료용 물질 및 의약품 제조업,4
2024-08,인도,의복  의복 액세서리 및 모피제품 제조업,2
2024-08,인도,자동차 및 부품 판매업,2
2024-08,인도,자동차 및 트레일러 제조업,5
2024-08,인도,전기장비 제조업,5
2024-08,인도,전자부품  컴퓨터  영상  음향 및 통신장비 제조업,5
2024-08,인도,출판업,3
2024-08,인도,컴퓨터 프로그래밍  시스템 통합 및 관리업,4
2024-08,인도,코크스  연탄 및 석유정제품 제조업,3
2024-08,인도,펄프  종이 및 종이제품 제조업,4
2024-08,인도,화학물질 및 화학제품 제조업; 의약품 제외,4
2024-08,인도네시아,1차 금속 제조업,4
2024-08,인도네시아,가죽  가방 및 신발 제조업,2
2024-08,인도네시아,고무 및 플라스틱제품 제조업,4
2024-08,인도네시아,금속가공제품 제조업; 기계 및 가구 제외,4
2024-08,인도네시아,담배 제조업,2
2024-08,인도네시아,도매 및 상품 중개업,4
2024-08,인도네시아,섬유제품 제조업; 의복제외,4
2024-08,인도네시아,식료품 제조업,4
2024-08,인도네시아,의료용 물질 및 의약품 제조업,2
2024-08,인도네시아,의복  의복 액세서리 및 모피제품 제조업,3
2024-08,인도네시아,자동차 및 부품 판매업,4
2024-08,인도네시아,자동차 및 트레일러 제조업,4
2024-08,인도네시아,전기장비 제조업,4
2024-08,인도네시아,전자부품  컴퓨터  영상  음향 및 통신장비 제조업,5
2024-08,인도네시아,창고 및 운송관련 서비스업,2
2024-08,인도네시아,펄프  종이 및 종이제품 제조업,2
2024-08,인도네시아,화학물질 및 화학제품 제조업; 의약품 제외,4
2024-08,일본,1차 금속 제조업,3
2024-08,일본,개인 및 소비용품 수리업,1
2024-08,일본,고무 및 플라스틱제품 제조업,3
2024-08,일본,금속가공제품 제조업; 기계 및 가구 제외,3
2024-08,일본,금융업,3
2024-08,일본,기타 기계 및 장비 제조업,3
2024-08,일본,기타 운송장비 제조업,1
2024-08,일본,기타 제품 제조업,3
2024-08,일본,도매 및 상품 중개업,3
2024-08,일본,비금속 광물제품 제조업,1
2024-08,일본,사업지원 서비스업,1
2024-08,일본,섬유제품 제조업; 의복제외,3
2024-08,일본,소매업; 자동차 제외,3
2024-08,일본,식료품 제조업,3
2024-08,일본,우편 및 통신업,1
2024-08,일본,음료 제조업,2
2024-08,일본,의료  정밀  광학기기 및 시계 제조업,1
2024-08,일본,의료용 물질 및 의약품 제조업,2
2024-08,일본,의복  의복 액세서리 및 모피제품 제조업,2
2024-08,일본,임대업; 부동산 제외,2
2024-08,일본,자동차 및 부품 판매업,1
2024-08,일본,자동차 및 트레일러 제조업,3
2024-08,일본,전기장비 제조업,3
2024-08,일본,전문 서비스업,3
2024-08,일본,전자부품  컴퓨터  영상  음향 및 통신장비 제조업,4
2024-08,일본,정보서비스업,1
2024-08,일본,종합 건설업,1
2024-08,일본,창고 및 운송관련 서비스업,1
2024-08,일본,출판업,1
2024-08,일본,코크스  연탄 및 석유정제품 제조업,3
2024-08,일본,펄프  종이 및 종이제품 제조업,1
2024-08,일본,화학물질 및 화학제품 제조업; 의약품 제외,4
2024-08,자메이카,자동차 및 부품 판매업,4
2024-08,조지아,자동차 및 부품 판매업,3
2024-08,중국,1차 금속 제조업,2
2024-08,중국,가구 제조업,3
2024-08,중국,가죽  가방 및 신발 제조업,5
2024-08,중국,고무 및 플라스틱제품 제조업,5
2024-08,중국,금속가공제품 제조업; 기계 및 가구 제외,4
2024-08,중국,기타 기계 및 장비 제조업,4
2024-08,중국,기타 운송장비 제조업,5
2024-08,중국,기타 제품 제조업,4
2024-08,중국,도매 및 상품 중개업,5
2024-08,중국,비금속 광물제품 제조업,4
2024-08,중국,섬유제품 제조업; 의복제외,5
2024-08,중국,소매업; 자동차 제외,2
2024-08,중국,식료품 제조업,5
2024-08,중국,음료 제조업,3
2024-08,중국,의료  정밀  광학기기 및 시계 제조업,4
2024-08,중국,의료용 물질 및 의약품 제조업,3
2024-08,중국,자동차 및 부품 판매업,3
2024-08,중국,자동차 및 트레일러 제조업,5
2024-08,중국,전기장비 제조업,4
2024-08,중국,전문 서비스업,3
2024-08,중국,전문직별 공사업,2
2024-08,중국,전자부품  컴퓨터  영상  음향 및 통신장비 제조업,4
2024-08,중국,창고 및 운송관련 서비스업,4
2024-08,중국,코크스  연탄 및 석유정제품 제조업,3
2024-08,중국,펄프  종이 및 종이제품 제조업,2
2024-08,중국,항공 운송업,3
2024-08,중국,화학물질 및 화학제품 제조업; 의약품 제외,5
2024-08,체코,1차 금속 제조업,1
2024-08,체코,고무 및 플라스틱제품 제조업,1
2024-08,체코,금속가공제품 제조업; 기계 및 가구 제외,3
2024-08,체코,기타 기계 및 장비 제조업,4
2024-08,체코,도매 및 상품 중개업,3
2024-08,체코,비금속 광물제품 제조업,1
2024-08,체코,섬유제품 제조업; 의복제외,4
2024-08,체코,자동차 및 부품 판매업,3
2024-08,체코,자동차 및 트레일러 제조업,4
2024-08,체코,전기장비 제조업,2
2024-08,체코,화학물질 및 화학제품 제조업; 의약품 제외,2
2024-08,칠레,고무 및 플라스틱제품 제조업,3
2024-08,칠레,금속가공제품 제조업; 기계 및 가구 제외,3
2024-08,칠레,금융업,2
2024-08,칠레,도매 및 상품 중개업,4
2024-08,칠레,소매업; 자동차 제외,2
2024-08,칠레,자동차 및 부품 판매업,3
2024-08,칠레,화학물질 및 화학제품 제조업; 의약품 제외,2
2024-08,카자흐스탄,고무 및 플라스틱제품 제조업,2
2024-08,카자흐스탄,도매 및 상품 중개업,4
2024-08,카자흐스탄,비금속 광물제품 제조업,4
2024-08,카자흐스탄,자동차 및 부품 판매업,4
2024-08,카자흐스탄,자동차 및 트레일러 제조업,5
2024-08,카타르,건축기술  엔지니어링 및 기타 과학기술 서비스업,3
2024-08,카타르,도매 및 상품 중개업,4
2024-08,카타르,화학물질 및 화학제품 제조업; 의약품 제외,2
2024-08,캄보디아,도매 및 상품 중개업,5
2024-08,캄보디아,자동차 및 부품 판매업,2
2024-08,캄보디아,자동차 및 트레일러 제조업,3
2024-08,캐나다,고무 및 플라스틱제품 제조업,2
2024-08,캐나다,금속가공제품 제조업; 기계 및 가구 제외,4
2024-08,캐나다,기타 기계 및 장비 제조업,2
2024-08,캐나다,기타 운송장비 제조업,1
2024-08,캐나다,기타 제품 제조업,1
2024-08,캐나다,도매 및 상품 중개업,3
2024-08,캐나다,목재 및 나무제품 제조업; 가구 제외,1
2024-08,캐나다,섬유제품 제조업; 의복제외,2
2024-08,캐나다,소매업; 자동차 제외,3
2024-08,캐나다,우편 및 통신업,2
2024-08,캐나다,의복  의복 액세서리 및 모피제품 제조업,1
2024-08,캐나다,자동차 및 부품 판매업,3
2024-08,캐나다,자동차 및 트레일러 제조업,2
2024-08,캐나다,전기장비 제조업,2
2024-08,캐나다,전자부품  컴퓨터  영상  음향 및 통신장비 제조업,3
2024-08,캐나다,정보서비스업,1
2024-08,캐나다,출판업,2
2024-08,캐나다,펄프  종이 및 종이제품 제조업,2
2024-08,캐나다,화학물질 및 화학제품 제조업; 의약품 제외,3
2024-08,케냐,가구 제조업,2
2024-08,케냐,가죽  가방 및 신발 제조업,2
2024-08,케냐,도매 및 상품 중개업,4
2024-08,케냐,자동차 및 부품 판매업,2
2024-08,케냐,화학물질 및 화학제품 제조업; 의약품 제외,5
2024-08,케이만군도,금융 및 보험 관련 서비스업,2
2024-08,코스타리카,고무 및 플라스틱제품 제조업,2
2024-08,코스타리카,도매 및 상품 중개업,2
2024-08,코스타리카,자동차 및 부품 판매업,4
2024-08,코트디부아르,화학물질 및 화학제품 제조업; 의약품 제외,2
2024-08,콜롬비아,고무 및 플라스틱제품 제조업,4
2024-08,콜롬비아,금속가공제품 제조업; 기계 및 가구 제외,3
2024-08,콜롬비아,도매 및 상품 중개업,4
2024-08,콜롬비아,섬유제품 제조업; 의복제외,4
2024-08,콜롬비아,소매업; 자동차 제외,4
2024-08,콜롬비아,식료품 제조업,2
2024-08,콜롬비아,의복  의복 액세서리 및 모피제품 제조업,2
2024-08,콜롬비아,자동차 및 부품 판매업,4
2024-08,콜롬비아,자동차 및 트레일러 제조업,4
2024-08,콜롬비아,전기장비 제조업,4
2024-08,콜롬비아,종합 건설업,2
2024-08,콜롬비아,화학물질 및 화학제품 제조업; 의약품 제외,4
2024-08,쿠바,전기  가스  증기 및 공기조절 공급업,5
2024-08,크로아티아,개인 및 소비용품 수리업,2
2024-08,크로아티아,도매 및 상품 중개업,1
2024-08,태국,1차 금속 제조업,5
2024-08,태국,가죽  가방 및 신발 제조업,2
2024-08,태국,고무 및 플라스틱제품 제조업,5
2024-08,태국,금속가공제품 제조업; 기계 및 가구 제외,4
2024-08,태국,기타 기계 및 장비 제조업,2
2024-08,태국,도매 및 상품 중개업,4
2024-08,태국,소매업; 자동차 제외,2
2024-08,태국,식료품 제조업,4
2024-08,태국,의료  정밀  광학기기 및 시계 제조업,2
2024-08,태국,의복  의복 액세서리 및 모피제품 제조업,2
2024-08,태국,자동차 및 부품 판매업,2
2024-08,태국,자동차 및 트레일러 제조업,2
2024-08,태국,전기장비 제조업,5
2024-08,태국,전문 서비스업,5
2024-08,태국,전자부품  컴퓨터  영상  음향 및 통신장비 제조업,4
2024-08,태국,창고 및 운송관련 서비스업,2
2024-08,태국,펄프  종이 및 종이제품 제조업,5
2024-08,태국,화학물질 및 화학제품 제조업; 의약품 제외,4
2024-08,튀니지,도매 및 상품 중개업,4
2024-08,튀르키예(구 터키),1차 금속 제조업,5
2024-08,튀르키예(구 터키),고무 및 플라스틱제품 제조업,4
2024-08,튀르키예(구 터키),금속가공제품 제조업; 기계 및 가구 제외,2
2024-08,튀르키예(구 터키),기타 기계 및 장비 제조업,5
2024-08,튀르키예(구 터키),기타 운송장비 제조업,3
2024-08,튀르키예(구 터키),도매 및 상품 중개업,5
2024-08,튀르키예(구 터키),목재 및 나무제품 제조업; 가구 제외,3
2024-08,튀르키예(구 터키),비금속 광물제품 제조업,3
2024-08,튀르키예(구 터키),섬유제품 제조업; 의복제외,4
2024-08,튀르키예(구 터키),식료품 제조업,2
2024-08,튀르키예(구 터키),의료용 물질 및 의약품 제조업,4
2024-08,튀르키예(구 터키),의복  의복 액세서리 및 모피제품 제조업,2
2024-08,튀르키예(구 터키),자동차 및 부품 판매업,3
2024-08,튀르키예(구 터키),자동차 및 트레일러 제조업,3
2024-08,튀르키예(구 터키),전기장비 제조업,3
2024-08,튀르키예(구 터키),전자부품  컴퓨터  영상  음향 및 통신장비 제조업,3
2024-08,튀르키예(구 터키),펄프  종이 및 종이제품 제조업,2
2024-08,튀르키예(구 터키),화학물질 및 화학제품 제조업; 의약품 제외,5
2024-08,트리니다드토바고,도매 및 상품 중개업,2
2024-08,트리니다드토바고,자동차 및 부품 판매업,2
2024-08,파나마,금융업,2
2024-08,파나마,도매 및 상품 중개업,5
2024-08,파나마,자동차 및 부품 판매업,4
2024-08,파나마,화학물질 및 화학제품 제조업; 의약품 제외,2
2024-08,파라과이,고무 및 플라스틱제품 제조업,4
2024-08,파라과이,기타 운송장비 제조업,2
2024-08,파라과이,도매 및 상품 중개업,2
2024-08,파라과이,소매업; 자동차 제외,2
2024-08,파키스탄,도매 및 상품 중개업,5
2024-08,파키스탄,식료품 제조업,3
2024-08,파키스탄,의복  의복 액세서리 및 모피제품 제조업,3
2024-08,파키스탄,전기장비 제조업,5
2024-08,파키스탄,펄프  종이 및 종이제품 제조업,3
2024-08,파키스탄,화학물질 및 화학제품 제조업; 의약품 제외,3
2024-08,페루,고무 및 플라스틱제품 제조업,4
2024-08,페루,금속가공제품 제조업; 기계 및 가구 제외,3
2024-08,페루,도매 및 상품 중개업,4
2024-08,페루,섬유제품 제조업; 의복제외,4
2024-08,페루,자동차 및 부품 판매업,4
2024-08,페루,자동차 및 트레일러 제조업,2
2024-08,페루,화학물질 및 화학제품 제조업; 의약품 제외,4
2024-08,포르투갈,고무 및 플라스틱제품 제조업,1
2024-08,포르투갈,기타 기계 및 장비 제조업,2
2024-08,포르투갈,도매 및 상품 중개업,3
2024-08,포르투갈,섬유제품 제조업; 의복제외,2
2024-08,포르투갈,자동차 및 부품 판매업,2
2024-08,포르투갈,컴퓨터 프로그래밍  시스템 통합 및 관리업,1
2024-08,폴란드,1차 금속 제조업,4
2024-08,폴란드,개인 및 소비용품 수리업,2
2024-08,폴란드,고무 및 플라스틱제품 제조업,3
2024-08,폴란드,금속가공제품 제조업; 기계 및 가구 제외,3
2024-08,폴란드,기타 기계 및 장비 제조업,4
2024-08,폴란드,도매 및 상품 중개업,3
2024-08,폴란드,산업용 기계 및 장비 수리업,1
2024-08,폴란드,섬유제품 제조업; 의복제외,3
2024-08,폴란드,소매업; 자동차 제외,2
2024-08,폴란드,식료품 제조업,2
2024-08,폴란드,의료용 물질 및 의약품 제조업,2
2024-08,폴란드,자동차 및 부품 판매업,3
2024-08,폴란드,자동차 및 트레일러 제조업,2
2024-08,폴란드,전기장비 제조업,2
2024-08,폴란드,전자부품  컴퓨터  영상  음향 및 통신장비 제조업,3
2024-08,폴란드,펄프  종이 및 종이제품 제조업,3
2024-08,폴란드,화학물질 및 화학제품 제조업; 의약품 제외,2
2024-08,프랑스,개인 및 소비용품 수리업,2
2024-08,프랑스,건축기술  엔지니어링 및 기타 과학기술 서비스업,2
2024-08,프랑스,고무 및 플라스틱제품 제조업,2
2024-08,프랑스,금속가공제품 제조업; 기계 및 가구 제외,2
2024-08,프랑스,금융업,3
2024-08,프랑스,기타 기계 및 장비 제조업,2
2024-08,프랑스,도매 및 상품 중개업,3
2024-08,프랑스,부동산업,2
2024-08,프랑스,비금속 광물제품 제조업,2
2024-08,프랑스,사업지원 서비스업,3
2024-08,프랑스,섬유제품 제조업; 의복제외,1
2024-08,프랑스,소매업; 자동차 제외,3
2024-08,프랑스,수상 운송업,1
2024-08,프랑스,스포츠 및 오락관련 서비스업,2
2024-08,프랑스,의복  의복 액세서리 및 모피제품 제조업,3
2024-08,프랑스,자동차 및 부품 판매업,2
2024-08,프랑스,자동차 및 트레일러 제조업,3
2024-08,프랑스,전기장비 제조업,3
2024-08,프랑스,전문 서비스업,1
2024-08,프랑스,전문직별 공사업,1
2024-08,프랑스,전자부품  컴퓨터  영상  음향 및 통신장비 제조업,1
2024-08,프랑스,컴퓨터 프로그래밍  시스템 통합 및 관리업,1
2024-08,프랑스,화학물질 및 화학제품 제조업; 의약품 제외,2
2024-08,핀란드,고무 및 플라스틱제품 제조업,3
2024-08,핀란드,도매 및 상품 중개업,1
2024-08,핀란드,자동차 및 부품 판매업,1
2024-08,핀란드,자동차 및 트레일러 제조업,1
2024-08,핀란드,전기장비 제조업,1
2024-08,핀란드,전자부품  컴퓨터  영상  음향 및 통신장비 제조업,2
2024-08,핀란드,출판업,1
2024-08,필리핀,고무 및 플라스틱제품 제조업,3
2024-08,필리핀,기타 운송장비 제조업,2
2024-08,필리핀,도매 및 상품 중개업,4
2024-08,필리핀,식료품 제조업,4
2024-08,필리핀,자동차 및 부품 판매업,5
2024-08,필리핀,자동차 및 트레일러 제조업,2
2024-08,필리핀,전기장비 제조업,2
2024-08,필리핀,전자부품  컴퓨터  영상  음향 및 통신장비 제조업,2
2024-08,필리핀,펄프  종이 및 종이제품 제조업,3
2024-08,필리핀,항공 운송업,2
2024-08,필리핀,화학물질 및 화학제품 제조업; 의약품 제외,4
2024-08,헝가리,개인 및 소비용품 수리업,2
2024-08,헝가리,고무 및 플라스틱제품 제조업,2
2024-08,헝가리,기타 기계 및 장비 제조업,2
2024-08,헝가리,도매 및 상품 중개업,3
2024-08,헝가리,식료품 제조업,2
2024-08,헝가리,연구개발업,2
2024-08,헝가리,자동차 및 부품 판매업,2
2024-08,헝가리,자동차 및 트레일러 제조업,2
2024-08,헝가리,전기장비 제조업,2
2024-08,헝가리,전자부품  컴퓨터  영상  음향 및 통신장비 제조업,2
2024-08,호주,1차 금속 제조업,3
2024-08,호주,고무 및 플라스틱제품 제조업,3
2024-08,호주,금속가공제품 제조업; 기계 및 가구 제외,3
2024-08,호주,기타 기계 및 장비 제조업,3
2024-08,호주,기타 제품 제조업,3
2024-08,호주,도매 및 상품 중개업,4
2024-08,호주,섬유제품 제조업; 의복제외,1
2024-08,호주,소매업; 자동차 제외,3
2024-08,호주,우편 및 통신업,1
2024-08,호주,인쇄 및 기록매체 복제업,1
2024-08,호주,자동차 및 부품 판매업,4
2024-08,호주,자동차 및 트레일러 제조업,1
2024-08,호주,전기장비 제조업,2
2024-08,호주,출판업,4
2024-08,호주,컴퓨터 프로그래밍  시스템 통합 및 관리업,1
2024-08,호주,펄프  종이 및 종이제품 제조업,1
2024-08,호주,화학물질 및 화학제품 제조업; 의약품 제외,3
2024-08,홍콩,가죽  가방 및 신발 제조업,2
2024-08,홍콩,금융업,4
2024-08,홍콩,기타 기계 및 장비 제조업,2
2024-08,홍콩,기타 제품 제조업,2
2024-08,홍콩,도매 및 상품 중개업,4
2024-08,홍콩,소매업; 자동차 제외,4
2024-08,홍콩,의료  정밀  광학기기 및 시계 제조업,2
2024-08,홍콩,자동차 및 부품 판매업,2
2024-08,홍콩,전기장비 제조업,2
2024-08,홍콩,전자부품  컴퓨터  영상  음향 및 통신장비 제조업,2
2024-08,홍콩,출판업,2
2024-08,홍콩,항공 운송업,2
2024-07,가나,화학물질 및 화학제품 제조업; 의약품 제외,2
2024-07,가이아나,도매 및 상품 중개업,2
2024-07,과테말라,도매 및 상품 중개업,3
2024-07,과테말라,섬유제품 제조업; 의복제외,4
2024-07,과테말라,자동차 및 부품 판매업,4
2024-07,괌,도매 및 상품 중개업,2
2024-07,그리스,도매 및 상품 중개업,3
2024-07,그리스,자동차 및 부품 판매업,3
2024-07,그리스,펄프  종이 및 종이제품 제조업,1
2024-07,나이지리아,도매 및 상품 중개업,5
2024-07,남아프리카공화국,1차 금속 제조업,5
2024-07,남아프리카공화국,개인 및 소비용품 수리업,3
2024-07,남아프리카공화국,고무 및 플라스틱제품 제조업,4
2024-07,남아프리카공화국,기타 기계 및 장비 제조업,4
2024-07,남아프리카공화국,도매 및 상품 중개업,4
2024-07,남아프리카공화국,비금속 광물제품 제조업,2
2024-07,남아프리카공화국,섬유제품 제조업; 의복제외,4
2024-07,남아프리카공화국,소매업; 자동차 제외,2
2024-07,남아프리카공화국,식료품 제조업,2
2024-07,남아프리카공화국,인쇄 및 기록매체 복제업,4
2024-07,남아프리카공화국,임대업; 부동산 제외,2
2024-07,남아프리카공화국,자동차 및 부품 판매업,2
2024-07,남아프리카공화국,자동차 및 트레일러 제조업,2
2024-07,남아프리카공화국,전기  가스  증기 및 공기조절 공급업,2
2024-07,남아프리카공화국,전기장비 제조업,4
2024-07,남아프리카공화국,전문직별 공사업,4
2024-07,남아프리카공화국,전자부품  컴퓨터  영상  음향 및 통신장비 제조업,2
2024-07,남아프리카공화국,출판업,2
2024-07,남아프리카공화국,펄프  종이 및 종이제품 제조업,2
2024-07,남아프리카공화국,화학물질 및 화학제품 제조업; 의약품 제외,2
2024-07,네덜란드,1차 금속 제조업,1
2024-07,네덜란드,고무 및 플라스틱제품 제조업,1
2024-07,네덜란드,금속가공제품 제조업; 기계 및 가구 제외,3
2024-07,네덜란드,금융업,4
2024-07,네덜란드,기타 기계 및 장비 제조업,3
2024-07,네덜란드,도매 및 상품 중개업,3
2024-07,네덜란드,섬유제품 제조업; 의복제외,2
2024-07,네덜란드,식료품 제조업,2
2024-07,네덜란드,육상운송 및 파이프라인 운송업,1
2024-07,네덜란드,임대업; 부동산 제외,1
2024-07,네덜란드,자동차 및 부품 판매업,3
2024-07,네덜란드,자동차 및 트레일러 제조업,3
2024-07,네덜란드,전기장비 제조업,1
2024-07,네덜란드,전문 서비스업,4
2024-07,네덜란드,전자부품  컴퓨터  영상  음향 및 통신장비 제조업,1
2024-07,네덜란드,창고 및 운송관련 서비스업,1
2024-07,네덜란드,컴퓨터 프로그래밍  시스템 통합 및 관리업,1
2024-07,네덜란드,펄프  종이 및 종이제품 제조업,1
2024-07,네덜란드,화학물질 및 화학제품 제조업; 의약품 제외,4
2024-07,네팔,도매 및 상품 중개업,3
2024-07,노르웨이,도매 및 상품 중개업,3
2024-07,노르웨이,수상 운송업,1
2024-07,노르웨이,의복  의복 액세서리 및 모피제품 제조업,1
2024-07,노르웨이,자동차 및 부품 판매업,1
2024-07,뉴질랜드,1차 금속 제조업,2
2024-07,뉴질랜드,도매 및 상품 중개업,3
2024-07,뉴질랜드,소매업; 자동차 제외,1
2024-07,뉴질랜드,자동차 및 부품 판매업,2
2024-07,뉴질랜드,화학물질 및 화학제품 제조업; 의약품 제외,1
2024-07,뉴칼레도니아,도매 및 상품 중개업,2
2024-07,니카라과,자동차 및 부품 판매업,5
2024-07,대만,1차 금속 제조업,1
2024-07,대만,가죽  가방 및 신발 제조업,1
2024-07,대만,건축기술  엔지니어링 및 기타 과학기술 서비스업,2
2024-07,대만,고무 및 플라스틱제품 제조업,1
2024-07,대만,금속가공제품 제조업; 기계 및 가구 제외,2
2024-07,대만,금융업,5
2024-07,대만,기타 기계 및 장비 제조업,2
2024-07,대만,기타 운송장비 제조업,2
2024-07,대만,도매 및 상품 중개업,3
2024-07,대만,비금속 광물제품 제조업,1
2024-07,대만,섬유제품 제조업; 의복제외,2
2024-07,대만,소매업; 자동차 제외,2
2024-07,대만,식료품 제조업,2
2024-07,대만,의료  정밀  광학기기 및 시계 제조업,2
2024-07,대만,자동차 및 부품 판매업,1
2024-07,대만,전기장비 제조업,3
2024-07,대만,전자부품  컴퓨터  영상  음향 및 통신장비 제조업,3
2024-07,대만,출판업,2
2024-07,대만,컴퓨터 프로그래밍  시스템 통합 및 관리업,1
2024-07,대만,펄프  종이 및 종이제품 제조업,2
2024-07,대만,항공 운송업,5
2024-07,대만,화학물질 및 화학제품 제조업; 의약품 제외,4
2024-07,덴마크,국제 및 외국기관,5
2024-07,덴마크,기타 기계 및 장비 제조업,1
2024-07,덴마크,도매 및 상품 중개업,3
2024-07,덴마크,식료품 제조업,1
2024-07,덴마크,연구개발업,1
2024-07,덴마크,자동차 및 부품 판매업,2
2024-07,덴마크,전문 서비스업,1
2024-07,도미니카공화국,도매 및 상품 중개업,2
2024-07,도미니카공화국,자동차 및 부품 판매업,4
2024-07,독일,1차 금속 제조업,1
2024-07,독일,개인 및 소비용품 수리업,1
2024-07,독일,고무 및 플라스틱제품 제조업,3
2024-07,독일,금속가공제품 제조업; 기계 및 가구 제외,3
2024-07,독일,금융업,2
2024-07,독일,기타 기계 및 장비 제조업,3
2024-07,독일,기타 운송장비 제조업,1
2024-07,독일,기타 제품 제조업,4
2024-07,독일,도매 및 상품 중개업,3
2024-07,독일,부동산업,2
2024-07,독일,비금속 광물제품 제조업,3
2024-07,독일,사업지원 서비스업,2
2024-07,독일,산업용 기계 및 장비 수리업,1
2024-07,독일,섬유제품 제조업; 의복제외,3
2024-07,독일,소매업; 자동차 제외,4
2024-07,독일,수상 운송업,1
2024-07,독일,식료품 제조업,2
2024-07,독일,우편 및 통신업,1
2024-07,독일,의료  정밀  광학기기 및 시계 제조업,1
2024-07,독일,의료용 물질 및 의약품 제조업,1
2024-07,독일,의복  의복 액세서리 및 모피제품 제조업,1
2024-07,독일,자동차 및 부품 판매업,3
2024-07,독일,자동차 및 트레일러 제조업,3
2024-07,독일,전기  가스  증기 및 공기조절 공급업,4
2024-07,독일,전기장비 제조업,3
2024-07,독일,전문 서비스업,2
2024-07,독일,전자부품  컴퓨터  영상  음향 및 통신장비 제조업,4
2024-07,독일,컴퓨터 프로그래밍  시스템 통합 및 관리업,1
2024-07,독일,코크스  연탄 및 석유정제품 제조업,4
2024-07,독일,펄프  종이 및 종이제품 제조업,3
2024-07,독일,화학물질 및 화학제품 제조업; 의약품 제외,3
2024-07,라오스,도매 및 상품 중개업,5
2024-07,라트비아,도매 및 상품 중개업,2
2024-07,라트비아,자동차 및 부품 판매업,2
2024-07,러시아,고무 및 플라스틱제품 제조업,5
2024-07,러시아,금속가공제품 제조업; 기계 및 가구 제외,2
2024-07,러시아,담배 제조업,3
2024-07,러시아,도매 및 상품 중개업,5
2024-07,러시아,비금속 광물제품 제조업,2
2024-07,러시아,소매업; 자동차 제외,5
2024-07,러시아,식료품 제조업,2
2024-07,러시아,의료용 물질 및 의약품 제조업,3
2024-07,러시아,자동차 및 부품 판매업,5
2024-07,러시아,자동차 및 트레일러 제조업,4
2024-07,러시아,전기장비 제조업,5
2024-07,러시아,펄프  종이 및 종이제품 제조업,3
2024-07,러시아,화학물질 및 화학제품 제조업; 의약품 제외,3
2024-07,레바논,도매 및 상품 중개업,4
2024-07,레바논,자동차 및 부품 판매업,5
2024-07,레바논,컴퓨터 프로그래밍  시스템 통합 및 관리업,3
2024-07,루마니아,고무 및 플라스틱제품 제조업,3
2024-07,루마니아,기타 기계 및 장비 제조업,2
2024-07,루마니아,도매 및 상품 중개업,3
2024-07,루마니아,소매업; 자동차 제외,5
2024-07,루마니아,자동차 및 부품 판매업,2
2024-07,루마니아,자동차 및 트레일러 제조업,3
2024-07,루마니아,전기장비 제조업,2
2024-07,룩셈부르크,고무 및 플라스틱제품 제조업,1
2024-07,룩셈부르크,금융업,4
2024-07,룩셈부르크,사업지원 서비스업,5
2024-07,룩셈부르크,전기  가스  증기 및 공기조절 공급업,1
2024-07,리투아니아,도매 및 상품 중개업,3
2024-07,리투아니아,사업지원 서비스업,1
2024-07,리투아니아,자동차 및 부품 판매업,1
2024-07,리투아니아,화학물질 및 화학제품 제조업; 의약품 제외,1
2024-07,리히텐슈타인,금속가공제품 제조업; 기계 및 가구 제외,1
2024-07,리히텐슈타인,기타 기계 및 장비 제조업,1
2024-07,마카오,도매 및 상품 중개업,3
2024-07,마카오,사업지원 서비스업,2
2024-07,마카오,소매업; 자동차 제외,2
2024-07,말레이시아,1차 금속 제조업,2
2024-07,말레이시아,고무 및 플라스틱제품 제조업,4
2024-07,말레이시아,금속가공제품 제조업; 기계 및 가구 제외,4
2024-07,말레이시아,금융업,4
2024-07,말레이시아,기타 기계 및 장비 제조업,4
2024-07,말레이시아,기타 운송장비 제조업,2
2024-07,말레이시아,도매 및 상품 중개업,4
2024-07,말레이시아,사업지원 서비스업,4
2024-07,말레이시아,식료품 제조업,2
2024-07,말레이시아,인쇄 및 기록매체 복제업,2
2024-07,말레이시아,자동차 및 부품 판매업,4
2024-07,말레이시아,자동차 및 트레일러 제조업,2
2024-07,말레이시아,전기장비 제조업,2
2024-07,말레이시아,전자부품  컴퓨터  영상  음향 및 통신장비 제조업,3
2024-07,말레이시아,창고 및 운송관련 서비스업,2
2024-07,말레이시아,펄프  종이 및 종이제품 제조업,2
2024-07,말레이시아,화학물질 및 화학제품 제조업; 의약품 제외,4
2024-07,멕시코,1차 금속 제조업,4
2024-07,멕시코,고무 및 플라스틱제품 제조업,4
2024-07,멕시코,금속가공제품 제조업; 기계 및 가구 제외,4
2024-07,멕시코,기타 기계 및 장비 제조업,2
2024-07,멕시코,도매 및 상품 중개업,4
2024-07,멕시코,섬유제품 제조업; 의복제외,4
2024-07,멕시코,소매업; 자동차 제외,2
2024-07,멕시코,자동차 및 부품 판매업,4
2024-07,멕시코,자동차 및 트레일러 제조업,2
2024-07,멕시코,전기장비 제조업,5
2024-07,멕시코,전문 서비스업,5
2024-07,멕시코,전자부품  컴퓨터  영상  음향 및 통신장비 제조업,3
2024-07,멕시코,종합 건설업,4
2024-07,멕시코,컴퓨터 프로그래밍  시스템 통합 및 관리업,2
2024-07,멕시코,펄프  종이 및 종이제품 제조업,3
2024-07,멕시코,화학물질 및 화학제품 제조업; 의약품 제외,4
2024-07,모로코,가구 제조업,2
2024-07,모로코,도매 및 상품 중개업,3
2024-07,모로코,자동차 및 부품 판매업,2
2024-07,모리셔스,도매 및 상품 중개업,4
2024-07,몰타,도매 및 상품 중개업,1
2024-07,몰타,자동차 및 부품 판매업,2
2024-07,몽골,도매 및 상품 중개업,4
2024-07,미국,1차 금속 제조업,1
2024-07,미국,가구 제조업,2
2024-07,미국,가죽  가방 및 신발 제조업,4
2024-07,미국,건축기술  엔지니어링 및 기타 과학기술 서비스업,2
2024-07,미국,고무 및 플라스틱제품 제조업,4
2024-07,미국,공공행정  국방 및 사회보장 행정,1
2024-07,미국,금속가공제품 제조업; 기계 및 가구 제외,4
2024-07,미국,기타 기계 및 장비 제조업,3
2024-07,미국,기타 운송장비 제조업,2
2024-07,미국,기타 제품 제조업,3
2024-07,미국,도매 및 상품 중개업,4
2024-07,미국,목재 및 나무제품 제조업; 가구 제외,2
2024-07,미국,비금속 광물제품 제조업,4
2024-07,미국,사업지원 서비스업,4
2024-07,미국,섬유제품 제조업; 의복제외,4
2024-07,미국,소매업; 자동차 제외,4
2024-07,미국,식료품 제조업,1
2024-07,미국,영상ㆍ오디오 기록물 제작 및 배급업,2
2024-07,미국,우편 및 통신업,1
2024-07,미국,육상운송 및 파이프라인 운송업,2
2024-07,미국,음식점 및 주점업,2
2024-07,미국,의료  정밀  광학기기 및 시계 제조업,4
2024-07,미국,의료용 물질 및 의약품 제조업,3
2024-07,미국,의복  의복 액세서리 및 모피제품 제조업,3
2024-07,미국,인쇄 및 기록매체 복제업,1
2024-07,미국,자동차 및 부품 판매업,4
2024-07,미국,자동차 및 트레일러 제조업,3
2024-07,미국,전기  가스  증기 및 공기조절 공급업,3
2024-07,미국,전기장비 제조업,3
2024-07,미국,전문 서비스업,3
2024-07,미국,전문직별 공사업,3
2024-07,미국,전자부품  컴퓨터  영상  음향 및 통신장비 제조업,3
2024-07,미국,정보서비스업,1
2024-07,미국,창고 및 운송관련 서비스업,4
2024-07,미국,출판업,2
2024-07,미국,펄프  종이 및 종이제품 제조업,4
2024-07,미국,항공 운송업,2
2024-07,미국,화학물질 및 화학제품 제조업; 의약품 제외,4
2024-07,미얀마,공공행정  국방 및 사회보장 행정,5
2024-07,미얀마,금속가공제품 제조업; 기계 및 가구 제외,4
2024-07,미얀마,도매 및 상품 중개업,5
2024-07,바레인,종합 건설업,5
2024-07,바베이도스,금융 및 보험 관련 서비스업,2
2024-07,방글라데시,도매 및 상품 중개업,3
2024-07,방글라데시,의복  의복 액세서리 및 모피제품 제조업,4
2024-07,베트남,1차 금속 제조업,4
2024-07,베트남,가구 제조업,3
2024-07,베트남,가죽  가방 및 신발 제조업,4
2024-07,베트남,고무 및 플라스틱제품 제조업,4
2024-07,베트남,금속가공제품 제조업; 기계 및 가구 제외,4
2024-07,베트남,기타 기계 및 장비 제조업,5
2024-07,베트남,기타 운송장비 제조업,2
2024-07,베트남,도매 및 상품 중개업,4
2024-07,베트남,목재 및 나무제품 제조업; 가구 제외,2
2024-07,베트남,비금속 광물제품 제조업,3
2024-07,베트남,산업용 기계 및 장비 수리업,5
2024-07,베트남,섬유제품 제조업; 의복제외,5
2024-07,베트남,식료품 제조업,4
2024-07,베트남,음료 제조업,4
2024-07,베트남,의료  정밀  광학기기 및 시계 제조업,2
2024-07,베트남,의복  의복 액세서리 및 모피제품 제조업,4
2024-07,베트남,자동차 및 부품 판매업,2
2024-07,베트남,자동차 및 트레일러 제조업,5
2024-07,베트남,전기장비 제조업,5
2024-07,베트남,전문직별 공사업,2
2024-07,베트남,전자부품  컴퓨터  영상  음향 및 통신장비 제조업,5
2024-07,베트남,창고 및 운송관련 서비스업,3
2024-07,베트남,코크스  연탄 및 석유정제품 제조업,4
2024-07,베트남,펄프  종이 및 종이제품 제조업,4
2024-07,베트남,화학물질 및 화학제품 제조업; 의약품 제외,5
2024-07,벨기에,고무 및 플라스틱제품 제조업,3
2024-07,벨기에,금속가공제품 제조업; 기계 및 가구 제외,3
2024-07,벨기에,기타 기계 및 장비 제조업,3
2024-07,벨기에,도매 및 상품 중개업,1
2024-07,벨기에,섬유제품 제조업; 의복제외,3
2024-07,벨기에,의복  의복 액세서리 및 모피제품 제조업,2
2024-07,벨기에,자동차 및 트레일러 제조업,1
2024-07,벨기에,전기장비 제조업,2
2024-07,벨기에,창고 및 운송관련 서비스업,2
2024-07,벨기에,화학물질 및 화학제품 제조업; 의약품 제외,2
2024-07,벨라루스,자동차 및 부품 판매업,2
2024-07,벨라루스,종합 건설업,3
2024-07,보스니아-헤르체코비나,자동차 및 부품 판매업,2
2024-07,볼리비아,도매 및 상품 중개업,4
2024-07,볼리비아,자동차 및 부품 판매업,5
2024-07,북마케도니아,자동차 및 부품 판매업,5
2024-07,불가리아,기타 제품 제조업,2
2024-07,불가리아,도매 및 상품 중개업,4
2024-07,불가리아,자동차 및 부품 판매업,3
2024-07,불가리아,펄프  종이 및 종이제품 제조업,2
2024-07,브라질,1차 금속 제조업,3
2024-07,브라질,가죽  가방 및 신발 제조업,2
2024-07,브라질,고무 및 플라스틱제품 제조업,4
2024-07,브라질,금속가공제품 제조업; 기계 및 가구 제외,2
2024-07,브라질,기타 기계 및 장비 제조업,2
2024-07,브라질,도매 및 상품 중개업,4
2024-07,브라질,사업지원 서비스업,4
2024-07,브라질,섬유제품 제조업; 의복제외,5
2024-07,브라질,소매업; 자동차 제외,4
2024-07,브라질,식료품 제조업,2
2024-07,브라질,의료  정밀  광학기기 및 시계 제조업,2
2024-07,브라질,의료용 물질 및 의약품 제조업,2
2024-07,브라질,의복  의복 액세서리 및 모피제품 제조업,4
2024-07,브라질,자동차 및 부품 판매업,4
2024-07,브라질,자동차 및 트레일러 제조업,4
2024-07,브라질,전기장비 제조업,2
2024-07,브라질,전문 서비스업,4
2024-07,브라질,전자부품  컴퓨터  영상  음향 및 통신장비 제조업,2
2024-07,브라질,컴퓨터 프로그래밍  시스템 통합 및 관리업,3
2024-07,브라질,펄프  종이 및 종이제품 제조업,4
2024-07,브라질,화학물질 및 화학제품 제조업; 의약품 제외,4
2024-07,사우디아라비아,가구 제조업,4
2024-07,사우디아라비아,고무 및 플라스틱제품 제조업,2
2024-07,사우디아라비아,금속가공제품 제조업; 기계 및 가구 제외,4
2024-07,사우디아라비아,기타 기계 및 장비 제조업,4
2024-07,사우디아라비아,도매 및 상품 중개업,4
2024-07,사우디아라비아,의료  정밀  광학기기 및 시계 제조업,2
2024-07,사우디아라비아,자동차 및 부품 판매업,4
2024-07,사우디아라비아,전기장비 제조업,2
2024-07,사우디아라비아,전문직별 공사업,2
2024-07,사우디아라비아,화학물질 및 화학제품 제조업; 의약품 제외,4
2024-07,사이프러스,도매 및 상품 중개업,2
2024-07,세르비아,도매 및 상품 중개업,2
2024-07,세르비아,자동차 및 부품 판매업,4
2024-07,세르비아,화학물질 및 화학제품 제조업; 의약품 제외,2
2024-07,세이셸,자동차 및 트레일러 제조업,2
2024-07,수리남,도매 및 상품 중개업,3
2024-07,스리랑카,고무 및 플라스틱제품 제조업,2
2024-07,스리랑카,도매 및 상품 중개업,4
2024-07,스리랑카,섬유제품 제조업; 의복제외,2
2024-07,스리랑카,의복  의복 액세서리 및 모피제품 제조업,2
2024-07,스리랑카,자동차 및 트레일러 제조업,3
2024-07,스웨덴,고무 및 플라스틱제품 제조업,2
2024-07,스웨덴,금속가공제품 제조업; 기계 및 가구 제외,3
2024-07,스웨덴,기타 기계 및 장비 제조업,1
2024-07,스웨덴,도매 및 상품 중개업,3
2024-07,스웨덴,연구개발업,2
2024-07,스웨덴,자동차 및 부품 판매업,2
2024-07,스웨덴,자동차 및 트레일러 제조업,1
2024-07,스웨덴,전기장비 제조업,2
2024-07,스웨덴,전문 서비스업,1
2024-07,스웨덴,컴퓨터 프로그래밍  시스템 통합 및 관리업,2
2024-07,스웨덴,펄프  종이 및 종이제품 제조업,1
2024-07,스위스,고무 및 플라스틱제품 제조업,1
2024-07,스위스,기타 기계 및 장비 제조업,1
2024-07,스위스,기타 운송장비 제조업,1
2024-07,스위스,담배 제조업,2
2024-07,스위스,도매 및 상품 중개업,3
2024-07,스위스,사업지원 서비스업,4
2024-07,스위스,의복  의복 액세서리 및 모피제품 제조업,1
2024-07,스위스,임대업; 부동산 제외,2
2024-07,스위스,자동차 및 부품 판매업,1
2024-07,스위스,전자부품  컴퓨터  영상  음향 및 통신장비 제조업,1
2024-07,스위스,화학물질 및 화학제품 제조업; 의약품 제외,1
2024-07,스페인,1차 금속 제조업,2
2024-07,스페인,개인 및 소비용품 수리업,3
2024-07,스페인,건축기술  엔지니어링 및 기타 과학기술 서비스업,2
2024-07,스페인,고무 및 플라스틱제품 제조업,4
2024-07,스페인,금속가공제품 제조업; 기계 및 가구 제외,2
2024-07,스페인,기타 기계 및 장비 제조업,2
2024-07,스페인,기타 제품 제조업,1
2024-07,스페인,도매 및 상품 중개업,4
2024-07,스페인,섬유제품 제조업; 의복제외,4
2024-07,스페인,소매업; 자동차 제외,3
2024-07,스페인,의료  정밀  광학기기 및 시계 제조업,1
2024-07,스페인,의료용 물질 및 의약품 제조업,1
2024-07,스페인,자동차 및 부품 판매업,4
2024-07,스페인,자동차 및 트레일러 제조업,2
2024-07,스페인,전기  가스  증기 및 공기조절 공급업,2
2024-07,스페인,전기장비 제조업,2
2024-07,스페인,전문직별 공사업,2
2024-07,스페인,전자부품  컴퓨터  영상  음향 및 통신장비 제조업,2
2024-07,스페인,펄프  종이 및 종이제품 제조업,1
2024-07,스페인,화학물질 및 화학제품 제조업; 의약품 제외,3
2024-07,슬로바키아,고무 및 플라스틱제품 제조업,3
2024-07,슬로바키아,기타 기계 및 장비 제조업,2
2024-07,슬로바키아,도매 및 상품 중개업,2
2024-07,슬로바키아,비금속 광물제품 제조업,1
2024-07,슬로바키아,소매업; 자동차 제외,2
2024-07,슬로바키아,의료  정밀  광학기기 및 시계 제조업,1
2024-07,슬로바키아,자동차 및 트레일러 제조업,1
2024-07,슬로베니아,도매 및 상품 중개업,2
2024-07,슬로베니아,자동차 및 부품 판매업,1
2024-07,슬로베니아,전기장비 제조업,1
2024-07,슬로베니아,화학물질 및 화학제품 제조업; 의약품 제외,2
2024-07,싱가포르,1차 금속 제조업,1
2024-07,싱가포르,고무 및 플라스틱제품 제조업,1
2024-07,싱가포르,금속가공제품 제조업; 기계 및 가구 제외,1
2024-07,싱가포르,금융업,1
2024-07,싱가포르,기타 기계 및 장비 제조업,1
2024-07,싱가포르,기타 운송장비 제조업,3
2024-07,싱가포르,도매 및 상품 중개업,3
2024-07,싱가포르,소매업; 자동차 제외,1
2024-07,싱가포르,식료품 제조업,4
2024-07,싱가포르,연구개발업,1
2024-07,싱가포르,인쇄 및 기록매체 복제업,1
2024-07,싱가포르,자동차 및 부품 판매업,1
2024-07,싱가포르,전기장비 제조업,1
2024-07,싱가포르,전자부품  컴퓨터  영상  음향 및 통신장비 제조업,3
2024-07,싱가포르,종합 건설업,2
2024-07,싱가포르,창고 및 운송관련 서비스업,1
2024-07,싱가포르,출판업,1
2024-07,싱가포르,코크스  연탄 및 석유정제품 제조업,3
2024-07,싱가포르,펄프  종이 및 종이제품 제조업,1
2024-07,싱가포르,폐기물 수집  운반  처리 및 원료 재생업,5
2024-07,싱가포르,화학물질 및 화학제품 제조업; 의약품 제외,3
2024-07,아랍에미리트 연합,1차 금속 제조업,3
2024-07,아랍에미리트 연합,고무 및 플라스틱제품 제조업,4
2024-07,아랍에미리트 연합,금속가공제품 제조업; 기계 및 가구 제외,5
2024-07,아랍에미리트 연합,도매 및 상품 중개업,4
2024-07,아랍에미리트 연합,소매업; 자동차 제외,4
2024-07,아랍에미리트 연합,자동차 및 부품 판매업,4
2024-07,아랍에미리트 연합,종합 건설업,5
2024-07,아랍에미리트 연합,컴퓨터 프로그래밍  시스템 통합 및 관리업,2
2024-07,아랍에미리트 연합,펄프  종이 및 종이제품 제조업,2
2024-07,아랍에미리트 연합,화학물질 및 화학제품 제조업; 의약품 제외,5
2024-07,아르헨티나,고무 및 플라스틱제품 제조업,4
2024-07,아르헨티나,기타 기계 및 장비 제조업,2
2024-07,아르헨티나,도매 및 상품 중개업,4
2024-07,아르헨티나,섬유제품 제조업; 의복제외,4
2024-07,아르헨티나,소매업; 자동차 제외,4
2024-07,아르헨티나,자동차 및 부품 판매업,2
2024-07,아르헨티나,전기장비 제조업,4
2024-07,아르헨티나,전자부품  컴퓨터  영상  음향 및 통신장비 제조업,2
2024-07,아르헨티나,펄프  종이 및 종이제품 제조업,4
2024-07,아르헨티나,화학물질 및 화학제품 제조업; 의약품 제외,4
2024-07,아이슬란드,고무 및 플라스틱제품 제조업,1
2024-07,아이티,자동차 및 부품 판매업,3
2024-07,아일랜드,고무 및 플라스틱제품 제조업,1
2024-07,아일랜드,도매 및 상품 중개업,3
2024-07,아일랜드,자동차 및 부품 판매업,1
2024-07,아일랜드,전자부품  컴퓨터  영상  음향 및 통신장비 제조업,1
2024-07,아일랜드,컴퓨터 프로그래밍  시스템 통합 및 관리업,2
2024-07,아일랜드,코크스  연탄 및 석유정제품 제조업,2
2024-07,아제르바이잔,자동차 및 부품 판매업,2
2024-07,알제리,비금속 광물제품 제조업,2
2024-07,알제리,자동차 및 부품 판매업,2
2024-07,알제리,전기장비 제조업,5
2024-07,알제리,전자부품  컴퓨터  영상  음향 및 통신장비 제조업,3
2024-07,알제리,화학물질 및 화학제품 제조업; 의약품 제외,3
2024-07,에콰도르,고무 및 플라스틱제품 제조업,4
2024-07,에콰도르,금속가공제품 제조업; 기계 및 가구 제외,2
2024-07,에콰도르,도매 및 상품 중개업,4
2024-07,에콰도르,식료품 제조업,3
2024-07,에콰도르,자동차 및 부품 판매업,4
2024-07,에콰도르,자동차 및 트레일러 제조업,2
2024-07,에콰도르,전기장비 제조업,2
2024-07,에콰도르,화학물질 및 화학제품 제조업; 의약품 제외,3
2024-07,엘살바도르,도매 및 상품 중개업,2
2024-07,엘살바도르,섬유제품 제조업; 의복제외,2
2024-07,엘살바도르,자동차 및 부품 판매업,4
2024-07,영국,1차 금속 제조업,3
2024-07,영국,개인 및 소비용품 수리업,2
2024-07,영국,고무 및 플라스틱제품 제조업,3
2024-07,영국,금속가공제품 제조업; 기계 및 가구 제외,3
2024-07,영국,금융업,1
2024-07,영국,기타 개인 서비스업,2
2024-07,영국,기타 기계 및 장비 제조업,3
2024-07,영국,기타 운송장비 제조업,1
2024-07,영국,기타 전문  과학 및 기술 서비스업,1
2024-07,영국,기타 제품 제조업,3
2024-07,영국,도매 및 상품 중개업,3
2024-07,영국,사업지원 서비스업,3
2024-07,영국,섬유제품 제조업; 의복제외,3
2024-07,영국,소매업; 자동차 제외,3
2024-07,영국,스포츠 및 오락관련 서비스업,1
2024-07,영국,식료품 제조업,2
2024-07,영국,우편 및 통신업,3
2024-07,영국,의료  정밀  광학기기 및 시계 제조업,1
2024-07,영국,의복  의복 액세서리 및 모피제품 제조업,4
2024-07,영국,자동차 및 부품 판매업,1
2024-07,영국,자동차 및 트레일러 제조업,1
2024-07,영국,전기장비 제조업,2
2024-07,영국,전문 서비스업,4
2024-07,영국,전문직별 공사업,1
2024-07,영국,전자부품  컴퓨터  영상  음향 및 통신장비 제조업,4
2024-07,영국,종합 건설업,2
2024-07,영국,창고 및 운송관련 서비스업,2
2024-07,영국,출판업,1
2024-07,영국,컴퓨터 프로그래밍  시스템 통합 및 관리업,1
2024-07,영국,펄프  종이 및 종이제품 제조업,2
2024-07,영국,화학물질 및 화학제품 제조업; 의약품 제외,3
2024-07,오만,도매 및 상품 중개업,4
2024-07,오스트리아,고무 및 플라스틱제품 제조업,1
2024-07,오스트리아,금융업,1
2024-07,오스트리아,도매 및 상품 중개업,4
2024-07,오스트리아,자동차 및 부품 판매업,3
2024-07,오스트리아,자동차 및 트레일러 제조업,3
2024-07,오스트리아,전기장비 제조업,2
2024-07,온두라스,섬유제품 제조업; 의복제외,3
2024-07,온두라스,자동차 및 부품 판매업,4
2024-07,요르단,도매 및 상품 중개업,4
2024-07,요르단,자동차 및 부품 판매업,2
2024-07,우루과이,도매 및 상품 중개업,4
2024-07,우즈베키스탄,고무 및 플라스틱제품 제조업,4
2024-07,우즈베키스탄,자동차 및 트레일러 제조업,3
2024-07,우즈베키스탄,전기장비 제조업,4
2024-07,우크라이나,고무 및 플라스틱제품 제조업,4
2024-07,우크라이나,도매 및 상품 중개업,3
2024-07,우크라이나,자동차 및 부품 판매업,4
2024-07,이라크,자동차 및 부품 판매업,5
2024-07,이란,고무 및 플라스틱제품 제조업,5
2024-07,이란,기타 기계 및 장비 제조업,5
2024-07,이란,도매 및 상품 중개업,4
2024-07,이란,소매업; 자동차 제외,5
2024-07,이란,자동차 및 트레일러 제조업,5
2024-07,이란,전기장비 제조업,5
2024-07,이란,화학물질 및 화학제품 제조업; 의약품 제외,4
2024-07,이스라엘,고무 및 플라스틱제품 제조업,4
2024-07,이스라엘,금융업,2
2024-07,이스라엘,기타 기계 및 장비 제조업,5
2024-07,이스라엘,도매 및 상품 중개업,4
2024-07,이스라엘,의료  정밀  광학기기 및 시계 제조업,2
2024-07,이스라엘,의복  의복 액세서리 및 모피제품 제조업,2
2024-07,이스라엘,자동차 및 부품 판매업,2
2024-07,이스라엘,전기장비 제조업,4
2024-07,이스라엘,전자부품  컴퓨터  영상  음향 및 통신장비 제조업,2
2024-07,이스라엘,펄프  종이 및 종이제품 제조업,2
2024-07,이스라엘,화학물질 및 화학제품 제조업; 의약품 제외,4
2024-07,이집트,1차 금속 제조업,4
2024-07,이집트,고무 및 플라스틱제품 제조업,3
2024-07,이집트,기타 기계 및 장비 제조업,3
2024-07,이집트,도매 및 상품 중개업,5
2024-07,이집트,섬유제품 제조업; 의복제외,4
2024-07,이집트,식료품 제조업,3
2024-07,이집트,의료  정밀  광학기기 및 시계 제조업,3
2024-07,이집트,자동차 및 부품 판매업,4
2024-07,이집트,자동차 및 트레일러 제조업,3
2024-07,이집트,전기장비 제조업,4
2024-07,이집트,화학물질 및 화학제품 제조업; 의약품 제외,4
2024-07,이탈리아,1차 금속 제조업,3
2024-07,이탈리아,가구 제조업,2
2024-07,이탈리아,가죽  가방 및 신발 제조업,3
2024-07,이탈리아,개인 및 소비용품 수리업,2
2024-07,이탈리아,고무 및 플라스틱제품 제조업,4
2024-07,이탈리아,금속가공제품 제조업; 기계 및 가구 제외,3
2024-07,이탈리아,기타 기계 및 장비 제조업,3
2024-07,이탈리아,기타 제품 제조업,1
2024-07,이탈리아,도매 및 상품 중개업,3
2024-07,이탈리아,비금속 광물제품 제조업,1
2024-07,이탈리아,섬유제품 제조업; 의복제외,4
2024-07,이탈리아,의료  정밀  광학기기 및 시계 제조업,1
2024-07,이탈리아,의료용 물질 및 의약품 제조업,2
2024-07,이탈리아,의복  의복 액세서리 및 모피제품 제조업,2
2024-07,이탈리아,자동차 및 부품 판매업,3
2024-07,이탈리아,자동차 및 트레일러 제조업,1
2024-07,이탈리아,전기장비 제조업,3
2024-07,이탈리아,전문 서비스업,1
2024-07,이탈리아,전문직별 공사업,2
2024-07,이탈리아,전자부품  컴퓨터  영상  음향 및 통신장비 제조업,2
2024-07,이탈리아,펄프  종이 및 종이제품 제조업,1
2024-07,이탈리아,화학물질 및 화학제품 제조업; 의약품 제외,4
2024-07,인도,1차 금속 제조업,5
2024-07,인도,가죽  가방 및 신발 제조업,5
2024-07,인도,개인 및 소비용품 수리업,3
2024-07,인도,건축기술  엔지니어링 및 기타 과학기술 서비스업,4
2024-07,인도,고무 및 플라스틱제품 제조업,4
2024-07,인도,금속가공제품 제조업; 기계 및 가구 제외,4
2024-07,인도,기타 기계 및 장비 제조업,4
2024-07,인도,도매 및 상품 중개업,5
2024-07,인도,비금속 광물제품 제조업,5
2024-07,인도,섬유제품 제조업; 의복제외,4
2024-07,인도,식료품 제조업,4
2024-07,인도,우편 및 통신업,3
2024-07,인도,의료  정밀  광학기기 및 시계 제조업,2
2024-07,인도,의료용 물질 및 의약품 제조업,5
2024-07,인도,의복  의복 액세서리 및 모피제품 제조업,3
2024-07,인도,자동차 및 부품 판매업,3
2024-07,인도,자동차 및 트레일러 제조업,4
2024-07,인도,전기장비 제조업,5
2024-07,인도,전자부품  컴퓨터  영상  음향 및 통신장비 제조업,5
2024-07,인도,출판업,2
2024-07,인도,컴퓨터 프로그래밍  시스템 통합 및 관리업,2
2024-07,인도,코크스  연탄 및 석유정제품 제조업,2
2024-07,인도,펄프  종이 및 종이제품 제조업,5
2024-07,인도,화학물질 및 화학제품 제조업; 의약품 제외,4
2024-07,인도네시아,1차 금속 제조업,4
2024-07,인도네시아,가죽  가방 및 신발 제조업,2
2024-07,인도네시아,고무 및 플라스틱제품 제조업,4
2024-07,인도네시아,금속가공제품 제조업; 기계 및 가구 제외,4
2024-07,인도네시아,담배 제조업,2
2024-07,인도네시아,도매 및 상품 중개업,4
2024-07,인도네시아,섬유제품 제조업; 의복제외,4
2024-07,인도네시아,식료품 제조업,4
2024-07,인도네시아,의료용 물질 및 의약품 제조업,2
2024-07,인도네시아,의복  의복 액세서리 및 모피제품 제조업,2
2024-07,인도네시아,자동차 및 부품 판매업,2
2024-07,인도네시아,자동차 및 트레일러 제조업,4
2024-07,인도네시아,전기장비 제조업,4
2024-07,인도네시아,전자부품  컴퓨터  영상  음향 및 통신장비 제조업,4
2024-07,인도네시아,창고 및 운송관련 서비스업,2
2024-07,인도네시아,펄프  종이 및 종이제품 제조업,2
2024-07,인도네시아,화학물질 및 화학제품 제조업; 의약품 제외,4
2024-07,일본,1차 금속 제조업,3
2024-07,일본,개인 및 소비용품 수리업,1
2024-07,일본,고무 및 플라스틱제품 제조업,3
2024-07,일본,금속가공제품 제조업; 기계 및 가구 제외,4
2024-07,일본,금융업,3
2024-07,일본,기타 기계 및 장비 제조업,3
2024-07,일본,기타 운송장비 제조업,2
2024-07,일본,기타 제품 제조업,3
2024-07,일본,도매 및 상품 중개업,3
2024-07,일본,비금속 광물제품 제조업,1
2024-07,일본,사업지원 서비스업,2
2024-07,일본,섬유제품 제조업; 의복제외,4
2024-07,일본,소매업; 자동차 제외,3
2024-07,일본,식료품 제조업,4
2024-07,일본,우편 및 통신업,1
2024-07,일본,육상운송 및 파이프라인 운송업,2
2024-07,일본,음료 제조업,1
2024-07,일본,의료  정밀  광학기기 및 시계 제조업,1
2024-07,일본,의료용 물질 및 의약품 제조업,1
2024-07,일본,의복  의복 액세서리 및 모피제품 제조업,2
2024-07,일본,임대업; 부동산 제외,1
2024-07,일본,자동차 및 부품 판매업,2
2024-07,일본,자동차 및 트레일러 제조업,3
2024-07,일본,전기장비 제조업,3
2024-07,일본,전문 서비스업,1
2024-07,일본,전자부품  컴퓨터  영상  음향 및 통신장비 제조업,3
2024-07,일본,정보서비스업,2
2024-07,일본,종합 건설업,1
2024-07,일본,창고 및 운송관련 서비스업,1
2024-07,일본,출판업,2
2024-07,일본,코크스  연탄 및 석유정제품 제조업,3
2024-07,일본,펄프  종이 및 종이제품 제조업,2
2024-07,일본,화학물질 및 화학제품 제조업; 의약품 제외,3
2024-07,자메이카,자동차 및 부품 판매업,4
2024-07,조지아,자동차 및 부품 판매업,3
2024-07,중국,1차 금속 제조업,4
2024-07,중국,가구 제조업,3
2024-07,중국,가죽  가방 및 신발 제조업,4
2024-07,중국,고무 및 플라스틱제품 제조업,4
2024-07,중국,금속가공제품 제조업; 기계 및 가구 제외,5
2024-07,중국,기타 기계 및 장비 제조업,4
2024-07,중국,기타 운송장비 제조업,4
2024-07,중국,기타 제품 제조업,3
2024-07,중국,도매 및 상품 중개업,5
2024-07,중국,비금속 광물제품 제조업,4
2024-07,중국,섬유제품 제조업; 의복제외,5
2024-07,중국,소매업; 자동차 제외,3
2024-07,중국,식료품 제조업,4
2024-07,중국,음료 제조업,2
2024-07,중국,의료  정밀  광학기기 및 시계 제조업,5
2024-07,중국,의료용 물질 및 의약품 제조업,3
2024-07,중국,자동차 및 부품 판매업,4
2024-07,중국,자동차 및 트레일러 제조업,5
2024-07,중국,전기장비 제조업,4
2024-07,중국,전문 서비스업,2
2024-07,중국,전문직별 공사업,2
2024-07,중국,전자부품  컴퓨터  영상  음향 및 통신장비 제조업,4
2024-07,중국,창고 및 운송관련 서비스업,5
2024-07,중국,출판업,3
2024-07,중국,코크스  연탄 및 석유정제품 제조업,2
2024-07,중국,펄프  종이 및 종이제품 제조업,4
2024-07,중국,항공 운송업,3
2024-07,중국,화학물질 및 화학제품 제조업; 의약품 제외,5
2024-07,지브랄타,도매 및 상품 중개업,2
2024-07,체코,1차 금속 제조업,1
2024-07,체코,고무 및 플라스틱제품 제조업,1
2024-07,체코,금속가공제품 제조업; 기계 및 가구 제외,4
2024-07,체코,기타 기계 및 장비 제조업,1
2024-07,체코,도매 및 상품 중개업,4
2024-07,체코,비금속 광물제품 제조업,1
2024-07,체코,섬유제품 제조업; 의복제외,2
2024-07,체코,자동차 및 부품 판매업,3
2024-07,체코,자동차 및 트레일러 제조업,3
2024-07,체코,전기장비 제조업,1
2024-07,체코,화학물질 및 화학제품 제조업; 의약품 제외,1
2024-07,칠레,고무 및 플라스틱제품 제조업,2
2024-07,칠레,금속가공제품 제조업; 기계 및 가구 제외,3
2024-07,칠레,금융업,2
2024-07,칠레,도매 및 상품 중개업,3
2024-07,칠레,소매업; 자동차 제외,2
2024-07,칠레,자동차 및 부품 판매업,3
2024-07,칠레,전기장비 제조업,3
2024-07,칠레,화학물질 및 화학제품 제조업; 의약품 제외,2
2024-07,카자흐스탄,고무 및 플라스틱제품 제조업,2
2024-07,카자흐스탄,도매 및 상품 중개업,4
2024-07,카자흐스탄,비금속 광물제품 제조업,4
2024-07,카자흐스탄,자동차 및 부품 판매업,2
2024-07,카자흐스탄,자동차 및 트레일러 제조업,5
2024-07,카타르,건축기술  엔지니어링 및 기타 과학기술 서비스업,2
2024-07,카타르,도매 및 상품 중개업,3
2024-07,카타르,자동차 및 부품 판매업,2
2024-07,카타르,화학물질 및 화학제품 제조업; 의약품 제외,2
2024-07,캄보디아,도매 및 상품 중개업,5
2024-07,캄보디아,소매업; 자동차 제외,5
2024-07,캄보디아,자동차 및 부품 판매업,3
2024-07,캄보디아,자동차 및 트레일러 제조업,3
2024-07,캐나다,1차 금속 제조업,2
2024-07,캐나다,고무 및 플라스틱제품 제조업,1
2024-07,캐나다,금속가공제품 제조업; 기계 및 가구 제외,3
2024-07,캐나다,기타 기계 및 장비 제조업,1
2024-07,캐나다,기타 운송장비 제조업,2
2024-07,캐나다,기타 제품 제조업,2
2024-07,캐나다,도매 및 상품 중개업,3
2024-07,캐나다,목재 및 나무제품 제조업; 가구 제외,2
2024-07,캐나다,산업용 기계 및 장비 수리업,1
2024-07,캐나다,섬유제품 제조업; 의복제외,1
2024-07,캐나다,소매업; 자동차 제외,3
2024-07,캐나다,우편 및 통신업,1
2024-07,캐나다,의복  의복 액세서리 및 모피제품 제조업,2
2024-07,캐나다,자동차 및 부품 판매업,3
2024-07,캐나다,자동차 및 트레일러 제조업,1
2024-07,캐나다,전기장비 제조업,2
2024-07,캐나다,전자부품  컴퓨터  영상  음향 및 통신장비 제조업,3
2024-07,캐나다,정보서비스업,2
2024-07,캐나다,출판업,1
2024-07,캐나다,펄프  종이 및 종이제품 제조업,1
2024-07,캐나다,화학물질 및 화학제품 제조업; 의약품 제외,1
2024-07,케냐,가구 제조업,4
2024-07,케냐,가죽  가방 및 신발 제조업,2
2024-07,케냐,도매 및 상품 중개업,4
2024-07,케냐,자동차 및 부품 판매업,3
2024-07,케이만군도,금융 및 보험 관련 서비스업,1
2024-07,코스타리카,고무 및 플라스틱제품 제조업,2
2024-07,코스타리카,도매 및 상품 중개업,2
2024-07,코스타리카,자동차 및 부품 판매업,4
2024-07,코트디부아르,화학물질 및 화학제품 제조업; 의약품 제외,3
2024-07,콜롬비아,고무 및 플라스틱제품 제조업,4
2024-07,콜롬비아,금속가공제품 제조업; 기계 및 가구 제외,3
2024-07,콜롬비아,도매 및 상품 중개업,5
2024-07,콜롬비아,섬유제품 제조업; 의복제외,4
2024-07,콜롬비아,소매업; 자동차 제외,4
2024-07,콜롬비아,식료품 제조업,2
2024-07,콜롬비아,의복  의복 액세서리 및 모피제품 제조업,4
2024-07,콜롬비아,자동차 및 부품 판매업,5
2024-07,콜롬비아,자동차 및 트레일러 제조업,4
2024-07,콜롬비아,전기장비 제조업,4
2024-07,콜롬비아,화학물질 및 화학제품 제조업; 의약품 제외,4
2024-07,쿠바,전기  가스  증기 및 공기조절 공급업,5
2024-07,쿠웨이트,자동차 및 부품 판매업,4
2024-07,크로아티아,개인 및 소비용품 수리업,2
2024-07,크로아티아,도매 및 상품 중개업,2
2024-07,탄자니아,가구 제조업,3
2024-07,탄자니아,도매 및 상품 중개업,3
2024-07,태국,1차 금속 제조업,4
2024-07,태국,가죽  가방 및 신발 제조업,2
2024-07,태국,고무 및 플라스틱제품 제조업,4
2024-07,태국,금속가공제품 제조업; 기계 및 가구 제외,4
2024-07,태국,기타 기계 및 장비 제조업,2
2024-07,태국,도매 및 상품 중개업,4
2024-07,태국,소매업; 자동차 제외,2
2024-07,태국,식료품 제조업,5
2024-07,태국,의료  정밀  광학기기 및 시계 제조업,2
2024-07,태국,자동차 및 부품 판매업,2
2024-07,태국,자동차 및 트레일러 제조업,2
2024-07,태국,전기장비 제조업,4
2024-07,태국,전문 서비스업,5
2024-07,태국,전자부품  컴퓨터  영상  음향 및 통신장비 제조업,4
2024-07,태국,창고 및 운송관련 서비스업,2
2024-07,태국,펄프  종이 및 종이제품 제조업,4
2024-07,태국,화학물질 및 화학제품 제조업; 의약품 제외,3
2024-07,튀니지,도매 및 상품 중개업,4
2024-07,튀르키예(구 터키),1차 금속 제조업,2
2024-07,튀르키예(구 터키),고무 및 플라스틱제품 제조업,5
2024-07,튀르키예(구 터키),금속가공제품 제조업; 기계 및 가구 제외,3
2024-07,튀르키예(구 터키),기타 기계 및 장비 제조업,5
2024-07,튀르키예(구 터키),기타 운송장비 제조업,3
2024-07,튀르키예(구 터키),도매 및 상품 중개업,5
2024-07,튀르키예(구 터키),목재 및 나무제품 제조업; 가구 제외,3
2024-07,튀르키예(구 터키),방송업,3
2024-07,튀르키예(구 터키),비금속 광물제품 제조업,3
2024-07,튀르키예(구 터키),산업용 기계 및 장비 수리업,3
2024-07,튀르키예(구 터키),섬유제품 제조업; 의복제외,5
2024-07,튀르키예(구 터키),의료용 물질 및 의약품 제조업,4
2024-07,튀르키예(구 터키),의복  의복 액세서리 및 모피제품 제조업,3
2024-07,튀르키예(구 터키),자동차 및 부품 판매업,2
2024-07,튀르키예(구 터키),자동차 및 트레일러 제조업,2
2024-07,튀르키예(구 터키),전기장비 제조업,2
2024-07,튀르키예(구 터키),전자부품  컴퓨터  영상  음향 및 통신장비 제조업,3
2024-07,튀르키예(구 터키),펄프  종이 및 종이제품 제조업,2
2024-07,튀르키예(구 터키),화학물질 및 화학제품 제조업; 의약품 제외,4
2024-07,트리니다드토바고,도매 및 상품 중개업,2
2024-07,트리니다드토바고,자동차 및 부품 판매업,2
2024-07,파나마,금융업,2
2024-07,파나마,도매 및 상품 중개업,4
2024-07,파나마,자동차 및 부품 판매업,5
2024-07,파나마,화학물질 및 화학제품 제조업; 의약품 제외,2
2024-07,파라과이,고무 및 플라스틱제품 제조업,5
2024-07,파라과이,기타 운송장비 제조업,2
2024-07,파라과이,도매 및 상품 중개업,2
2024-07,파라과이,소매업; 자동차 제외,2
2024-07,파라과이,자동차 및 부품 판매업,4
2024-07,파키스탄,도매 및 상품 중개업,4
2024-07,파키스탄,식료품 제조업,3
2024-07,파키스탄,전기장비 제조업,4
2024-07,파키스탄,펄프  종이 및 종이제품 제조업,3
2024-07,파키스탄,화학물질 및 화학제품 제조업; 의약품 제외,3
2024-07,페루,고무 및 플라스틱제품 제조업,4
2024-07,페루,금속가공제품 제조업; 기계 및 가구 제외,2
2024-07,페루,도매 및 상품 중개업,4
2024-07,페루,섬유제품 제조업; 의복제외,4
2024-07,페루,자동차 및 부품 판매업,4
2024-07,페루,자동차 및 트레일러 제조업,2
2024-07,페루,화학물질 및 화학제품 제조업; 의약품 제외,4
2024-07,포르투갈,고무 및 플라스틱제품 제조업,2
2024-07,포르투갈,기타 기계 및 장비 제조업,2
2024-07,포르투갈,도매 및 상품 중개업,4
2024-07,포르투갈,섬유제품 제조업; 의복제외,2
2024-07,포르투갈,자동차 및 부품 판매업,2
2024-07,포르투갈,전자부품  컴퓨터  영상  음향 및 통신장비 제조업,2
2024-07,포르투갈,컴퓨터 프로그래밍  시스템 통합 및 관리업,2
2024-07,폴란드,1차 금속 제조업,2
2024-07,폴란드,개인 및 소비용품 수리업,1
2024-07,폴란드,고무 및 플라스틱제품 제조업,3
2024-07,폴란드,금속가공제품 제조업; 기계 및 가구 제외,3
2024-07,폴란드,기타 기계 및 장비 제조업,3
2024-07,폴란드,도매 및 상품 중개업,3
2024-07,폴란드,산업용 기계 및 장비 수리업,2
2024-07,폴란드,섬유제품 제조업; 의복제외,3
2024-07,폴란드,소매업; 자동차 제외,2
2024-07,폴란드,식료품 제조업,2
2024-07,폴란드,의료용 물질 및 의약품 제조업,2
2024-07,폴란드,자동차 및 부품 판매업,3
2024-07,폴란드,자동차 및 트레일러 제조업,2
2024-07,폴란드,전기장비 제조업,2
2024-07,폴란드,전자부품  컴퓨터  영상  음향 및 통신장비 제조업,4
2024-07,폴란드,펄프  종이 및 종이제품 제조업,3
2024-07,폴란드,화학물질 및 화학제품 제조업; 의약품 제외,1
2024-07,푸에르토리코,도매 및 상품 중개업,2
2024-07,프랑스,개인 및 소비용품 수리업,2
2024-07,프랑스,건축기술  엔지니어링 및 기타 과학기술 서비스업,1
2024-07,프랑스,고무 및 플라스틱제품 제조업,1
2024-07,프랑스,금속가공제품 제조업; 기계 및 가구 제외,2
2024-07,프랑스,금융업,3
2024-07,프랑스,기타 기계 및 장비 제조업,2
2024-07,프랑스,도매 및 상품 중개업,3
2024-07,프랑스,부동산업,2
2024-07,프랑스,비금속 광물제품 제조업,2
2024-07,프랑스,섬유제품 제조업; 의복제외,1
2024-07,프랑스,소매업; 자동차 제외,3
2024-07,프랑스,수상 운송업,1
2024-07,프랑스,스포츠 및 오락관련 서비스업,2
2024-07,프랑스,식료품 제조업,1
2024-07,프랑스,의복  의복 액세서리 및 모피제품 제조업,2
2024-07,프랑스,자동차 및 부품 판매업,1
2024-07,프랑스,자동차 및 트레일러 제조업,3
2024-07,프랑스,전기장비 제조업,3
2024-07,프랑스,전문 서비스업,2
2024-07,프랑스,전문직별 공사업,2
2024-07,프랑스,전자부품  컴퓨터  영상  음향 및 통신장비 제조업,1
2024-07,프랑스,화학물질 및 화학제품 제조업; 의약품 제외,1
2024-07,핀란드,고무 및 플라스틱제품 제조업,1
2024-07,핀란드,도매 및 상품 중개업,1
2024-07,핀란드,자동차 및 부품 판매업,2
2024-07,핀란드,전기장비 제조업,2
2024-07,핀란드,전자부품  컴퓨터  영상  음향 및 통신장비 제조업,2
2024-07,핀란드,출판업,1
2024-07,필리핀,고무 및 플라스틱제품 제조업,3
2024-07,필리핀,기타 운송장비 제조업,3
2024-07,필리핀,도매 및 상품 중개업,5
2024-07,필리핀,식료품 제조업,4
2024-07,필리핀,자동차 및 부품 판매업,4
2024-07,필리핀,자동차 및 트레일러 제조업,2
2024-07,필리핀,전기장비 제조업,3
2024-07,필리핀,전자부품  컴퓨터  영상  음향 및 통신장비 제조업,2
2024-07,필리핀,펄프  종이 및 종이제품 제조업,3
2024-07,필리핀,항공 운송업,3
2024-07,필리핀,화학물질 및 화학제품 제조업; 의약품 제외,5
2024-07,헝가리,개인 및 소비용품 수리업,2
2024-07,헝가리,고무 및 플라스틱제품 제조업,2
2024-07,헝가리,기타 기계 및 장비 제조업,2
2024-07,헝가리,도매 및 상품 중개업,2
2024-07,헝가리,식료품 제조업,1
2024-07,헝가리,연구개발업,2
2024-07,헝가리,자동차 및 부품 판매업,2
2024-07,헝가리,자동차 및 트레일러 제조업,1
2024-07,헝가리,전기장비 제조업,2
2024-07,헝가리,전자부품  컴퓨터  영상  음향 및 통신장비 제조업,2
2024-07,호주,1차 금속 제조업,3
2024-07,호주,고무 및 플라스틱제품 제조업,3
2024-07,호주,금속가공제품 제조업; 기계 및 가구 제외,3
2024-07,호주,기타 기계 및 장비 제조업,3
2024-07,호주,기타 제품 제조업,3
2024-07,호주,도매 및 상품 중개업,3
2024-07,호주,섬유제품 제조업; 의복제외,1
2024-07,호주,소매업; 자동차 제외,4
2024-07,호주,우편 및 통신업,2
2024-07,호주,인쇄 및 기록매체 복제업,5
2024-07,호주,자동차 및 부품 판매업,4
2024-07,호주,자동차 및 트레일러 제조업,1
2024-07,호주,전기장비 제조업,2
2024-07,호주,출판업,3
2024-07,호주,컴퓨터 프로그래밍  시스템 통합 및 관리업,1
2024-07,호주,펄프  종이 및 종이제품 제조업,2
2024-07,호주,화학물질 및 화학제품 제조업; 의약품 제외,3
2024-07,홍콩,가죽  가방 및 신발 제조업,2
2024-07,홍콩,금융업,4
2024-07,홍콩,기타 기계 및 장비 제조업,2
2024-07,홍콩,기타 제품 제조업,2
2024-07,홍콩,도매 및 상품 중개업,4
2024-07,홍콩,소매업; 자동차 제외,4
2024-07,홍콩,의료  정밀  광학기기 및 시계 제조업,2
2024-07,홍콩,자동차 및 부품 판매업,2
2024-07,홍콩,전기장비 제조업,3
2024-07,홍콩,전자부품  컴퓨터  영상  음향 및 통신장비 제조업,2
2024-07,홍콩,창고 및 운송관련 서비스업,2
2024-07,홍콩,출판업,2
2024-07,홍콩,항공 운송업,2
2024-06,가나,화학물질 및 화학제품 제조업; 의약품 제외,2
2024-06,가이아나,도매 및 상품 중개업,2
2024-06,과테말라,도매 및 상품 중개업,3
2024-06,과테말라,섬유제품 제조업; 의복제외,4
2024-06,과테말라,자동차 및 부품 판매업,4
2024-06,괌,도매 및 상품 중개업,2
2024-06,그리스,도매 및 상품 중개업,3
2024-06,그리스,자동차 및 부품 판매업,3
2024-06,그리스,창고 및 운송관련 서비스업,5
2024-06,그리스,펄프  종이 및 종이제품 제조업,2
2024-06,나이지리아,도매 및 상품 중개업,4
2024-06,나이지리아,컴퓨터 프로그래밍  시스템 통합 및 관리업,3
2024-06,남아프리카공화국,1차 금속 제조업,4
2024-06,남아프리카공화국,개인 및 소비용품 수리업,2
2024-06,남아프리카공화국,고무 및 플라스틱제품 제조업,4
2024-06,남아프리카공화국,기타 기계 및 장비 제조업,4
2024-06,남아프리카공화국,도매 및 상품 중개업,4
2024-06,남아프리카공화국,섬유제품 제조업; 의복제외,5
2024-06,남아프리카공화국,소매업; 자동차 제외,3
2024-06,남아프리카공화국,임대업; 부동산 제외,2
2024-06,남아프리카공화국,자동차 및 부품 판매업,3
2024-06,남아프리카공화국,자동차 및 트레일러 제조업,2
2024-06,남아프리카공화국,전기  가스  증기 및 공기조절 공급업,2
2024-06,남아프리카공화국,전기장비 제조업,4
2024-06,남아프리카공화국,전문직별 공사업,4
2024-06,남아프리카공화국,전자부품  컴퓨터  영상  음향 및 통신장비 제조업,2
2024-06,남아프리카공화국,출판업,3
2024-06,남아프리카공화국,펄프  종이 및 종이제품 제조업,2
2024-06,남아프리카공화국,화학물질 및 화학제품 제조업; 의약품 제외,2
2024-06,네덜란드,1차 금속 제조업,2
2024-06,네덜란드,고무 및 플라스틱제품 제조업,1
2024-06,네덜란드,금속가공제품 제조업; 기계 및 가구 제외,3
2024-06,네덜란드,금융업,3
2024-06,네덜란드,기타 기계 및 장비 제조업,3
2024-06,네덜란드,도매 및 상품 중개업,3
2024-06,네덜란드,섬유제품 제조업; 의복제외,2
2024-06,네덜란드,식료품 제조업,1
2024-06,네덜란드,육상운송 및 파이프라인 운송업,1
2024-06,네덜란드,임대업; 부동산 제외,2
2024-06,네덜란드,자동차 및 부품 판매업,4
2024-06,네덜란드,자동차 및 트레일러 제조업,3
2024-06,네덜란드,전기장비 제조업,1
2024-06,네덜란드,전문 서비스업,3
2024-06,네덜란드,전자부품  컴퓨터  영상  음향 및 통신장비 제조업,1
2024-06,네덜란드,컴퓨터 프로그래밍  시스템 통합 및 관리업,1
2024-06,네덜란드,펄프  종이 및 종이제품 제조업,1
2024-06,네덜란드,화학물질 및 화학제품 제조업; 의약품 제외,4
2024-06,노르웨이,도매 및 상품 중개업,3
2024-06,노르웨이,수상 운송업,1
2024-06,노르웨이,의복  의복 액세서리 및 모피제품 제조업,1
2024-06,노르웨이,자동차 및 부품 판매업,2
2024-06,뉴질랜드,1차 금속 제조업,1
2024-06,뉴질랜드,도매 및 상품 중개업,3
2024-06,뉴질랜드,소매업; 자동차 제외,1
2024-06,뉴질랜드,자동차 및 부품 판매업,2
2024-06,뉴질랜드,펄프  종이 및 종이제품 제조업,5
2024-06,뉴질랜드,화학물질 및 화학제품 제조업; 의약품 제외,1
2024-06,뉴칼레도니아,도매 및 상품 중개업,2
2024-06,니카라과,자동차 및 부품 판매업,4
2024-06,대만,1차 금속 제조업,2
2024-06,대만,가죽  가방 및 신발 제조업,1
2024-06,대만,건축기술  엔지니어링 및 기타 과학기술 서비스업,1
2024-06,대만,고무 및 플라스틱제품 제조업,2
2024-06,대만,금속가공제품 제조업; 기계 및 가구 제외,2
2024-06,대만,금융업,5
2024-06,대만,기타 기계 및 장비 제조업,2
2024-06,대만,기타 운송장비 제조업,1
2024-06,대만,도매 및 상품 중개업,3
2024-06,대만,비금속 광물제품 제조업,1
2024-06,대만,섬유제품 제조업; 의복제외,1
2024-06,대만,소매업; 자동차 제외,1
2024-06,대만,식료품 제조업,1
2024-06,대만,의료  정밀  광학기기 및 시계 제조업,2
2024-06,대만,자동차 및 부품 판매업,2
2024-06,대만,전기장비 제조업,4
2024-06,대만,전자부품  컴퓨터  영상  음향 및 통신장비 제조업,4
2024-06,대만,출판업,2
2024-06,대만,펄프  종이 및 종이제품 제조업,2
2024-06,대만,항공 운송업,5
2024-06,대만,화학물질 및 화학제품 제조업; 의약품 제외,3
2024-06,덴마크,국제 및 외국기관,5
2024-06,덴마크,기타 기계 및 장비 제조업,1
2024-06,덴마크,도매 및 상품 중개업,3
2024-06,덴마크,식료품 제조업,1
2024-06,덴마크,연구개발업,1
2024-06,덴마크,자동차 및 부품 판매업,2
2024-06,덴마크,전문 서비스업,1
2024-06,도미니카공화국,도매 및 상품 중개업,4
2024-06,도미니카공화국,자동차 및 부품 판매업,4
2024-06,독일,1차 금속 제조업,2
2024-06,독일,개인 및 소비용품 수리업,2
2024-06,독일,고무 및 플라스틱제품 제조업,3
2024-06,독일,금속가공제품 제조업; 기계 및 가구 제외,3
2024-06,독일,금융업,1
2024-06,독일,기타 기계 및 장비 제조업,3
2024-06,독일,기타 운송장비 제조업,1
2024-06,독일,기타 제품 제조업,3
2024-06,독일,도매 및 상품 중개업,3
2024-06,독일,비금속 광물제품 제조업,3
2024-06,독일,사업지원 서비스업,1
2024-06,독일,산업용 기계 및 장비 수리업,1
2024-06,독일,섬유제품 제조업; 의복제외,4
2024-06,독일,소매업; 자동차 제외,4
2024-06,독일,수상 운송업,1
2024-06,독일,식료품 제조업,1
2024-06,독일,우편 및 통신업,1
2024-06,독일,의료  정밀  광학기기 및 시계 제조업,1
2024-06,독일,의료용 물질 및 의약품 제조업,2
2024-06,독일,의복  의복 액세서리 및 모피제품 제조업,1
2024-06,독일,자동차 및 부품 판매업,3
2024-06,독일,자동차 및 트레일러 제조업,3
2024-06,독일,전기  가스  증기 및 공기조절 공급업,4
2024-06,독일,전기장비 제조업,3
2024-06,독일,전문 서비스업,3
2024-06,독일,전자부품  컴퓨터  영상  음향 및 통신장비 제조업,3
2024-06,독일,컴퓨터 프로그래밍  시스템 통합 및 관리업,2
2024-06,독일,코크스  연탄 및 석유정제품 제조업,3
2024-06,독일,펄프  종이 및 종이제품 제조업,1
2024-06,독일,화학물질 및 화학제품 제조업; 의약품 제외,3
2024-06,라오스,도매 및 상품 중개업,5
2024-06,라트비아,도매 및 상품 중개업,1
2024-06,라트비아,자동차 및 부품 판매업,2
2024-06,러시아,고무 및 플라스틱제품 제조업,4
2024-06,러시아,금속가공제품 제조업; 기계 및 가구 제외,3
2024-06,러시아,담배 제조업,3
2024-06,러시아,도매 및 상품 중개업,4
2024-06,러시아,비금속 광물제품 제조업,2
2024-06,러시아,소매업; 자동차 제외,4
2024-06,러시아,식료품 제조업,2
2024-06,러시아,의료용 물질 및 의약품 제조업,3
2024-06,러시아,자동차 및 부품 판매업,4
2024-06,러시아,자동차 및 트레일러 제조업,4
2024-06,러시아,전기장비 제조업,4
2024-06,러시아,펄프  종이 및 종이제품 제조업,3
2024-06,러시아,화학물질 및 화학제품 제조업; 의약품 제외,2
2024-06,레바논,도매 및 상품 중개업,5
2024-06,레바논,자동차 및 부품 판매업,4
2024-06,루마니아,고무 및 플라스틱제품 제조업,3
2024-06,루마니아,기타 기계 및 장비 제조업,2
2024-06,루마니아,도매 및 상품 중개업,4
2024-06,루마니아,자동차 및 부품 판매업,2
2024-06,루마니아,자동차 및 트레일러 제조업,4
2024-06,루마니아,전기장비 제조업,1
2024-06,룩셈부르크,고무 및 플라스틱제품 제조업,1
2024-06,룩셈부르크,금융업,4
2024-06,룩셈부르크,사업지원 서비스업,5
2024-06,룩셈부르크,전기  가스  증기 및 공기조절 공급업,1
2024-06,리투아니아,도매 및 상품 중개업,3
2024-06,리투아니아,사업지원 서비스업,2
2024-06,리투아니아,자동차 및 부품 판매업,1
2024-06,리투아니아,화학물질 및 화학제품 제조업; 의약품 제외,2
2024-06,리히텐슈타인,금속가공제품 제조업; 기계 및 가구 제외,2
2024-06,리히텐슈타인,기타 기계 및 장비 제조업,2
2024-06,마카오,도매 및 상품 중개업,3
2024-06,마카오,사업지원 서비스업,2
2024-06,마카오,소매업; 자동차 제외,2
2024-06,말라위,화학물질 및 화학제품 제조업; 의약품 제외,3
2024-06,말레이시아,1차 금속 제조업,2
2024-06,말레이시아,개인 및 소비용품 수리업,2
2024-06,말레이시아,고무 및 플라스틱제품 제조업,4
2024-06,말레이시아,금속가공제품 제조업; 기계 및 가구 제외,4
2024-06,말레이시아,금융업,4
2024-06,말레이시아,기타 기계 및 장비 제조업,4
2024-06,말레이시아,기타 운송장비 제조업,2
2024-06,말레이시아,도매 및 상품 중개업,4
2024-06,말레이시아,사업지원 서비스업,4
2024-06,말레이시아,식료품 제조업,2
2024-06,말레이시아,의복  의복 액세서리 및 모피제품 제조업,2
2024-06,말레이시아,인쇄 및 기록매체 복제업,2
2024-06,말레이시아,자동차 및 부품 판매업,4
2024-06,말레이시아,자동차 및 트레일러 제조업,2
2024-06,말레이시아,전기장비 제조업,3
2024-06,말레이시아,전자부품  컴퓨터  영상  음향 및 통신장비 제조업,2
2024-06,말레이시아,창고 및 운송관련 서비스업,2
2024-06,말레이시아,펄프  종이 및 종이제품 제조업,2
2024-06,말레이시아,화학물질 및 화학제품 제조업; 의약품 제외,4
2024-06,멕시코,1차 금속 제조업,4
2024-06,멕시코,고무 및 플라스틱제품 제조업,4
2024-06,멕시코,금속가공제품 제조업; 기계 및 가구 제외,4
2024-06,멕시코,기타 기계 및 장비 제조업,2
2024-06,멕시코,도매 및 상품 중개업,4
2024-06,멕시코,섬유제품 제조업; 의복제외,4
2024-06,멕시코,소매업; 자동차 제외,2
2024-06,멕시코,식료품 제조업,2
2024-06,멕시코,의복  의복 액세서리 및 모피제품 제조업,4
2024-06,멕시코,자동차 및 부품 판매업,4
2024-06,멕시코,자동차 및 트레일러 제조업,3
2024-06,멕시코,전기장비 제조업,4
2024-06,멕시코,전문 서비스업,4
2024-06,멕시코,전자부품  컴퓨터  영상  음향 및 통신장비 제조업,2
2024-06,멕시코,종합 건설업,4
2024-06,멕시코,컴퓨터 프로그래밍  시스템 통합 및 관리업,4
2024-06,멕시코,펄프  종이 및 종이제품 제조업,2
2024-06,멕시코,화학물질 및 화학제품 제조업; 의약품 제외,4
2024-06,모로코,가구 제조업,3
2024-06,모로코,도매 및 상품 중개업,2
2024-06,모로코,자동차 및 부품 판매업,4
2024-06,모리셔스,도매 및 상품 중개업,4
2024-06,몰타,도매 및 상품 중개업,2
2024-06,몰타,자동차 및 부품 판매업,1
2024-06,몽골,도매 및 상품 중개업,4
2024-06,미국,1차 금속 제조업,2
2024-06,미국,가구 제조업,2
2024-06,미국,가죽  가방 및 신발 제조업,4
2024-06,미국,건축기술  엔지니어링 및 기타 과학기술 서비스업,1
2024-06,미국,고무 및 플라스틱제품 제조업,3
2024-06,미국,공공행정  국방 및 사회보장 행정,2
2024-06,미국,금속가공제품 제조업; 기계 및 가구 제외,3
2024-06,미국,기타 기계 및 장비 제조업,3
2024-06,미국,기타 운송장비 제조업,1
2024-06,미국,기타 제품 제조업,3
2024-06,미국,도매 및 상품 중개업,3
2024-06,미국,목재 및 나무제품 제조업; 가구 제외,2
2024-06,미국,비금속 광물제품 제조업,3
2024-06,미국,사업지원 서비스업,3
2024-06,미국,산업용 기계 및 장비 수리업,1
2024-06,미국,섬유제품 제조업; 의복제외,5
2024-06,미국,소매업; 자동차 제외,4
2024-06,미국,식료품 제조업,2
2024-06,미국,영상ㆍ오디오 기록물 제작 및 배급업,2
2024-06,미국,우편 및 통신업,3
2024-06,미국,육상운송 및 파이프라인 운송업,2
2024-06,미국,음료 제조업,4
2024-06,미국,음식점 및 주점업,2
2024-06,미국,의료  정밀  광학기기 및 시계 제조업,3
2024-06,미국,의료용 물질 및 의약품 제조업,3
2024-06,미국,의복  의복 액세서리 및 모피제품 제조업,4
2024-06,미국,인쇄 및 기록매체 복제업,2
2024-06,미국,자동차 및 부품 판매업,3
2024-06,미국,자동차 및 트레일러 제조업,3
2024-06,미국,전기  가스  증기 및 공기조절 공급업,4
2024-06,미국,전기장비 제조업,4
2024-06,미국,전문 서비스업,3
2024-06,미국,전문직별 공사업,3
2024-06,미국,전자부품  컴퓨터  영상  음향 및 통신장비 제조업,4
2024-06,미국,정보서비스업,2
2024-06,미국,창고 및 운송관련 서비스업,2
2024-06,미국,출판업,4
2024-06,미국,펄프  종이 및 종이제품 제조업,3
2024-06,미국,항공 운송업,1
2024-06,미국,화학물질 및 화학제품 제조업; 의약품 제외,3
2024-06,미얀마,공공행정  국방 및 사회보장 행정,3
2024-06,미얀마,도매 및 상품 중개업,5
2024-06,바레인,종합 건설업,5
2024-06,바베이도스,금융 및 보험 관련 서비스업,1
2024-06,바하마,도매 및 상품 중개업,2
2024-06,방글라데시,도매 및 상품 중개업,3
2024-06,방글라데시,의복  의복 액세서리 및 모피제품 제조업,3
2024-06,베트남,1차 금속 제조업,4
2024-06,베트남,가구 제조업,3
2024-06,베트남,가죽  가방 및 신발 제조업,5
2024-06,베트남,고무 및 플라스틱제품 제조업,5
2024-06,베트남,금속가공제품 제조업; 기계 및 가구 제외,5
2024-06,베트남,기타 기계 및 장비 제조업,4
2024-06,베트남,기타 운송장비 제조업,2
2024-06,베트남,기타 제품 제조업,4
2024-06,베트남,도매 및 상품 중개업,5
2024-06,베트남,목재 및 나무제품 제조업; 가구 제외,3
2024-06,베트남,비금속 광물제품 제조업,2
2024-06,베트남,산업용 기계 및 장비 수리업,4
2024-06,베트남,섬유제품 제조업; 의복제외,4
2024-06,베트남,식료품 제조업,4
2024-06,베트남,음료 제조업,2
2024-06,베트남,의료  정밀  광학기기 및 시계 제조업,3
2024-06,베트남,의복  의복 액세서리 및 모피제품 제조업,4
2024-06,베트남,자동차 및 부품 판매업,3
2024-06,베트남,자동차 및 트레일러 제조업,5
2024-06,베트남,전기장비 제조업,4
2024-06,베트남,전문직별 공사업,2
2024-06,베트남,전자부품  컴퓨터  영상  음향 및 통신장비 제조업,4
2024-06,베트남,창고 및 운송관련 서비스업,2
2024-06,베트남,코크스  연탄 및 석유정제품 제조업,3
2024-06,베트남,펄프  종이 및 종이제품 제조업,4
2024-06,베트남,화학물질 및 화학제품 제조업; 의약품 제외,4
2024-06,벨기에,고무 및 플라스틱제품 제조업,3
2024-06,벨기에,금속가공제품 제조업; 기계 및 가구 제외,3
2024-06,벨기에,기타 기계 및 장비 제조업,3
2024-06,벨기에,도매 및 상품 중개업,1
2024-06,벨기에,섬유제품 제조업; 의복제외,4
2024-06,벨기에,의복  의복 액세서리 및 모피제품 제조업,2
2024-06,벨기에,자동차 및 트레일러 제조업,1
2024-06,벨기에,전기장비 제조업,1
2024-06,벨기에,창고 및 운송관련 서비스업,1
2024-06,벨기에,화학물질 및 화학제품 제조업; 의약품 제외,2
2024-06,벨라루스,자동차 및 부품 판매업,2
2024-06,벨라루스,종합 건설업,3
2024-06,보스니아-헤르체코비나,자동차 및 부품 판매업,2
2024-06,볼리비아,도매 및 상품 중개업,4
2024-06,볼리비아,자동차 및 부품 판매업,4
2024-06,불가리아,기타 제품 제조업,2
2024-06,불가리아,도매 및 상품 중개업,4
2024-06,불가리아,자동차 및 부품 판매업,4
2024-06,불가리아,펄프  종이 및 종이제품 제조업,2
2024-06,브라질,1차 금속 제조업,4
2024-06,브라질,가죽  가방 및 신발 제조업,3
2024-06,브라질,고무 및 플라스틱제품 제조업,4
2024-06,브라질,금속가공제품 제조업; 기계 및 가구 제외,2
2024-06,브라질,기타 기계 및 장비 제조업,2
2024-06,브라질,도매 및 상품 중개업,4
2024-06,브라질,사업지원 서비스업,4
2024-06,브라질,섬유제품 제조업; 의복제외,4
2024-06,브라질,소매업; 자동차 제외,4
2024-06,브라질,식료품 제조업,3
2024-06,브라질,의료  정밀  광학기기 및 시계 제조업,2
2024-06,브라질,의료용 물질 및 의약품 제조업,2
2024-06,브라질,의복  의복 액세서리 및 모피제품 제조업,4
2024-06,브라질,자동차 및 부품 판매업,4
2024-06,브라질,자동차 및 트레일러 제조업,4
2024-06,브라질,전기장비 제조업,2
2024-06,브라질,전문 서비스업,4
2024-06,브라질,전자부품  컴퓨터  영상  음향 및 통신장비 제조업,4
2024-06,브라질,컴퓨터 프로그래밍  시스템 통합 및 관리업,2
2024-06,브라질,펄프  종이 및 종이제품 제조업,5
2024-06,브라질,화학물질 및 화학제품 제조업; 의약품 제외,4
2024-06,사우디아라비아,가구 제조업,4
2024-06,사우디아라비아,고무 및 플라스틱제품 제조업,2
2024-06,사우디아라비아,금속가공제품 제조업; 기계 및 가구 제외,5
2024-06,사우디아라비아,기타 기계 및 장비 제조업,4
2024-06,사우디아라비아,도매 및 상품 중개업,4
2024-06,사우디아라비아,비금속 광물제품 제조업,2
2024-06,사우디아라비아,사업지원 서비스업,4
2024-06,사우디아라비아,소매업; 자동차 제외,2
2024-06,사우디아라비아,수상 운송업,2
2024-06,사우디아라비아,자동차 및 부품 판매업,4
2024-06,사우디아라비아,전기장비 제조업,2
2024-06,사우디아라비아,전문직별 공사업,2
2024-06,사우디아라비아,화학물질 및 화학제품 제조업; 의약품 제외,4
2024-06,사이프러스,도매 및 상품 중개업,2
2024-06,세르비아,도매 및 상품 중개업,2
2024-06,세르비아,자동차 및 부품 판매업,4
2024-06,세르비아,화학물질 및 화학제품 제조업; 의약품 제외,2
2024-06,세이셸,자동차 및 트레일러 제조업,2
2024-06,수리남,도매 및 상품 중개업,3
2024-06,스리랑카,고무 및 플라스틱제품 제조업,2
2024-06,스리랑카,도매 및 상품 중개업,5
2024-06,스리랑카,섬유제품 제조업; 의복제외,3
2024-06,스리랑카,의복  의복 액세서리 및 모피제품 제조업,3
2024-06,스리랑카,자동차 및 트레일러 제조업,2
2024-06,스웨덴,고무 및 플라스틱제품 제조업,1
2024-06,스웨덴,금속가공제품 제조업; 기계 및 가구 제외,3
2024-06,스웨덴,기타 기계 및 장비 제조업,1
2024-06,스웨덴,도매 및 상품 중개업,3
2024-06,스웨덴,섬유제품 제조업; 의복제외,2
2024-06,스웨덴,연구개발업,1
2024-06,스웨덴,자동차 및 부품 판매업,1
2024-06,스웨덴,자동차 및 트레일러 제조업,1
2024-06,스웨덴,전기장비 제조업,1
2024-06,스웨덴,전문 서비스업,2
2024-06,스웨덴,컴퓨터 프로그래밍  시스템 통합 및 관리업,1
2024-06,스웨덴,펄프  종이 및 종이제품 제조업,2
2024-06,스위스,고무 및 플라스틱제품 제조업,1
2024-06,스위스,기타 기계 및 장비 제조업,1
2024-06,스위스,기타 운송장비 제조업,1
2024-06,스위스,담배 제조업,1
2024-06,스위스,도매 및 상품 중개업,3
2024-06,스위스,사업지원 서비스업,4
2024-06,스위스,의료  정밀  광학기기 및 시계 제조업,1
2024-06,스위스,의복  의복 액세서리 및 모피제품 제조업,1
2024-06,스위스,임대업; 부동산 제외,2
2024-06,스위스,자동차 및 부품 판매업,2
2024-06,스위스,전자부품  컴퓨터  영상  음향 및 통신장비 제조업,2
2024-06,스위스,화학물질 및 화학제품 제조업; 의약품 제외,1
2024-06,스페인,1차 금속 제조업,1
2024-06,스페인,개인 및 소비용품 수리업,3
2024-06,스페인,건축기술  엔지니어링 및 기타 과학기술 서비스업,2
2024-06,스페인,고무 및 플라스틱제품 제조업,3
2024-06,스페인,금속가공제품 제조업; 기계 및 가구 제외,1
2024-06,스페인,기타 기계 및 장비 제조업,1
2024-06,스페인,기타 제품 제조업,2
2024-06,스페인,도매 및 상품 중개업,3
2024-06,스페인,섬유제품 제조업; 의복제외,3
2024-06,스페인,소매업; 자동차 제외,4
2024-06,스페인,의료  정밀  광학기기 및 시계 제조업,1
2024-06,스페인,의료용 물질 및 의약품 제조업,4
2024-06,스페인,자동차 및 부품 판매업,3
2024-06,스페인,자동차 및 트레일러 제조업,3
2024-06,스페인,전기  가스  증기 및 공기조절 공급업,2
2024-06,스페인,전기장비 제조업,2
2024-06,스페인,전자부품  컴퓨터  영상  음향 및 통신장비 제조업,1
2024-06,스페인,펄프  종이 및 종이제품 제조업,1
2024-06,스페인,화학물질 및 화학제품 제조업; 의약품 제외,3
2024-06,슬로바키아,고무 및 플라스틱제품 제조업,3
2024-06,슬로바키아,기타 기계 및 장비 제조업,1
2024-06,슬로바키아,도매 및 상품 중개업,1
2024-06,슬로바키아,소매업; 자동차 제외,1
2024-06,슬로바키아,의료  정밀  광학기기 및 시계 제조업,2
2024-06,슬로바키아,자동차 및 트레일러 제조업,2
2024-06,슬로베니아,도매 및 상품 중개업,1
2024-06,슬로베니아,자동차 및 부품 판매업,1
2024-06,슬로베니아,전기장비 제조업,2
2024-06,슬로베니아,화학물질 및 화학제품 제조업; 의약품 제외,1
2024-06,싱가포르,1차 금속 제조업,1
2024-06,싱가포르,고무 및 플라스틱제품 제조업,2
2024-06,싱가포르,금속가공제품 제조업; 기계 및 가구 제외,1
2024-06,싱가포르,금융업,2
2024-06,싱가포르,기타 기계 및 장비 제조업,1
2024-06,싱가포르,기타 운송장비 제조업,3
2024-06,싱가포르,도매 및 상품 중개업,3
2024-06,싱가포르,소매업; 자동차 제외,1
2024-06,싱가포르,식료품 제조업,4
2024-06,싱가포르,연구개발업,1
2024-06,싱가포르,음료 제조업,2
2024-06,싱가포르,인쇄 및 기록매체 복제업,1
2024-06,싱가포르,자동차 및 부품 판매업,2
2024-06,싱가포르,전기장비 제조업,1
2024-06,싱가포르,전자부품  컴퓨터  영상  음향 및 통신장비 제조업,3
2024-06,싱가포르,창고 및 운송관련 서비스업,1
2024-06,싱가포르,출판업,1
2024-06,싱가포르,코크스  연탄 및 석유정제품 제조업,3
2024-06,싱가포르,펄프  종이 및 종이제품 제조업,1
2024-06,싱가포르,폐기물 수집  운반  처리 및 원료 재생업,5
2024-06,싱가포르,화학물질 및 화학제품 제조업; 의약품 제외,3
2024-06,아랍에미리트 연합,1차 금속 제조업,2
2024-06,아랍에미리트 연합,고무 및 플라스틱제품 제조업,4
2024-06,아랍에미리트 연합,금속가공제품 제조업; 기계 및 가구 제외,4
2024-06,아랍에미리트 연합,도매 및 상품 중개업,4
2024-06,아랍에미리트 연합,소매업; 자동차 제외,5
2024-06,아랍에미리트 연합,자동차 및 부품 판매업,4
2024-06,아랍에미리트 연합,전기장비 제조업,2
2024-06,아랍에미리트 연합,종합 건설업,5
2024-06,아랍에미리트 연합,컴퓨터 프로그래밍  시스템 통합 및 관리업,2
2024-06,아랍에미리트 연합,펄프  종이 및 종이제품 제조업,2
2024-06,아랍에미리트 연합,화학물질 및 화학제품 제조업; 의약품 제외,4
2024-06,아르헨티나,고무 및 플라스틱제품 제조업,4
2024-06,아르헨티나,기타 기계 및 장비 제조업,2
2024-06,아르헨티나,도매 및 상품 중개업,4
2024-06,아르헨티나,섬유제품 제조업; 의복제외,4
2024-06,아르헨티나,소매업; 자동차 제외,4
2024-06,아르헨티나,자동차 및 부품 판매업,2
2024-06,아르헨티나,전기장비 제조업,4
2024-06,아르헨티나,전자부품  컴퓨터  영상  음향 및 통신장비 제조업,2
2024-06,아르헨티나,펄프  종이 및 종이제품 제조업,4
2024-06,아르헨티나,화학물질 및 화학제품 제조업; 의약품 제외,4
2024-06,아이슬란드,고무 및 플라스틱제품 제조업,1
2024-06,아이티,자동차 및 부품 판매업,3
2024-06,아일랜드,고무 및 플라스틱제품 제조업,1
2024-06,아일랜드,도매 및 상품 중개업,2
2024-06,아일랜드,자동차 및 부품 판매업,2
2024-06,아일랜드,전자부품  컴퓨터  영상  음향 및 통신장비 제조업,1
2024-06,아일랜드,컴퓨터 프로그래밍  시스템 통합 및 관리업,2
2024-06,아일랜드,코크스  연탄 및 석유정제품 제조업,1
2024-06,아제르바이잔,자동차 및 부품 판매업,2
2024-06,알제리,자동차 및 부품 판매업,3
2024-06,알제리,전기장비 제조업,4
2024-06,알제리,전자부품  컴퓨터  영상  음향 및 통신장비 제조업,2
2024-06,알제리,화학물질 및 화학제품 제조업; 의약품 제외,3
2024-06,에콰도르,고무 및 플라스틱제품 제조업,4
2024-06,에콰도르,금속가공제품 제조업; 기계 및 가구 제외,3
2024-06,에콰도르,도매 및 상품 중개업,4
2024-06,에콰도르,식료품 제조업,2
2024-06,에콰도르,자동차 및 부품 판매업,4
2024-06,에콰도르,자동차 및 트레일러 제조업,2
2024-06,에콰도르,전기장비 제조업,3
2024-06,에콰도르,화학물질 및 화학제품 제조업; 의약품 제외,3
2024-06,엘살바도르,도매 및 상품 중개업,4
2024-06,엘살바도르,섬유제품 제조업; 의복제외,2
2024-06,엘살바도르,자동차 및 부품 판매업,4
2024-06,영국,1차 금속 제조업,3
2024-06,영국,개인 및 소비용품 수리업,2
2024-06,영국,고무 및 플라스틱제품 제조업,3
2024-06,영국,금속가공제품 제조업; 기계 및 가구 제외,3
2024-06,영국,금융업,3
2024-06,영국,기타 개인 서비스업,2
2024-06,영국,기타 기계 및 장비 제조업,3
2024-06,영국,기타 운송장비 제조업,2
2024-06,영국,기타 전문  과학 및 기술 서비스업,1
2024-06,영국,기타 제품 제조업,3
2024-06,영국,도매 및 상품 중개업,3
2024-06,영국,사업지원 서비스업,4
2024-06,영국,섬유제품 제조업; 의복제외,4
2024-06,영국,소매업; 자동차 제외,3
2024-06,영국,스포츠 및 오락관련 서비스업,1
2024-06,영국,식료품 제조업,1
2024-06,영국,우편 및 통신업,3
2024-06,영국,의료  정밀  광학기기 및 시계 제조업,2
2024-06,영국,의복  의복 액세서리 및 모피제품 제조업,1
2024-06,영국,자동차 및 부품 판매업,3
2024-06,영국,자동차 및 트레일러 제조업,1
2024-06,영국,전기장비 제조업,2
2024-06,영국,전문 서비스업,1
2024-06,영국,전문직별 공사업,1
2024-06,영국,전자부품  컴퓨터  영상  음향 및 통신장비 제조업,4
2024-06,영국,창고 및 운송관련 서비스업,1
2024-06,영국,출판업,2
2024-06,영국,컴퓨터 프로그래밍  시스템 통합 및 관리업,2
2024-06,영국,펄프  종이 및 종이제품 제조업,1
2024-06,영국,화학물질 및 화학제품 제조업; 의약품 제외,3
2024-06,오만,도매 및 상품 중개업,4
2024-06,오스트리아,고무 및 플라스틱제품 제조업,1
2024-06,오스트리아,금융업,1
2024-06,오스트리아,도매 및 상품 중개업,3
2024-06,오스트리아,자동차 및 부품 판매업,3
2024-06,오스트리아,자동차 및 트레일러 제조업,3
2024-06,오스트리아,전기장비 제조업,1
2024-06,온두라스,도매 및 상품 중개업,3
2024-06,온두라스,섬유제품 제조업; 의복제외,2
2024-06,온두라스,자동차 및 부품 판매업,3
2024-06,요르단,도매 및 상품 중개업,4
2024-06,요르단,자동차 및 부품 판매업,2
2024-06,우루과이,도매 및 상품 중개업,2
2024-06,우즈베키스탄,고무 및 플라스틱제품 제조업,3
2024-06,우즈베키스탄,자동차 및 트레일러 제조업,3
2024-06,우즈베키스탄,전기장비 제조업,4
2024-06,우크라이나,고무 및 플라스틱제품 제조업,4
2024-06,우크라이나,도매 및 상품 중개업,2
2024-06,우크라이나,자동차 및 부품 판매업,2
2024-06,이라크,자동차 및 부품 판매업,4
2024-06,이란,고무 및 플라스틱제품 제조업,5
2024-06,이란,기타 기계 및 장비 제조업,4
2024-06,이란,도매 및 상품 중개업,5
2024-06,이란,소매업; 자동차 제외,5
2024-06,이란,자동차 및 부품 판매업,5
2024-06,이란,자동차 및 트레일러 제조업,5
2024-06,이란,전기장비 제조업,5
2024-06,이란,화학물질 및 화학제품 제조업; 의약품 제외,4
2024-06,이스라엘,고무 및 플라스틱제품 제조업,4
2024-06,이스라엘,금융업,2
2024-06,이스라엘,기타 기계 및 장비 제조업,4
2024-06,이스라엘,도매 및 상품 중개업,4
2024-06,이스라엘,의료  정밀  광학기기 및 시계 제조업,2
2024-06,이스라엘,의복  의복 액세서리 및 모피제품 제조업,2
2024-06,이스라엘,자동차 및 부품 판매업,2
2024-06,이스라엘,전기장비 제조업,4
2024-06,이스라엘,전자부품  컴퓨터  영상  음향 및 통신장비 제조업,2
2024-06,이스라엘,펄프  종이 및 종이제품 제조업,2
2024-06,이스라엘,화학물질 및 화학제품 제조업; 의약품 제외,4
2024-06,이집트,1차 금속 제조업,4
2024-06,이집트,고무 및 플라스틱제품 제조업,3
2024-06,이집트,기타 기계 및 장비 제조업,3
2024-06,이집트,도매 및 상품 중개업,5
2024-06,이집트,사업지원 서비스업,3
2024-06,이집트,섬유제품 제조업; 의복제외,5
2024-06,이집트,식료품 제조업,3
2024-06,이집트,의료  정밀  광학기기 및 시계 제조업,2
2024-06,이집트,자동차 및 부품 판매업,4
2024-06,이집트,자동차 및 트레일러 제조업,3
2024-06,이집트,전기장비 제조업,5
2024-06,이집트,화학물질 및 화학제품 제조업; 의약품 제외,5
2024-06,이탈리아,1차 금속 제조업,3
2024-06,이탈리아,가구 제조업,1
2024-06,이탈리아,가죽  가방 및 신발 제조업,1
2024-06,이탈리아,개인 및 소비용품 수리업,4
2024-06,이탈리아,고무 및 플라스틱제품 제조업,3
2024-06,이탈리아,금속가공제품 제조업; 기계 및 가구 제외,3
2024-06,이탈리아,금융업,4
2024-06,이탈리아,기타 기계 및 장비 제조업,3
2024-06,이탈리아,기타 제품 제조업,1
2024-06,이탈리아,도매 및 상품 중개업,3
2024-06,이탈리아,비금속 광물제품 제조업,1
2024-06,이탈리아,섬유제품 제조업; 의복제외,3
2024-06,이탈리아,의료  정밀  광학기기 및 시계 제조업,1
2024-06,이탈리아,의료용 물질 및 의약품 제조업,2
2024-06,이탈리아,의복  의복 액세서리 및 모피제품 제조업,1
2024-06,이탈리아,자동차 및 부품 판매업,3
2024-06,이탈리아,자동차 및 트레일러 제조업,2
2024-06,이탈리아,전기장비 제조업,3
2024-06,이탈리아,전문 서비스업,1
2024-06,이탈리아,전문직별 공사업,1
2024-06,이탈리아,전자부품  컴퓨터  영상  음향 및 통신장비 제조업,1
2024-06,이탈리아,펄프  종이 및 종이제품 제조업,1
2024-06,이탈리아,화학물질 및 화학제품 제조업; 의약품 제외,3
2024-06,인도,1차 금속 제조업,5
2024-06,인도,가죽  가방 및 신발 제조업,4
2024-06,인도,개인 및 소비용품 수리업,2
2024-06,인도,건축기술  엔지니어링 및 기타 과학기술 서비스업,5
2024-06,인도,고무 및 플라스틱제품 제조업,4
2024-06,인도,금속가공제품 제조업; 기계 및 가구 제외,4
2024-06,인도,기타 기계 및 장비 제조업,4
2024-06,인도,도매 및 상품 중개업,4
2024-06,인도,비금속 광물제품 제조업,4
2024-06,인도,섬유제품 제조업; 의복제외,5
2024-06,인도,식료품 제조업,4
2024-06,인도,우편 및 통신업,2
2024-06,인도,의료  정밀  광학기기 및 시계 제조업,3
2024-06,인도,의료용 물질 및 의약품 제조업,4
2024-06,인도,의복  의복 액세서리 및 모피제품 제조업,2
2024-06,인도,자동차 및 부품 판매업,3
2024-06,인도,자동차 및 트레일러 제조업,4
2024-06,인도,전기  가스  증기 및 공기조절 공급업,4
2024-06,인도,전기장비 제조업,4
2024-06,인도,전자부품  컴퓨터  영상  음향 및 통신장비 제조업,5
2024-06,인도,창고 및 운송관련 서비스업,3
2024-06,인도,출판업,3
2024-06,인도,컴퓨터 프로그래밍  시스템 통합 및 관리업,2
2024-06,인도,코크스  연탄 및 석유정제품 제조업,4
2024-06,인도,펄프  종이 및 종이제품 제조업,4
2024-06,인도,화학물질 및 화학제품 제조업; 의약품 제외,5
2024-06,인도네시아,1차 금속 제조업,4
2024-06,인도네시아,가죽  가방 및 신발 제조업,2
2024-06,인도네시아,고무 및 플라스틱제품 제조업,4
2024-06,인도네시아,금속가공제품 제조업; 기계 및 가구 제외,4
2024-06,인도네시아,담배 제조업,2
2024-06,인도네시아,도매 및 상품 중개업,4
2024-06,인도네시아,섬유제품 제조업; 의복제외,4
2024-06,인도네시아,식료품 제조업,4
2024-06,인도네시아,의료용 물질 및 의약품 제조업,2
2024-06,인도네시아,의복  의복 액세서리 및 모피제품 제조업,2
2024-06,인도네시아,자동차 및 부품 판매업,4
2024-06,인도네시아,자동차 및 트레일러 제조업,4
2024-06,인도네시아,전기장비 제조업,4
2024-06,인도네시아,전문직별 공사업,3
2024-06,인도네시아,전자부품  컴퓨터  영상  음향 및 통신장비 제조업,4
2024-06,인도네시아,창고 및 운송관련 서비스업,2
2024-06,인도네시아,펄프  종이 및 종이제품 제조업,2
2024-06,인도네시아,화학물질 및 화학제품 제조업; 의약품 제외,4
2024-06,일본,1차 금속 제조업,3
2024-06,일본,개인 및 소비용품 수리업,1
2024-06,일본,고무 및 플라스틱제품 제조업,4
2024-06,일본,금속가공제품 제조업; 기계 및 가구 제외,3
2024-06,일본,금융업,3
2024-06,일본,기타 기계 및 장비 제조업,3
2024-06,일본,기타 운송장비 제조업,1
2024-06,일본,기타 제품 제조업,3
2024-06,일본,도매 및 상품 중개업,3
2024-06,일본,비금속 광물제품 제조업,2
2024-06,일본,사업지원 서비스업,1
2024-06,일본,섬유제품 제조업; 의복제외,1
2024-06,일본,소매업; 자동차 제외,4
2024-06,일본,식료품 제조업,3
2024-06,일본,우편 및 통신업,1
2024-06,일본,음료 제조업,1
2024-06,일본,의료  정밀  광학기기 및 시계 제조업,3
2024-06,일본,의료용 물질 및 의약품 제조업,1
2024-06,일본,의복  의복 액세서리 및 모피제품 제조업,1
2024-06,일본,임대업; 부동산 제외,1
2024-06,일본,자동차 및 부품 판매업,1
2024-06,일본,자동차 및 트레일러 제조업,4
2024-06,일본,전기장비 제조업,4
2024-06,일본,전문 서비스업,1
2024-06,일본,전자부품  컴퓨터  영상  음향 및 통신장비 제조업,3
2024-06,일본,정보서비스업,1
2024-06,일본,종합 건설업,1
2024-06,일본,창고 및 운송관련 서비스업,2
2024-06,일본,출판업,2
2024-06,일본,코크스  연탄 및 석유정제품 제조업,2
2024-06,일본,펄프  종이 및 종이제품 제조업,2
2024-06,일본,화학물질 및 화학제품 제조업; 의약품 제외,3
2024-06,자메이카,자동차 및 부품 판매업,4
2024-06,조지아,자동차 및 부품 판매업,3
2024-06,중국,1차 금속 제조업,5
2024-06,중국,가구 제조업,3
2024-06,중국,가죽  가방 및 신발 제조업,4
2024-06,중국,고무 및 플라스틱제품 제조업,5
2024-06,중국,금속가공제품 제조업; 기계 및 가구 제외,4
2024-06,중국,기타 기계 및 장비 제조업,4
2024-06,중국,기타 운송장비 제조업,4
2024-06,중국,기타 제품 제조업,4
2024-06,중국,도매 및 상품 중개업,5
2024-06,중국,비금속 광물제품 제조업,4
2024-06,중국,섬유제품 제조업; 의복제외,5
2024-06,중국,소매업; 자동차 제외,3
2024-06,중국,식료품 제조업,4
2024-06,중국,음료 제조업,3
2024-06,중국,의료  정밀  광학기기 및 시계 제조업,5
2024-06,중국,의료용 물질 및 의약품 제조업,2
2024-06,중국,자동차 및 부품 판매업,4
2024-06,중국,자동차 및 트레일러 제조업,5
2024-06,중국,전기장비 제조업,5
2024-06,중국,전문 서비스업,2
2024-06,중국,전문직별 공사업,2
2024-06,중국,전자부품  컴퓨터  영상  음향 및 통신장비 제조업,5
2024-06,중국,창고 및 운송관련 서비스업,4
2024-06,중국,출판업,3
2024-06,중국,코크스  연탄 및 석유정제품 제조업,2
2024-06,중국,펄프  종이 및 종이제품 제조업,3
2024-06,중국,항공 운송업,2
2024-06,중국,화학물질 및 화학제품 제조업; 의약품 제외,4
2024-06,지브랄타,도매 및 상품 중개업,2
2024-06,체코,1차 금속 제조업,2
2024-06,체코,고무 및 플라스틱제품 제조업,2
2024-06,체코,금속가공제품 제조업; 기계 및 가구 제외,4
2024-06,체코,기타 기계 및 장비 제조업,3
2024-06,체코,도매 및 상품 중개업,4
2024-06,체코,비금속 광물제품 제조업,2
2024-06,체코,섬유제품 제조업; 의복제외,3
2024-06,체코,자동차 및 부품 판매업,3
2024-06,체코,자동차 및 트레일러 제조업,3
2024-06,체코,전기장비 제조업,1
2024-06,체코,화학물질 및 화학제품 제조업; 의약품 제외,2
2024-06,칠레,고무 및 플라스틱제품 제조업,4
2024-06,칠레,금속가공제품 제조업; 기계 및 가구 제외,3
2024-06,칠레,금융업,2
2024-06,칠레,도매 및 상품 중개업,4
2024-06,칠레,소매업; 자동차 제외,2
2024-06,칠레,자동차 및 부품 판매업,5
2024-06,칠레,전기장비 제조업,3
2024-06,칠레,화학물질 및 화학제품 제조업; 의약품 제외,2
2024-06,카자흐스탄,고무 및 플라스틱제품 제조업,3
2024-06,카자흐스탄,도매 및 상품 중개업,4
2024-06,카자흐스탄,비금속 광물제품 제조업,4
2024-06,카자흐스탄,자동차 및 부품 판매업,4
2024-06,카자흐스탄,자동차 및 트레일러 제조업,5
2024-06,카타르,건축기술  엔지니어링 및 기타 과학기술 서비스업,2
2024-06,카타르,도매 및 상품 중개업,3
2024-06,카타르,자동차 및 부품 판매업,2
2024-06,카타르,화학물질 및 화학제품 제조업; 의약품 제외,2
2024-06,캄보디아,도매 및 상품 중개업,5
2024-06,캄보디아,자동차 및 부품 판매업,3
2024-06,캄보디아,자동차 및 트레일러 제조업,2
2024-06,캐나다,고무 및 플라스틱제품 제조업,1
2024-06,캐나다,금속가공제품 제조업; 기계 및 가구 제외,4
2024-06,캐나다,기타 기계 및 장비 제조업,1
2024-06,캐나다,기타 운송장비 제조업,1
2024-06,캐나다,기타 제품 제조업,1
2024-06,캐나다,도매 및 상품 중개업,3
2024-06,캐나다,목재 및 나무제품 제조업; 가구 제외,1
2024-06,캐나다,섬유제품 제조업; 의복제외,1
2024-06,캐나다,소매업; 자동차 제외,3
2024-06,캐나다,우편 및 통신업,1
2024-06,캐나다,자동차 및 부품 판매업,3
2024-06,캐나다,자동차 및 트레일러 제조업,1
2024-06,캐나다,전기장비 제조업,1
2024-06,캐나다,전자부품  컴퓨터  영상  음향 및 통신장비 제조업,3
2024-06,캐나다,정보서비스업,2
2024-06,캐나다,출판업,2
2024-06,캐나다,펄프  종이 및 종이제품 제조업,1
2024-06,캐나다,화학물질 및 화학제품 제조업; 의약품 제외,2
2024-06,케냐,가구 제조업,4
2024-06,케냐,가죽  가방 및 신발 제조업,3
2024-06,케냐,도매 및 상품 중개업,4
2024-06,케냐,자동차 및 부품 판매업,3
2024-06,케냐,화학물질 및 화학제품 제조업; 의약품 제외,4
2024-06,케이만군도,금융 및 보험 관련 서비스업,2
2024-06,코스타리카,고무 및 플라스틱제품 제조업,2
2024-06,코스타리카,도매 및 상품 중개업,1
2024-06,코스타리카,자동차 및 부품 판매업,3
2024-06,코트디부아르,화학물질 및 화학제품 제조업; 의약품 제외,3
2024-06,콜롬비아,고무 및 플라스틱제품 제조업,4
2024-06,콜롬비아,금속가공제품 제조업; 기계 및 가구 제외,2
2024-06,콜롬비아,도매 및 상품 중개업,4
2024-06,콜롬비아,섬유제품 제조업; 의복제외,4
2024-06,콜롬비아,소매업; 자동차 제외,4
2024-06,콜롬비아,식료품 제조업,3
2024-06,콜롬비아,의복  의복 액세서리 및 모피제품 제조업,2
2024-06,콜롬비아,자동차 및 부품 판매업,4
2024-06,콜롬비아,자동차 및 트레일러 제조업,4
2024-06,콜롬비아,전기장비 제조업,4
2024-06,콜롬비아,종합 건설업,3
2024-06,콜롬비아,화학물질 및 화학제품 제조업; 의약품 제외,4
2024-06,쿠바,전기  가스  증기 및 공기조절 공급업,5
2024-06,쿠웨이트,자동차 및 부품 판매업,2
2024-06,크로아티아,개인 및 소비용품 수리업,2
2024-06,크로아티아,도매 및 상품 중개업,3
2024-06,탄자니아,가구 제조업,2
2024-06,탄자니아,도매 및 상품 중개업,3
2024-06,태국,1차 금속 제조업,4
2024-06,태국,가죽  가방 및 신발 제조업,2
2024-06,태국,고무 및 플라스틱제품 제조업,5
2024-06,태국,금속가공제품 제조업; 기계 및 가구 제외,4
2024-06,태국,기타 기계 및 장비 제조업,2
2024-06,태국,도매 및 상품 중개업,4
2024-06,태국,소매업; 자동차 제외,2
2024-06,태국,식료품 제조업,5
2024-06,태국,의료  정밀  광학기기 및 시계 제조업,2
2024-06,태국,자동차 및 부품 판매업,2
2024-06,태국,자동차 및 트레일러 제조업,2
2024-06,태국,전기장비 제조업,4
2024-06,태국,전문 서비스업,5
2024-06,태국,전자부품  컴퓨터  영상  음향 및 통신장비 제조업,4
2024-06,태국,펄프  종이 및 종이제품 제조업,4
2024-06,태국,화학물질 및 화학제품 제조업; 의약품 제외,4
2024-06,튀니지,가구 제조업,2
2024-06,튀니지,도매 및 상품 중개업,4
2024-06,튀르키예(구 터키),1차 금속 제조업,3
2024-06,튀르키예(구 터키),고무 및 플라스틱제품 제조업,4
2024-06,튀르키예(구 터키),금속가공제품 제조업; 기계 및 가구 제외,3
2024-06,튀르키예(구 터키),기타 기계 및 장비 제조업,5
2024-06,튀르키예(구 터키),기타 운송장비 제조업,3
2024-06,튀르키예(구 터키),도매 및 상품 중개업,5
2024-06,튀르키예(구 터키),목재 및 나무제품 제조업; 가구 제외,2
2024-06,튀르키예(구 터키),비금속 광물제품 제조업,2
2024-06,튀르키예(구 터키),산업용 기계 및 장비 수리업,2
2024-06,튀르키예(구 터키),섬유제품 제조업; 의복제외,4
2024-06,튀르키예(구 터키),의료용 물질 및 의약품 제조업,3
2024-06,튀르키예(구 터키),의복  의복 액세서리 및 모피제품 제조업,3
2024-06,튀르키예(구 터키),자동차 및 부품 판매업,3
2024-06,튀르키예(구 터키),자동차 및 트레일러 제조업,3
2024-06,튀르키예(구 터키),전기장비 제조업,3
2024-06,튀르키예(구 터키),전자부품  컴퓨터  영상  음향 및 통신장비 제조업,3
2024-06,튀르키예(구 터키),펄프  종이 및 종이제품 제조업,3
2024-06,튀르키예(구 터키),화학물질 및 화학제품 제조업; 의약품 제외,5
2024-06,트리니다드토바고,도매 및 상품 중개업,2
2024-06,트리니다드토바고,자동차 및 부품 판매업,2
2024-06,파나마,금융업,2
2024-06,파나마,도매 및 상품 중개업,4
2024-06,파나마,자동차 및 부품 판매업,4
2024-06,파나마,화학물질 및 화학제품 제조업; 의약품 제외,2
2024-06,파라과이,고무 및 플라스틱제품 제조업,4
2024-06,파라과이,기타 운송장비 제조업,2
2024-06,파라과이,도매 및 상품 중개업,2
2024-06,파라과이,소매업; 자동차 제외,2
2024-06,파라과이,자동차 및 부품 판매업,5
2024-06,파키스탄,도매 및 상품 중개업,5
2024-06,파키스탄,식료품 제조업,3
2024-06,파키스탄,의복  의복 액세서리 및 모피제품 제조업,3
2024-06,파키스탄,전기장비 제조업,5
2024-06,파키스탄,펄프  종이 및 종이제품 제조업,3
2024-06,파키스탄,화학물질 및 화학제품 제조업; 의약품 제외,3
2024-06,페루,가구 제조업,2
2024-06,페루,고무 및 플라스틱제품 제조업,4
2024-06,페루,금속가공제품 제조업; 기계 및 가구 제외,2
2024-06,페루,도매 및 상품 중개업,4
2024-06,페루,섬유제품 제조업; 의복제외,4
2024-06,페루,자동차 및 부품 판매업,4
2024-06,페루,자동차 및 트레일러 제조업,2
2024-06,페루,화학물질 및 화학제품 제조업; 의약품 제외,4
2024-06,포르투갈,고무 및 플라스틱제품 제조업,1
2024-06,포르투갈,기타 기계 및 장비 제조업,2
2024-06,포르투갈,도매 및 상품 중개업,3
2024-06,포르투갈,섬유제품 제조업; 의복제외,1
2024-06,포르투갈,자동차 및 부품 판매업,1
2024-06,포르투갈,컴퓨터 프로그래밍  시스템 통합 및 관리업,2
2024-06,폴란드,1차 금속 제조업,1
2024-06,폴란드,개인 및 소비용품 수리업,2
2024-06,폴란드,고무 및 플라스틱제품 제조업,3
2024-06,폴란드,금속가공제품 제조업; 기계 및 가구 제외,4
2024-06,폴란드,기타 기계 및 장비 제조업,4
2024-06,폴란드,도매 및 상품 중개업,3
2024-06,폴란드,산업용 기계 및 장비 수리업,1
2024-06,폴란드,섬유제품 제조업; 의복제외,3
2024-06,폴란드,소매업; 자동차 제외,2
2024-06,폴란드,식료품 제조업,2
2024-06,폴란드,의료용 물질 및 의약품 제조업,2
2024-06,폴란드,자동차 및 부품 판매업,3
2024-06,폴란드,자동차 및 트레일러 제조업,2
2024-06,폴란드,전기장비 제조업,2
2024-06,폴란드,전자부품  컴퓨터  영상  음향 및 통신장비 제조업,3
2024-06,폴란드,펄프  종이 및 종이제품 제조업,3
2024-06,폴란드,화학물질 및 화학제품 제조업; 의약품 제외,1
2024-06,프랑스,개인 및 소비용품 수리업,2
2024-06,프랑스,건축기술  엔지니어링 및 기타 과학기술 서비스업,1
2024-06,프랑스,고무 및 플라스틱제품 제조업,2
2024-06,프랑스,금속가공제품 제조업; 기계 및 가구 제외,1
2024-06,프랑스,금융업,3
2024-06,프랑스,기타 기계 및 장비 제조업,1
2024-06,프랑스,도매 및 상품 중개업,3
2024-06,프랑스,부동산업,2
2024-06,프랑스,비금속 광물제품 제조업,1
2024-06,프랑스,섬유제품 제조업; 의복제외,1
2024-06,프랑스,소매업; 자동차 제외,4
2024-06,프랑스,수상 운송업,1
2024-06,프랑스,식료품 제조업,1
2024-06,프랑스,의복  의복 액세서리 및 모피제품 제조업,3
2024-06,프랑스,자동차 및 부품 판매업,1
2024-06,프랑스,자동차 및 트레일러 제조업,4
2024-06,프랑스,전기장비 제조업,3
2024-06,프랑스,전문 서비스업,1
2024-06,프랑스,전문직별 공사업,2
2024-06,프랑스,전자부품  컴퓨터  영상  음향 및 통신장비 제조업,2
2024-06,프랑스,화학물질 및 화학제품 제조업; 의약품 제외,2
2024-06,핀란드,고무 및 플라스틱제품 제조업,3
2024-06,핀란드,도매 및 상품 중개업,1
2024-06,핀란드,자동차 및 부품 판매업,1
2024-06,핀란드,전기장비 제조업,1
2024-06,핀란드,전자부품  컴퓨터  영상  음향 및 통신장비 제조업,2
2024-06,핀란드,출판업,1
2024-06,필리핀,고무 및 플라스틱제품 제조업,2
2024-06,필리핀,기타 운송장비 제조업,3
2024-06,필리핀,도매 및 상품 중개업,5
2024-06,필리핀,식료품 제조업,5
2024-06,필리핀,자동차 및 부품 판매업,4
2024-06,필리핀,자동차 및 트레일러 제조업,2
2024-06,필리핀,전기장비 제조업,3
2024-06,필리핀,전자부품  컴퓨터  영상  음향 및 통신장비 제조업,3
2024-06,필리핀,종합 건설업,4
2024-06,필리핀,펄프  종이 및 종이제품 제조업,3
2024-06,필리핀,항공 운송업,2
2024-06,필리핀,화학물질 및 화학제품 제조업; 의약품 제외,4
2024-06,헝가리,개인 및 소비용품 수리업,2
2024-06,헝가리,고무 및 플라스틱제품 제조업,2
2024-06,헝가리,기타 기계 및 장비 제조업,4
2024-06,헝가리,도매 및 상품 중개업,3
2024-06,헝가리,식료품 제조업,2
2024-06,헝가리,연구개발업,2
2024-06,헝가리,자동차 및 부품 판매업,2
2024-06,헝가리,자동차 및 트레일러 제조업,2
2024-06,헝가리,전기장비 제조업,2
2024-06,헝가리,전자부품  컴퓨터  영상  음향 및 통신장비 제조업,2
2024-06,호주,1차 금속 제조업,3
2024-06,호주,고무 및 플라스틱제품 제조업,3
2024-06,호주,금속가공제품 제조업; 기계 및 가구 제외,3
2024-06,호주,기타 기계 및 장비 제조업,4
2024-06,호주,기타 제품 제조업,3
2024-06,호주,도매 및 상품 중개업,3
2024-06,호주,섬유제품 제조업; 의복제외,2
2024-06,호주,소매업; 자동차 제외,3
2024-06,호주,우편 및 통신업,1
2024-06,호주,인쇄 및 기록매체 복제업,1
2024-06,호주,자동차 및 부품 판매업,3
2024-06,호주,자동차 및 트레일러 제조업,1
2024-06,호주,전기장비 제조업,2
2024-06,호주,출판업,3
2024-06,호주,컴퓨터 프로그래밍  시스템 통합 및 관리업,1
2024-06,호주,펄프  종이 및 종이제품 제조업,1
2024-06,호주,화학물질 및 화학제품 제조업; 의약품 제외,2
2024-06,홍콩,가죽  가방 및 신발 제조업,2
2024-06,홍콩,금융업,4
2024-06,홍콩,기타 기계 및 장비 제조업,2
2024-06,홍콩,도매 및 상품 중개업,4
2024-06,홍콩,소매업; 자동차 제외,4
2024-06,홍콩,의료  정밀  광학기기 및 시계 제조업,2
2024-06,홍콩,자동차 및 부품 판매업,2
2024-06,홍콩,전기장비 제조업,2
2024-06,홍콩,전자부품  컴퓨터  영상  음향 및 통신장비 제조업,2
2024-06,홍콩,출판업,2
2024-06,홍콩,항공 운송업,2
2024-05,가나,화학물질 및 화학제품 제조업; 의약품 제외,2
2024-05,가이아나,도매 및 상품 중개업,2
2024-05,과테말라,도매 및 상품 중개업,3
2024-05,과테말라,섬유제품 제조업; 의복제외,5
2024-05,과테말라,자동차 및 부품 판매업,4
2024-05,괌,도매 및 상품 중개업,4
2024-05,그리스,도매 및 상품 중개업,3
2024-05,그리스,자동차 및 부품 판매업,3
2024-05,그리스,펄프  종이 및 종이제품 제조업,2
2024-05,나이지리아,도매 및 상품 중개업,5
2024-05,남아프리카공화국,1차 금속 제조업,4
2024-05,남아프리카공화국,개인 및 소비용품 수리업,2
2024-05,남아프리카공화국,고무 및 플라스틱제품 제조업,4
2024-05,남아프리카공화국,기타 기계 및 장비 제조업,5
2024-05,남아프리카공화국,도매 및 상품 중개업,4
2024-05,남아프리카공화국,섬유제품 제조업; 의복제외,4
2024-05,남아프리카공화국,식료품 제조업,3
2024-05,남아프리카공화국,인쇄 및 기록매체 복제업,5
2024-05,남아프리카공화국,자동차 및 부품 판매업,2
2024-05,남아프리카공화국,자동차 및 트레일러 제조업,2
2024-05,남아프리카공화국,전기  가스  증기 및 공기조절 공급업,2
2024-05,남아프리카공화국,전기장비 제조업,4
2024-05,남아프리카공화국,전문직별 공사업,5
2024-05,남아프리카공화국,전자부품  컴퓨터  영상  음향 및 통신장비 제조업,4
2024-05,남아프리카공화국,출판업,2
2024-05,남아프리카공화국,펄프  종이 및 종이제품 제조업,2
2024-05,남아프리카공화국,화학물질 및 화학제품 제조업; 의약품 제외,4
2024-05,네덜란드,1차 금속 제조업,1
2024-05,네덜란드,고무 및 플라스틱제품 제조업,2
2024-05,네덜란드,금속가공제품 제조업; 기계 및 가구 제외,3
2024-05,네덜란드,금융업,3
2024-05,네덜란드,기타 기계 및 장비 제조업,3
2024-05,네덜란드,도매 및 상품 중개업,4
2024-05,네덜란드,섬유제품 제조업; 의복제외,2
2024-05,네덜란드,식료품 제조업,2
2024-05,네덜란드,육상운송 및 파이프라인 운송업,1
2024-05,네덜란드,임대업; 부동산 제외,2
2024-05,네덜란드,자동차 및 부품 판매업,3
2024-05,네덜란드,자동차 및 트레일러 제조업,3
2024-05,네덜란드,전기장비 제조업,1
2024-05,네덜란드,전문 서비스업,3
2024-05,네덜란드,전자부품  컴퓨터  영상  음향 및 통신장비 제조업,1
2024-05,네덜란드,컴퓨터 프로그래밍  시스템 통합 및 관리업,1
2024-05,네덜란드,펄프  종이 및 종이제품 제조업,1
2024-05,네덜란드,화학물질 및 화학제품 제조업; 의약품 제외,3
2024-05,노르웨이,도매 및 상품 중개업,3
2024-05,노르웨이,수상 운송업,1
2024-05,노르웨이,의복  의복 액세서리 및 모피제품 제조업,1
2024-05,노르웨이,자동차 및 부품 판매업,1
2024-05,뉴질랜드,1차 금속 제조업,1
2024-05,뉴질랜드,도매 및 상품 중개업,3
2024-05,뉴질랜드,소매업; 자동차 제외,1
2024-05,뉴질랜드,자동차 및 부품 판매업,3
2024-05,뉴질랜드,펄프  종이 및 종이제품 제조업,4
2024-05,뉴질랜드,화학물질 및 화학제품 제조업; 의약품 제외,1
2024-05,뉴칼레도니아,도매 및 상품 중개업,2
2024-05,니카라과,자동차 및 부품 판매업,4
2024-05,대만,1차 금속 제조업,1
2024-05,대만,가죽  가방 및 신발 제조업,2
2024-05,대만,건축기술  엔지니어링 및 기타 과학기술 서비스업,2
2024-05,대만,고무 및 플라스틱제품 제조업,1
2024-05,대만,금속가공제품 제조업; 기계 및 가구 제외,2
2024-05,대만,금융업,5
2024-05,대만,기타 기계 및 장비 제조업,1
2024-05,대만,기타 운송장비 제조업,1
2024-05,대만,도매 및 상품 중개업,3
2024-05,대만,비금속 광물제품 제조업,1
2024-05,대만,섬유제품 제조업; 의복제외,2
2024-05,대만,소매업; 자동차 제외,2
2024-05,대만,식료품 제조업,1
2024-05,대만,의료  정밀  광학기기 및 시계 제조업,1
2024-05,대만,자동차 및 부품 판매업,1
2024-05,대만,자동차 및 트레일러 제조업,1
2024-05,대만,전기장비 제조업,4
2024-05,대만,전자부품  컴퓨터  영상  음향 및 통신장비 제조업,3
2024-05,대만,출판업,1
2024-05,대만,컴퓨터 프로그래밍  시스템 통합 및 관리업,1
2024-05,대만,펄프  종이 및 종이제품 제조업,1
2024-05,대만,항공 운송업,5
2024-05,대만,화학물질 및 화학제품 제조업; 의약품 제외,4
2024-05,덴마크,개인 및 소비용품 수리업,2
2024-05,덴마크,국제 및 외국기관,5
2024-05,덴마크,기타 기계 및 장비 제조업,1
2024-05,덴마크,도매 및 상품 중개업,3
2024-05,덴마크,식료품 제조업,1
2024-05,덴마크,연구개발업,1
2024-05,덴마크,자동차 및 부품 판매업,1
2024-05,덴마크,전문 서비스업,1
2024-05,도미니카공화국,도매 및 상품 중개업,2
2024-05,도미니카공화국,자동차 및 부품 판매업,4
2024-05,독일,1차 금속 제조업,2
2024-05,독일,개인 및 소비용품 수리업,1
2024-05,독일,고무 및 플라스틱제품 제조업,4
2024-05,독일,금속가공제품 제조업; 기계 및 가구 제외,1
2024-05,독일,금융업,1
2024-05,독일,기타 기계 및 장비 제조업,3
2024-05,독일,기타 운송장비 제조업,1
2024-05,독일,기타 제품 제조업,3
2024-05,독일,도매 및 상품 중개업,4
2024-05,독일,부동산업,2
2024-05,독일,비금속 광물제품 제조업,3
2024-05,독일,사업지원 서비스업,2
2024-05,독일,산업용 기계 및 장비 수리업,2
2024-05,독일,섬유제품 제조업; 의복제외,3
2024-05,독일,소매업; 자동차 제외,3
2024-05,독일,수상 운송업,1
2024-05,독일,식료품 제조업,2
2024-05,독일,우편 및 통신업,1
2024-05,독일,의료  정밀  광학기기 및 시계 제조업,2
2024-05,독일,의료용 물질 및 의약품 제조업,1
2024-05,독일,의복  의복 액세서리 및 모피제품 제조업,1
2024-05,독일,자동차 및 부품 판매업,3
2024-05,독일,자동차 및 트레일러 제조업,3
2024-05,독일,전기  가스  증기 및 공기조절 공급업,4
2024-05,독일,전기장비 제조업,3
2024-05,독일,전문 서비스업,1
2024-05,독일,전자부품  컴퓨터  영상  음향 및 통신장비 제조업,4
2024-05,독일,컴퓨터 프로그래밍  시스템 통합 및 관리업,1
2024-05,독일,코크스  연탄 및 석유정제품 제조업,3
2024-05,독일,펄프  종이 및 종이제품 제조업,1
2024-05,독일,화학물질 및 화학제품 제조업; 의약품 제외,2
2024-05,라오스,도매 및 상품 중개업,4
2024-05,라트비아,도매 및 상품 중개업,1
2024-05,라트비아,자동차 및 부품 판매업,1
2024-05,러시아,고무 및 플라스틱제품 제조업,5
2024-05,러시아,금속가공제품 제조업; 기계 및 가구 제외,3
2024-05,러시아,담배 제조업,2
2024-05,러시아,도매 및 상품 중개업,5
2024-05,러시아,비금속 광물제품 제조업,3
2024-05,러시아,소매업; 자동차 제외,5
2024-05,러시아,식료품 제조업,2
2024-05,러시아,의료용 물질 및 의약품 제조업,3
2024-05,러시아,자동차 및 부품 판매업,4
2024-05,러시아,자동차 및 트레일러 제조업,4
2024-05,러시아,전기장비 제조업,5
2024-05,러시아,종합 건설업,3
2024-05,러시아,펄프  종이 및 종이제품 제조업,3
2024-05,러시아,화학물질 및 화학제품 제조업; 의약품 제외,3
2024-05,레바논,도매 및 상품 중개업,4
2024-05,레바논,자동차 및 부품 판매업,5
2024-05,루마니아,고무 및 플라스틱제품 제조업,3
2024-05,루마니아,기타 기계 및 장비 제조업,2
2024-05,루마니아,도매 및 상품 중개업,4
2024-05,루마니아,자동차 및 부품 판매업,3
2024-05,루마니아,자동차 및 트레일러 제조업,4
2024-05,루마니아,전기장비 제조업,2
2024-05,루마니아,전자부품  컴퓨터  영상  음향 및 통신장비 제조업,4
2024-05,룩셈부르크,고무 및 플라스틱제품 제조업,1
2024-05,룩셈부르크,금융업,4
2024-05,룩셈부르크,사업지원 서비스업,5
2024-05,룩셈부르크,전기  가스  증기 및 공기조절 공급업,2
2024-05,리투아니아,도매 및 상품 중개업,3
2024-05,리투아니아,사업지원 서비스업,1
2024-05,리투아니아,자동차 및 부품 판매업,2
2024-05,리투아니아,화학물질 및 화학제품 제조업; 의약품 제외,2
2024-05,리히텐슈타인,금속가공제품 제조업; 기계 및 가구 제외,2
2024-05,리히텐슈타인,기타 기계 및 장비 제조업,1
2024-05,마카오,도매 및 상품 중개업,4
2024-05,마카오,사업지원 서비스업,1
2024-05,마카오,소매업; 자동차 제외,1
2024-05,말라위,화학물질 및 화학제품 제조업; 의약품 제외,2
2024-05,말레이시아,1차 금속 제조업,2
2024-05,말레이시아,개인 및 소비용품 수리업,3
2024-05,말레이시아,고무 및 플라스틱제품 제조업,4
2024-05,말레이시아,금속가공제품 제조업; 기계 및 가구 제외,4
2024-05,말레이시아,금융업,2
2024-05,말레이시아,기타 기계 및 장비 제조업,5
2024-05,말레이시아,기타 운송장비 제조업,2
2024-05,말레이시아,도매 및 상품 중개업,4
2024-05,말레이시아,사업지원 서비스업,4
2024-05,말레이시아,식료품 제조업,2
2024-05,말레이시아,인쇄 및 기록매체 복제업,3
2024-05,말레이시아,자동차 및 부품 판매업,4
2024-05,말레이시아,자동차 및 트레일러 제조업,2
2024-05,말레이시아,전기장비 제조업,4
2024-05,말레이시아,전자부품  컴퓨터  영상  음향 및 통신장비 제조업,2
2024-05,말레이시아,창고 및 운송관련 서비스업,2
2024-05,말레이시아,펄프  종이 및 종이제품 제조업,2
2024-05,말레이시아,화학물질 및 화학제품 제조업; 의약품 제외,4
2024-05,멕시코,1차 금속 제조업,4
2024-05,멕시코,고무 및 플라스틱제품 제조업,4
2024-05,멕시코,금속가공제품 제조업; 기계 및 가구 제외,4
2024-05,멕시코,기타 기계 및 장비 제조업,3
2024-05,멕시코,도매 및 상품 중개업,4
2024-05,멕시코,섬유제품 제조업; 의복제외,5
2024-05,멕시코,소매업; 자동차 제외,2
2024-05,멕시코,자동차 및 부품 판매업,4
2024-05,멕시코,자동차 및 트레일러 제조업,2
2024-05,멕시코,전기장비 제조업,4
2024-05,멕시코,전문 서비스업,5
2024-05,멕시코,전자부품  컴퓨터  영상  음향 및 통신장비 제조업,2
2024-05,멕시코,종합 건설업,2
2024-05,멕시코,컴퓨터 프로그래밍  시스템 통합 및 관리업,4
2024-05,멕시코,펄프  종이 및 종이제품 제조업,3
2024-05,멕시코,화학물질 및 화학제품 제조업; 의약품 제외,4
2024-05,모로코,가구 제조업,2
2024-05,모로코,도매 및 상품 중개업,4
2024-05,모로코,자동차 및 부품 판매업,4
2024-05,모리셔스,도매 및 상품 중개업,4
2024-05,몰타,도매 및 상품 중개업,2
2024-05,몰타,자동차 및 부품 판매업,1
2024-05,몽골,도매 및 상품 중개업,4
2024-05,미국,1차 금속 제조업,1
2024-05,미국,가구 제조업,2
2024-05,미국,가죽  가방 및 신발 제조업,3
2024-05,미국,건축기술  엔지니어링 및 기타 과학기술 서비스업,1
2024-05,미국,고무 및 플라스틱제품 제조업,3
2024-05,미국,공공행정  국방 및 사회보장 행정,2
2024-05,미국,금속가공제품 제조업; 기계 및 가구 제외,4
2024-05,미국,기타 기계 및 장비 제조업,4
2024-05,미국,기타 운송장비 제조업,2
2024-05,미국,기타 제품 제조업,4
2024-05,미국,도매 및 상품 중개업,3
2024-05,미국,목재 및 나무제품 제조업; 가구 제외,1
2024-05,미국,비금속 광물제품 제조업,4
2024-05,미국,사업지원 서비스업,3
2024-05,미국,산업용 기계 및 장비 수리업,2
2024-05,미국,섬유제품 제조업; 의복제외,3
2024-05,미국,소매업; 자동차 제외,3
2024-05,미국,식료품 제조업,1
2024-05,미국,영상ㆍ오디오 기록물 제작 및 배급업,2
2024-05,미국,우편 및 통신업,4
2024-05,미국,육상운송 및 파이프라인 운송업,2
2024-05,미국,음식점 및 주점업,2
2024-05,미국,의료  정밀  광학기기 및 시계 제조업,3
2024-05,미국,의료용 물질 및 의약품 제조업,3
2024-05,미국,의복  의복 액세서리 및 모피제품 제조업,4
2024-05,미국,인쇄 및 기록매체 복제업,2
2024-05,미국,자동차 및 부품 판매업,4
2024-05,미국,자동차 및 트레일러 제조업,4
2024-05,미국,전기  가스  증기 및 공기조절 공급업,3
2024-05,미국,전기장비 제조업,3
2024-05,미국,전문 서비스업,4
2024-05,미국,전문직별 공사업,4
2024-05,미국,전자부품  컴퓨터  영상  음향 및 통신장비 제조업,3
2024-05,미국,정보서비스업,1
2024-05,미국,창고 및 운송관련 서비스업,3
2024-05,미국,출판업,4
2024-05,미국,펄프  종이 및 종이제품 제조업,3
2024-05,미국,항공 운송업,2
2024-05,미국,화학물질 및 화학제품 제조업; 의약품 제외,4
2024-05,미얀마,공공행정  국방 및 사회보장 행정,3
2024-05,미얀마,금속가공제품 제조업; 기계 및 가구 제외,4
2024-05,미얀마,도매 및 상품 중개업,5
2024-05,바레인,종합 건설업,5
2024-05,바베이도스,금융 및 보험 관련 서비스업,2
2024-05,바하마,도매 및 상품 중개업,2
2024-05,방글라데시,도매 및 상품 중개업,4
2024-05,방글라데시,섬유제품 제조업; 의복제외,3
2024-05,방글라데시,의복  의복 액세서리 및 모피제품 제조업,3
2024-05,베트남,1차 금속 제조업,5
2024-05,베트남,가구 제조업,5
2024-05,베트남,가죽  가방 및 신발 제조업,5
2024-05,베트남,고무 및 플라스틱제품 제조업,4
2024-05,베트남,금속가공제품 제조업; 기계 및 가구 제외,5
2024-05,베트남,기타 기계 및 장비 제조업,4
2024-05,베트남,기타 운송장비 제조업,3
2024-05,베트남,도매 및 상품 중개업,5
2024-05,베트남,목재 및 나무제품 제조업; 가구 제외,3
2024-05,베트남,비금속 광물제품 제조업,3
2024-05,베트남,섬유제품 제조업; 의복제외,4
2024-05,베트남,식료품 제조업,4
2024-05,베트남,음료 제조업,3
2024-05,베트남,의료  정밀  광학기기 및 시계 제조업,2
2024-05,베트남,의복  의복 액세서리 및 모피제품 제조업,4
2024-05,베트남,자동차 및 부품 판매업,4
2024-05,베트남,자동차 및 트레일러 제조업,4
2024-05,베트남,전기장비 제조업,5
2024-05,베트남,전문직별 공사업,3
2024-05,베트남,전자부품  컴퓨터  영상  음향 및 통신장비 제조업,5
2024-05,베트남,창고 및 운송관련 서비스업,3
2024-05,베트남,코크스  연탄 및 석유정제품 제조업,3
2024-05,베트남,펄프  종이 및 종이제품 제조업,5
2024-05,베트남,화학물질 및 화학제품 제조업; 의약품 제외,5
2024-05,벨기에,고무 및 플라스틱제품 제조업,3
2024-05,벨기에,기타 기계 및 장비 제조업,4
2024-05,벨기에,도매 및 상품 중개업,1
2024-05,벨기에,섬유제품 제조업; 의복제외,3
2024-05,벨기에,의복  의복 액세서리 및 모피제품 제조업,2
2024-05,벨기에,자동차 및 트레일러 제조업,2
2024-05,벨기에,전기장비 제조업,2
2024-05,벨기에,창고 및 운송관련 서비스업,1
2024-05,벨기에,화학물질 및 화학제품 제조업; 의약품 제외,2
2024-05,벨라루스,자동차 및 부품 판매업,4
2024-05,벨라루스,종합 건설업,2
2024-05,보스니아-헤르체코비나,자동차 및 부품 판매업,2
2024-05,볼리비아,도매 및 상품 중개업,4
2024-05,볼리비아,자동차 및 부품 판매업,4
2024-05,북마케도니아,자동차 및 부품 판매업,5
2024-05,불가리아,기타 제품 제조업,2
2024-05,불가리아,도매 및 상품 중개업,4
2024-05,불가리아,자동차 및 부품 판매업,4
2024-05,불가리아,펄프  종이 및 종이제품 제조업,2
2024-05,브라질,1차 금속 제조업,4
2024-05,브라질,가죽  가방 및 신발 제조업,4
2024-05,브라질,고무 및 플라스틱제품 제조업,4
2024-05,브라질,금속가공제품 제조업; 기계 및 가구 제외,2
2024-05,브라질,기타 기계 및 장비 제조업,2
2024-05,브라질,도매 및 상품 중개업,4
2024-05,브라질,사업지원 서비스업,4
2024-05,브라질,섬유제품 제조업; 의복제외,4
2024-05,브라질,소매업; 자동차 제외,5
2024-05,브라질,식료품 제조업,2
2024-05,브라질,의료  정밀  광학기기 및 시계 제조업,2
2024-05,브라질,의료용 물질 및 의약품 제조업,2
2024-05,브라질,의복  의복 액세서리 및 모피제품 제조업,4
2024-05,브라질,자동차 및 부품 판매업,4
2024-05,브라질,자동차 및 트레일러 제조업,4
2024-05,브라질,전기장비 제조업,5
2024-05,브라질,전문 서비스업,5
2024-05,브라질,전자부품  컴퓨터  영상  음향 및 통신장비 제조업,4
2024-05,브라질,컴퓨터 프로그래밍  시스템 통합 및 관리업,2
2024-05,브라질,펄프  종이 및 종이제품 제조업,4
2024-05,브라질,화학물질 및 화학제품 제조업; 의약품 제외,5
2024-05,사우디아라비아,가구 제조업,4
2024-05,사우디아라비아,고무 및 플라스틱제품 제조업,2
2024-05,사우디아라비아,금속가공제품 제조업; 기계 및 가구 제외,4
2024-05,사우디아라비아,기타 기계 및 장비 제조업,4
2024-05,사우디아라비아,도매 및 상품 중개업,4
2024-05,사우디아라비아,사업지원 서비스업,5
2024-05,사우디아라비아,소매업; 자동차 제외,2
2024-05,사우디아라비아,수상 운송업,3
2024-05,사우디아라비아,자동차 및 부품 판매업,4
2024-05,사우디아라비아,전기장비 제조업,2
2024-05,사우디아라비아,전문직별 공사업,2
2024-05,사우디아라비아,화학물질 및 화학제품 제조업; 의약품 제외,5
2024-05,사이프러스,도매 및 상품 중개업,1
2024-05,세르비아,도매 및 상품 중개업,2
2024-05,세르비아,자동차 및 부품 판매업,5
2024-05,세르비아,화학물질 및 화학제품 제조업; 의약품 제외,2
2024-05,수리남,도매 및 상품 중개업,2
2024-05,스리랑카,고무 및 플라스틱제품 제조업,2
2024-05,스리랑카,도매 및 상품 중개업,4
2024-05,스리랑카,섬유제품 제조업; 의복제외,2
2024-05,스리랑카,의복  의복 액세서리 및 모피제품 제조업,2
2024-05,스리랑카,자동차 및 트레일러 제조업,2
2024-05,스웨덴,고무 및 플라스틱제품 제조업,1
2024-05,스웨덴,금속가공제품 제조업; 기계 및 가구 제외,3
2024-05,스웨덴,기타 기계 및 장비 제조업,1
2024-05,스웨덴,도매 및 상품 중개업,3
2024-05,스웨덴,연구개발업,1
2024-05,스웨덴,자동차 및 부품 판매업,1
2024-05,스웨덴,자동차 및 트레일러 제조업,3
2024-05,스웨덴,전기장비 제조업,1
2024-05,스웨덴,전문 서비스업,1
2024-05,스웨덴,컴퓨터 프로그래밍  시스템 통합 및 관리업,2
2024-05,스웨덴,펄프  종이 및 종이제품 제조업,2
2024-05,스위스,고무 및 플라스틱제품 제조업,2
2024-05,스위스,기타 기계 및 장비 제조업,2
2024-05,스위스,기타 운송장비 제조업,1
2024-05,스위스,담배 제조업,1
2024-05,스위스,도매 및 상품 중개업,3
2024-05,스위스,사업지원 서비스업,4
2024-05,스위스,의복  의복 액세서리 및 모피제품 제조업,2
2024-05,스위스,임대업; 부동산 제외,1
2024-05,스위스,자동차 및 부품 판매업,1
2024-05,스위스,전기장비 제조업,1
2024-05,스위스,전자부품  컴퓨터  영상  음향 및 통신장비 제조업,1
2024-05,스위스,화학물질 및 화학제품 제조업; 의약품 제외,1
2024-05,스페인,1차 금속 제조업,2
2024-05,스페인,개인 및 소비용품 수리업,3
2024-05,스페인,건축기술  엔지니어링 및 기타 과학기술 서비스업,1
2024-05,스페인,고무 및 플라스틱제품 제조업,3
2024-05,스페인,금속가공제품 제조업; 기계 및 가구 제외,2
2024-05,스페인,기타 기계 및 장비 제조업,2
2024-05,스페인,기타 운송장비 제조업,2
2024-05,스페인,기타 제품 제조업,1
2024-05,스페인,도매 및 상품 중개업,3
2024-05,스페인,섬유제품 제조업; 의복제외,3
2024-05,스페인,소매업; 자동차 제외,3
2024-05,스페인,의료용 물질 및 의약품 제조업,3
2024-05,스페인,자동차 및 부품 판매업,4
2024-05,스페인,자동차 및 트레일러 제조업,1
2024-05,스페인,전기  가스  증기 및 공기조절 공급업,2
2024-05,스페인,전기장비 제조업,1
2024-05,스페인,전문직별 공사업,2
2024-05,스페인,전자부품  컴퓨터  영상  음향 및 통신장비 제조업,3
2024-05,스페인,펄프  종이 및 종이제품 제조업,1
2024-05,스페인,화학물질 및 화학제품 제조업; 의약품 제외,4
2024-05,슬로바키아,고무 및 플라스틱제품 제조업,4
2024-05,슬로바키아,기타 기계 및 장비 제조업,2
2024-05,슬로바키아,도매 및 상품 중개업,1
2024-05,슬로바키아,비금속 광물제품 제조업,1
2024-05,슬로바키아,소매업; 자동차 제외,2
2024-05,슬로바키아,의료  정밀  광학기기 및 시계 제조업,1
2024-05,슬로바키아,자동차 및 트레일러 제조업,3
2024-05,슬로베니아,도매 및 상품 중개업,3
2024-05,슬로베니아,자동차 및 부품 판매업,2
2024-05,슬로베니아,전기장비 제조업,2
2024-05,슬로베니아,화학물질 및 화학제품 제조업; 의약품 제외,1
2024-05,싱가포르,1차 금속 제조업,1
2024-05,싱가포르,고무 및 플라스틱제품 제조업,1
2024-05,싱가포르,금속가공제품 제조업; 기계 및 가구 제외,2
2024-05,싱가포르,금융업,1
2024-05,싱가포르,기타 기계 및 장비 제조업,1
2024-05,싱가포르,기타 운송장비 제조업,3
2024-05,싱가포르,도매 및 상품 중개업,3
2024-05,싱가포르,소매업; 자동차 제외,1
2024-05,싱가포르,식료품 제조업,3
2024-05,싱가포르,연구개발업,1
2024-05,싱가포르,음료 제조업,1
2024-05,싱가포르,인쇄 및 기록매체 복제업,1
2024-05,싱가포르,자동차 및 부품 판매업,2
2024-05,싱가포르,전기장비 제조업,2
2024-05,싱가포르,전자부품  컴퓨터  영상  음향 및 통신장비 제조업,3
2024-05,싱가포르,종합 건설업,1
2024-05,싱가포르,창고 및 운송관련 서비스업,1
2024-05,싱가포르,출판업,2
2024-05,싱가포르,코크스  연탄 및 석유정제품 제조업,3
2024-05,싱가포르,펄프  종이 및 종이제품 제조업,2
2024-05,싱가포르,폐기물 수집  운반  처리 및 원료 재생업,5
2024-05,싱가포르,화학물질 및 화학제품 제조업; 의약품 제외,3
2024-05,아랍에미리트 연합,1차 금속 제조업,3
2024-05,아랍에미리트 연합,고무 및 플라스틱제품 제조업,3
2024-05,아랍에미리트 연합,금속가공제품 제조업; 기계 및 가구 제외,4
2024-05,아랍에미리트 연합,도매 및 상품 중개업,4
2024-05,아랍에미리트 연합,소매업; 자동차 제외,4
2024-05,아랍에미리트 연합,자동차 및 부품 판매업,4
2024-05,아랍에미리트 연합,전기장비 제조업,2
2024-05,아랍에미리트 연합,종합 건설업,5
2024-05,아랍에미리트 연합,컴퓨터 프로그래밍  시스템 통합 및 관리업,2
2024-05,아랍에미리트 연합,펄프  종이 및 종이제품 제조업,2
2024-05,아랍에미리트 연합,화학물질 및 화학제품 제조업; 의약품 제외,5
2024-05,아르헨티나,고무 및 플라스틱제품 제조업,2
2024-05,아르헨티나,기타 기계 및 장비 제조업,4
2024-05,아르헨티나,도매 및 상품 중개업,4
2024-05,아르헨티나,섬유제품 제조업; 의복제외,4
2024-05,아르헨티나,소매업; 자동차 제외,4
2024-05,아르헨티나,자동차 및 부품 판매업,2
2024-05,아르헨티나,전기장비 제조업,4
2024-05,아르헨티나,전자부품  컴퓨터  영상  음향 및 통신장비 제조업,2
2024-05,아르헨티나,펄프  종이 및 종이제품 제조업,4
2024-05,아르헨티나,화학물질 및 화학제품 제조업; 의약품 제외,4
2024-05,아이슬란드,고무 및 플라스틱제품 제조업,1
2024-05,아이티,자동차 및 부품 판매업,3
2024-05,아일랜드,고무 및 플라스틱제품 제조업,4
2024-05,아일랜드,도매 및 상품 중개업,4
2024-05,아일랜드,자동차 및 부품 판매업,1
2024-05,아일랜드,전자부품  컴퓨터  영상  음향 및 통신장비 제조업,1
2024-05,아일랜드,컴퓨터 프로그래밍  시스템 통합 및 관리업,1
2024-05,아일랜드,코크스  연탄 및 석유정제품 제조업,1
2024-05,아제르바이잔,자동차 및 부품 판매업,2
2024-05,알제리,자동차 및 부품 판매업,5
2024-05,알제리,전기장비 제조업,4
2024-05,알제리,전자부품  컴퓨터  영상  음향 및 통신장비 제조업,3
2024-05,알제리,화학물질 및 화학제품 제조업; 의약품 제외,5
2024-05,에콰도르,고무 및 플라스틱제품 제조업,4
2024-05,에콰도르,금속가공제품 제조업; 기계 및 가구 제외,2
2024-05,에콰도르,도매 및 상품 중개업,4
2024-05,에콰도르,섬유제품 제조업; 의복제외,4
2024-05,에콰도르,식료품 제조업,4
2024-05,에콰도르,자동차 및 부품 판매업,4
2024-05,에콰도르,자동차 및 트레일러 제조업,4
2024-05,에콰도르,전기장비 제조업,2
2024-05,에티오피아,도매 및 상품 중개업,5
2024-05,엘살바도르,금속가공제품 제조업; 기계 및 가구 제외,5
2024-05,엘살바도르,도매 및 상품 중개업,4
2024-05,엘살바도르,섬유제품 제조업; 의복제외,2
2024-05,엘살바도르,자동차 및 부품 판매업,4
2024-05,영국,1차 금속 제조업,3
2024-05,영국,개인 및 소비용품 수리업,1
2024-05,영국,고무 및 플라스틱제품 제조업,3
2024-05,영국,금속가공제품 제조업; 기계 및 가구 제외,3
2024-05,영국,금융업,2
2024-05,영국,기타 개인 서비스업,2
2024-05,영국,기타 기계 및 장비 제조업,3
2024-05,영국,기타 운송장비 제조업,1
2024-05,영국,기타 전문  과학 및 기술 서비스업,2
2024-05,영국,기타 제품 제조업,3
2024-05,영국,도매 및 상품 중개업,4
2024-05,영국,사업지원 서비스업,4
2024-05,영국,섬유제품 제조업; 의복제외,4
2024-05,영국,소매업; 자동차 제외,4
2024-05,영국,스포츠 및 오락관련 서비스업,1
2024-05,영국,우편 및 통신업,4
2024-05,영국,의료  정밀  광학기기 및 시계 제조업,1
2024-05,영국,의복  의복 액세서리 및 모피제품 제조업,1
2024-05,영국,자동차 및 부품 판매업,1
2024-05,영국,자동차 및 트레일러 제조업,3
2024-05,영국,전기장비 제조업,1
2024-05,영국,전문 서비스업,1
2024-05,영국,전문직별 공사업,1
2024-05,영국,전자부품  컴퓨터  영상  음향 및 통신장비 제조업,4
2024-05,영국,창고 및 운송관련 서비스업,2
2024-05,영국,출판업,2
2024-05,영국,컴퓨터 프로그래밍  시스템 통합 및 관리업,1
2024-05,영국,펄프  종이 및 종이제품 제조업,1
2024-05,영국,화학물질 및 화학제품 제조업; 의약품 제외,4
2024-05,오만,도매 및 상품 중개업,4
2024-05,오스트리아,고무 및 플라스틱제품 제조업,1
2024-05,오스트리아,금융업,1
2024-05,오스트리아,도매 및 상품 중개업,3
2024-05,오스트리아,자동차 및 부품 판매업,3
2024-05,오스트리아,자동차 및 트레일러 제조업,3
2024-05,오스트리아,전기장비 제조업,1
2024-05,온두라스,섬유제품 제조업; 의복제외,3
2024-05,온두라스,자동차 및 부품 판매업,5
2024-05,요르단,도매 및 상품 중개업,4
2024-05,요르단,자동차 및 부품 판매업,2
2024-05,우간다,가구 제조업,5
2024-05,우루과이,도매 및 상품 중개업,4
2024-05,우루과이,자동차 및 부품 판매업,2
2024-05,우즈베키스탄,고무 및 플라스틱제품 제조업,4
2024-05,우즈베키스탄,자동차 및 트레일러 제조업,2
2024-05,우즈베키스탄,전기장비 제조업,4
2024-05,우크라이나,고무 및 플라스틱제품 제조업,5
2024-05,우크라이나,도매 및 상품 중개업,4
2024-05,우크라이나,자동차 및 부품 판매업,3
2024-05,이라크,자동차 및 부품 판매업,3
2024-05,이란,1차 금속 제조업,3
2024-05,이란,기타 기계 및 장비 제조업,4
2024-05,이란,도매 및 상품 중개업,5
2024-05,이란,소매업; 자동차 제외,5
2024-05,이란,자동차 및 트레일러 제조업,5
2024-05,이란,전기장비 제조업,5
2024-05,이란,화학물질 및 화학제품 제조업; 의약품 제외,5
2024-05,이스라엘,고무 및 플라스틱제품 제조업,5
2024-05,이스라엘,금융업,2
2024-05,이스라엘,기타 기계 및 장비 제조업,5
2024-05,이스라엘,도매 및 상품 중개업,5
2024-05,이스라엘,의복  의복 액세서리 및 모피제품 제조업,2
2024-05,이스라엘,자동차 및 부품 판매업,2
2024-05,이스라엘,전기장비 제조업,4
2024-05,이스라엘,전자부품  컴퓨터  영상  음향 및 통신장비 제조업,2
2024-05,이스라엘,펄프  종이 및 종이제품 제조업,2
2024-05,이스라엘,화학물질 및 화학제품 제조업; 의약품 제외,4
2024-05,이집트,1차 금속 제조업,4
2024-05,이집트,고무 및 플라스틱제품 제조업,3
2024-05,이집트,기타 기계 및 장비 제조업,5
2024-05,이집트,도매 및 상품 중개업,5
2024-05,이집트,사업지원 서비스업,3
2024-05,이집트,섬유제품 제조업; 의복제외,5
2024-05,이집트,의료  정밀  광학기기 및 시계 제조업,3
2024-05,이집트,자동차 및 부품 판매업,4
2024-05,이집트,자동차 및 트레일러 제조업,3
2024-05,이집트,전기장비 제조업,5
2024-05,이집트,화학물질 및 화학제품 제조업; 의약품 제외,5
2024-05,이탈리아,1차 금속 제조업,3
2024-05,이탈리아,가구 제조업,2
2024-05,이탈리아,가죽  가방 및 신발 제조업,2
2024-05,이탈리아,개인 및 소비용품 수리업,3
2024-05,이탈리아,고무 및 플라스틱제품 제조업,4
2024-05,이탈리아,금속가공제품 제조업; 기계 및 가구 제외,3
2024-05,이탈리아,금융업,4
2024-05,이탈리아,기타 기계 및 장비 제조업,3
2024-05,이탈리아,기타 제품 제조업,1
2024-05,이탈리아,도매 및 상품 중개업,3
2024-05,이탈리아,비금속 광물제품 제조업,2
2024-05,이탈리아,섬유제품 제조업; 의복제외,3
2024-05,이탈리아,식료품 제조업,3
2024-05,이탈리아,의료  정밀  광학기기 및 시계 제조업,2
2024-05,이탈리아,의료용 물질 및 의약품 제조업,2
2024-05,이탈리아,의복  의복 액세서리 및 모피제품 제조업,1
2024-05,이탈리아,자동차 및 부품 판매업,3
2024-05,이탈리아,자동차 및 트레일러 제조업,1
2024-05,이탈리아,전기장비 제조업,3
2024-05,이탈리아,전문 서비스업,1
2024-05,이탈리아,전문직별 공사업,2
2024-05,이탈리아,전자부품  컴퓨터  영상  음향 및 통신장비 제조업,1
2024-05,이탈리아,펄프  종이 및 종이제품 제조업,2
2024-05,이탈리아,화학물질 및 화학제품 제조업; 의약품 제외,3
2024-05,인도,1차 금속 제조업,4
2024-05,인도,가죽  가방 및 신발 제조업,4
2024-05,인도,개인 및 소비용품 수리업,2
2024-05,인도,건축기술  엔지니어링 및 기타 과학기술 서비스업,4
2024-05,인도,고무 및 플라스틱제품 제조업,5
2024-05,인도,금속가공제품 제조업; 기계 및 가구 제외,5
2024-05,인도,기타 기계 및 장비 제조업,4
2024-05,인도,도매 및 상품 중개업,5
2024-05,인도,비금속 광물제품 제조업,4
2024-05,인도,섬유제품 제조업; 의복제외,4
2024-05,인도,식료품 제조업,5
2024-05,인도,우편 및 통신업,3
2024-05,인도,의료  정밀  광학기기 및 시계 제조업,2
2024-05,인도,의료용 물질 및 의약품 제조업,4
2024-05,인도,의복  의복 액세서리 및 모피제품 제조업,3
2024-05,인도,자동차 및 부품 판매업,3
2024-05,인도,자동차 및 트레일러 제조업,4
2024-05,인도,전기장비 제조업,5
2024-05,인도,전자부품  컴퓨터  영상  음향 및 통신장비 제조업,4
2024-05,인도,출판업,2
2024-05,인도,컴퓨터 프로그래밍  시스템 통합 및 관리업,2
2024-05,인도,코크스  연탄 및 석유정제품 제조업,3
2024-05,인도,펄프  종이 및 종이제품 제조업,4
2024-05,인도,화학물질 및 화학제품 제조업; 의약품 제외,4
2024-05,인도네시아,1차 금속 제조업,4
2024-05,인도네시아,가죽  가방 및 신발 제조업,2
2024-05,인도네시아,고무 및 플라스틱제품 제조업,4
2024-05,인도네시아,금속가공제품 제조업; 기계 및 가구 제외,5
2024-05,인도네시아,담배 제조업,2
2024-05,인도네시아,도매 및 상품 중개업,4
2024-05,인도네시아,섬유제품 제조업; 의복제외,4
2024-05,인도네시아,식료품 제조업,2
2024-05,인도네시아,의복  의복 액세서리 및 모피제품 제조업,4
2024-05,인도네시아,자동차 및 부품 판매업,4
2024-05,인도네시아,자동차 및 트레일러 제조업,4
2024-05,인도네시아,전기장비 제조업,4
2024-05,인도네시아,전문직별 공사업,2
2024-05,인도네시아,전자부품  컴퓨터  영상  음향 및 통신장비 제조업,4
2024-05,인도네시아,창고 및 운송관련 서비스업,2
2024-05,인도네시아,펄프  종이 및 종이제품 제조업,2
2024-05,인도네시아,화학물질 및 화학제품 제조업; 의약품 제외,4
2024-05,일본,1차 금속 제조업,4
2024-05,일본,고무 및 플라스틱제품 제조업,3
2024-05,일본,금속가공제품 제조업; 기계 및 가구 제외,3
2024-05,일본,금융업,4
2024-05,일본,기타 기계 및 장비 제조업,1
2024-05,일본,기타 운송장비 제조업,1
2024-05,일본,기타 제품 제조업,3
2024-05,일본,도매 및 상품 중개업,3
2024-05,일본,비금속 광물제품 제조업,1
2024-05,일본,사업지원 서비스업,1
2024-05,일본,섬유제품 제조업; 의복제외,1
2024-05,일본,소매업; 자동차 제외,3
2024-05,일본,식료품 제조업,3
2024-05,일본,우편 및 통신업,2
2024-05,일본,육상운송 및 파이프라인 운송업,1
2024-05,일본,음료 제조업,1
2024-05,일본,의료  정밀  광학기기 및 시계 제조업,1
2024-05,일본,의료용 물질 및 의약품 제조업,2
2024-05,일본,의복  의복 액세서리 및 모피제품 제조업,1
2024-05,일본,임대업; 부동산 제외,3
2024-05,일본,자동차 및 부품 판매업,2
2024-05,일본,자동차 및 트레일러 제조업,3
2024-05,일본,전기장비 제조업,3
2024-05,일본,전문 서비스업,4
2024-05,일본,전문직별 공사업,1
2024-05,일본,전자부품  컴퓨터  영상  음향 및 통신장비 제조업,4
2024-05,일본,정보서비스업,1
2024-05,일본,종합 건설업,1
2024-05,일본,창고 및 운송관련 서비스업,1
2024-05,일본,출판업,1
2024-05,일본,코크스  연탄 및 석유정제품 제조업,4
2024-05,일본,펄프  종이 및 종이제품 제조업,1
2024-05,일본,화학물질 및 화학제품 제조업; 의약품 제외,4
2024-05,자메이카,자동차 및 부품 판매업,4
2024-05,조지아,자동차 및 부품 판매업,4
2024-05,중국,1차 금속 제조업,4
2024-05,중국,가구 제조업,3
2024-05,중국,가죽  가방 및 신발 제조업,3
2024-05,중국,고무 및 플라스틱제품 제조업,5
2024-05,중국,금속가공제품 제조업; 기계 및 가구 제외,5
2024-05,중국,기타 기계 및 장비 제조업,5
2024-05,중국,기타 운송장비 제조업,3
2024-05,중국,기타 제품 제조업,3
2024-05,중국,도매 및 상품 중개업,5
2024-05,중국,비금속 광물제품 제조업,3
2024-05,중국,섬유제품 제조업; 의복제외,4
2024-05,중국,소매업; 자동차 제외,2
2024-05,중국,식료품 제조업,5
2024-05,중국,음료 제조업,3
2024-05,중국,의료  정밀  광학기기 및 시계 제조업,5
2024-05,중국,의료용 물질 및 의약품 제조업,3
2024-05,중국,자동차 및 부품 판매업,3
2024-05,중국,자동차 및 트레일러 제조업,5
2024-05,중국,전기장비 제조업,5
2024-05,중국,전문 서비스업,3
2024-05,중국,전문직별 공사업,3
2024-05,중국,전자부품  컴퓨터  영상  음향 및 통신장비 제조업,5
2024-05,중국,창고 및 운송관련 서비스업,5
2024-05,중국,출판업,3
2024-05,중국,코크스  연탄 및 석유정제품 제조업,3
2024-05,중국,펄프  종이 및 종이제품 제조업,3
2024-05,중국,항공 운송업,3
2024-05,중국,화학물질 및 화학제품 제조업; 의약품 제외,5
2024-05,지브랄타,도매 및 상품 중개업,2
2024-05,체코,1차 금속 제조업,1
2024-05,체코,고무 및 플라스틱제품 제조업,3
2024-05,체코,금속가공제품 제조업; 기계 및 가구 제외,4
2024-05,체코,기타 기계 및 장비 제조업,3
2024-05,체코,도매 및 상품 중개업,2
2024-05,체코,비금속 광물제품 제조업,2
2024-05,체코,섬유제품 제조업; 의복제외,1
2024-05,체코,자동차 및 부품 판매업,3
2024-05,체코,자동차 및 트레일러 제조업,3
2024-05,체코,전기장비 제조업,1
2024-05,체코,화학물질 및 화학제품 제조업; 의약품 제외,2
2024-05,칠레,1차 금속 제조업,4
2024-05,칠레,고무 및 플라스틱제품 제조업,4
2024-05,칠레,금속가공제품 제조업; 기계 및 가구 제외,4
2024-05,칠레,도매 및 상품 중개업,4
2024-05,칠레,소매업; 자동차 제외,2
2024-05,칠레,자동차 및 부품 판매업,4
2024-05,칠레,전기장비 제조업,3
2024-05,칠레,화학물질 및 화학제품 제조업; 의약품 제외,2
2024-05,카자흐스탄,고무 및 플라스틱제품 제조업,3
2024-05,카자흐스탄,도매 및 상품 중개업,4
2024-05,카자흐스탄,비금속 광물제품 제조업,4
2024-05,카자흐스탄,자동차 및 부품 판매업,4
2024-05,카자흐스탄,자동차 및 트레일러 제조업,5
2024-05,카타르,건축기술  엔지니어링 및 기타 과학기술 서비스업,2
2024-05,카타르,도매 및 상품 중개업,4
2024-05,카타르,자동차 및 부품 판매업,2
2024-05,카타르,화학물질 및 화학제품 제조업; 의약품 제외,2
2024-05,캄보디아,도매 및 상품 중개업,5
2024-05,캄보디아,소매업; 자동차 제외,4
2024-05,캄보디아,자동차 및 트레일러 제조업,3
2024-05,캐나다,1차 금속 제조업,1
2024-05,캐나다,고무 및 플라스틱제품 제조업,1
2024-05,캐나다,금속가공제품 제조업; 기계 및 가구 제외,3
2024-05,캐나다,기타 기계 및 장비 제조업,1
2024-05,캐나다,기타 운송장비 제조업,1
2024-05,캐나다,기타 제품 제조업,1
2024-05,캐나다,도매 및 상품 중개업,3
2024-05,캐나다,목재 및 나무제품 제조업; 가구 제외,2
2024-05,캐나다,산업용 기계 및 장비 수리업,2
2024-05,캐나다,섬유제품 제조업; 의복제외,1
2024-05,캐나다,소매업; 자동차 제외,3
2024-05,캐나다,우편 및 통신업,1
2024-05,캐나다,의복  의복 액세서리 및 모피제품 제조업,2
2024-05,캐나다,자동차 및 부품 판매업,3
2024-05,캐나다,자동차 및 트레일러 제조업,1
2024-05,캐나다,전기장비 제조업,1
2024-05,캐나다,전자부품  컴퓨터  영상  음향 및 통신장비 제조업,4
2024-05,캐나다,정보서비스업,2
2024-05,캐나다,출판업,2
2024-05,캐나다,펄프  종이 및 종이제품 제조업,2
2024-05,캐나다,화학물질 및 화학제품 제조업; 의약품 제외,2
2024-05,케냐,가구 제조업,3
2024-05,케냐,가죽  가방 및 신발 제조업,3
2024-05,케냐,도매 및 상품 중개업,4
2024-05,케냐,자동차 및 부품 판매업,2
2024-05,케이만군도,금융 및 보험 관련 서비스업,1
2024-05,코스타리카,고무 및 플라스틱제품 제조업,1
2024-05,코스타리카,도매 및 상품 중개업,2
2024-05,코스타리카,자동차 및 부품 판매업,3
2024-05,코트디부아르,화학물질 및 화학제품 제조업; 의약품 제외,3
2024-05,콜롬비아,고무 및 플라스틱제품 제조업,5
2024-05,콜롬비아,금속가공제품 제조업; 기계 및 가구 제외,2
2024-05,콜롬비아,도매 및 상품 중개업,4
2024-05,콜롬비아,섬유제품 제조업; 의복제외,4
2024-05,콜롬비아,소매업; 자동차 제외,4
2024-05,콜롬비아,식료품 제조업,3
2024-05,콜롬비아,의복  의복 액세서리 및 모피제품 제조업,4
2024-05,콜롬비아,자동차 및 부품 판매업,5
2024-05,콜롬비아,자동차 및 트레일러 제조업,5
2024-05,콜롬비아,전기장비 제조업,4
2024-05,콜롬비아,펄프  종이 및 종이제품 제조업,2
2024-05,콜롬비아,화학물질 및 화학제품 제조업; 의약품 제외,3
2024-05,쿠바,전기  가스  증기 및 공기조절 공급업,5
2024-05,크로아티아,개인 및 소비용품 수리업,2
2024-05,크로아티아,도매 및 상품 중개업,2
2024-05,탄자니아,도매 및 상품 중개업,3
2024-05,태국,1차 금속 제조업,4
2024-05,태국,가죽  가방 및 신발 제조업,3
2024-05,태국,고무 및 플라스틱제품 제조업,4
2024-05,태국,금속가공제품 제조업; 기계 및 가구 제외,4
2024-05,태국,기타 기계 및 장비 제조업,2
2024-05,태국,기타 제품 제조업,2
2024-05,태국,도매 및 상품 중개업,4
2024-05,태국,소매업; 자동차 제외,2
2024-05,태국,식료품 제조업,4
2024-05,태국,의료  정밀  광학기기 및 시계 제조업,2
2024-05,태국,의복  의복 액세서리 및 모피제품 제조업,3
2024-05,태국,자동차 및 부품 판매업,2
2024-05,태국,자동차 및 트레일러 제조업,4
2024-05,태국,전기장비 제조업,4
2024-05,태국,전문 서비스업,5
2024-05,태국,전자부품  컴퓨터  영상  음향 및 통신장비 제조업,4
2024-05,태국,창고 및 운송관련 서비스업,2
2024-05,태국,펄프  종이 및 종이제품 제조업,4
2024-05,태국,화학물질 및 화학제품 제조업; 의약품 제외,4
2024-05,튀니지,도매 및 상품 중개업,4
2024-05,튀르키예(구 터키),1차 금속 제조업,2
2024-05,튀르키예(구 터키),고무 및 플라스틱제품 제조업,4
2024-05,튀르키예(구 터키),금속가공제품 제조업; 기계 및 가구 제외,4
2024-05,튀르키예(구 터키),기타 기계 및 장비 제조업,5
2024-05,튀르키예(구 터키),기타 운송장비 제조업,3
2024-05,튀르키예(구 터키),도매 및 상품 중개업,5
2024-05,튀르키예(구 터키),목재 및 나무제품 제조업; 가구 제외,3
2024-05,튀르키예(구 터키),방송업,3
2024-05,튀르키예(구 터키),비금속 광물제품 제조업,3
2024-05,튀르키예(구 터키),섬유제품 제조업; 의복제외,4
2024-05,튀르키예(구 터키),식료품 제조업,2
2024-05,튀르키예(구 터키),의료용 물질 및 의약품 제조업,5
2024-05,튀르키예(구 터키),의복  의복 액세서리 및 모피제품 제조업,3
2024-05,튀르키예(구 터키),자동차 및 부품 판매업,3
2024-05,튀르키예(구 터키),자동차 및 트레일러 제조업,2
2024-05,튀르키예(구 터키),전기장비 제조업,3
2024-05,튀르키예(구 터키),전자부품  컴퓨터  영상  음향 및 통신장비 제조업,3
2024-05,튀르키예(구 터키),펄프  종이 및 종이제품 제조업,3
2024-05,튀르키예(구 터키),화학물질 및 화학제품 제조업; 의약품 제외,5
2024-05,트리니다드토바고,도매 및 상품 중개업,2
2024-05,트리니다드토바고,자동차 및 부품 판매업,2
2024-05,파나마,금융 및 보험 관련 서비스업,2
2024-05,파나마,금융업,3
2024-05,파나마,도매 및 상품 중개업,4
2024-05,파나마,자동차 및 부품 판매업,4
2024-05,파나마,화학물질 및 화학제품 제조업; 의약품 제외,2
2024-05,파라과이,고무 및 플라스틱제품 제조업,5
2024-05,파라과이,기타 운송장비 제조업,2
2024-05,파라과이,도매 및 상품 중개업,2
2024-05,파라과이,소매업; 자동차 제외,3
2024-05,파라과이,자동차 및 부품 판매업,4
2024-05,파키스탄,도매 및 상품 중개업,5
2024-05,파키스탄,식료품 제조업,3
2024-05,파키스탄,의복  의복 액세서리 및 모피제품 제조업,3
2024-05,파키스탄,전기장비 제조업,5
2024-05,파키스탄,펄프  종이 및 종이제품 제조업,3
2024-05,파키스탄,화학물질 및 화학제품 제조업; 의약품 제외,3
2024-05,페루,고무 및 플라스틱제품 제조업,4
2024-05,페루,금속가공제품 제조업; 기계 및 가구 제외,2
2024-05,페루,도매 및 상품 중개업,5
2024-05,페루,섬유제품 제조업; 의복제외,4
2024-05,페루,자동차 및 부품 판매업,4
2024-05,페루,자동차 및 트레일러 제조업,3
2024-05,페루,화학물질 및 화학제품 제조업; 의약품 제외,4
2024-05,포르투갈,고무 및 플라스틱제품 제조업,1
2024-05,포르투갈,기타 기계 및 장비 제조업,2
2024-05,포르투갈,도매 및 상품 중개업,3
2024-05,포르투갈,섬유제품 제조업; 의복제외,1
2024-05,포르투갈,자동차 및 부품 판매업,2
2024-05,폴란드,1차 금속 제조업,3
2024-05,폴란드,개인 및 소비용품 수리업,2
2024-05,폴란드,고무 및 플라스틱제품 제조업,4
2024-05,폴란드,금속가공제품 제조업; 기계 및 가구 제외,4
2024-05,폴란드,기타 기계 및 장비 제조업,4
2024-05,폴란드,도매 및 상품 중개업,3
2024-05,폴란드,산업용 기계 및 장비 수리업,3
2024-05,폴란드,섬유제품 제조업; 의복제외,4
2024-05,폴란드,소매업; 자동차 제외,1
2024-05,폴란드,식료품 제조업,4
2024-05,폴란드,의료용 물질 및 의약품 제조업,2
2024-05,폴란드,자동차 및 부품 판매업,4
2024-05,폴란드,자동차 및 트레일러 제조업,2
2024-05,폴란드,전기장비 제조업,2
2024-05,폴란드,전자부품  컴퓨터  영상  음향 및 통신장비 제조업,4
2024-05,폴란드,펄프  종이 및 종이제품 제조업,3
2024-05,폴란드,화학물질 및 화학제품 제조업; 의약품 제외,1
2024-05,프랑스,개인 및 소비용품 수리업,1
2024-05,프랑스,건축기술  엔지니어링 및 기타 과학기술 서비스업,1
2024-05,프랑스,고무 및 플라스틱제품 제조업,1
2024-05,프랑스,금속가공제품 제조업; 기계 및 가구 제외,1
2024-05,프랑스,금융업,3
2024-05,프랑스,기타 기계 및 장비 제조업,1
2024-05,프랑스,도매 및 상품 중개업,4
2024-05,프랑스,부동산업,1
2024-05,프랑스,비금속 광물제품 제조업,1
2024-05,프랑스,섬유제품 제조업; 의복제외,3
2024-05,프랑스,소매업; 자동차 제외,4
2024-05,프랑스,수상 운송업,2
2024-05,프랑스,스포츠 및 오락관련 서비스업,1
2024-05,프랑스,의복  의복 액세서리 및 모피제품 제조업,3
2024-05,프랑스,자동차 및 부품 판매업,2
2024-05,프랑스,자동차 및 트레일러 제조업,4
2024-05,프랑스,전기장비 제조업,2
2024-05,프랑스,전문 서비스업,2
2024-05,프랑스,전문직별 공사업,1
2024-05,프랑스,전자부품  컴퓨터  영상  음향 및 통신장비 제조업,2
2024-05,프랑스,화학물질 및 화학제품 제조업; 의약품 제외,1
2024-05,핀란드,고무 및 플라스틱제품 제조업,1
2024-05,핀란드,도매 및 상품 중개업,1
2024-05,핀란드,자동차 및 부품 판매업,1
2024-05,핀란드,자동차 및 트레일러 제조업,2
2024-05,핀란드,전기장비 제조업,1
2024-05,핀란드,전자부품  컴퓨터  영상  음향 및 통신장비 제조업,2
2024-05,핀란드,출판업,1
2024-05,필리핀,고무 및 플라스틱제품 제조업,2
2024-05,필리핀,기타 운송장비 제조업,3
2024-05,필리핀,도매 및 상품 중개업,4
2024-05,필리핀,식료품 제조업,4
2024-05,필리핀,자동차 및 부품 판매업,4
2024-05,필리핀,자동차 및 트레일러 제조업,2
2024-05,필리핀,전기장비 제조업,2
2024-05,필리핀,전자부품  컴퓨터  영상  음향 및 통신장비 제조업,2
2024-05,필리핀,종합 건설업,3
2024-05,필리핀,펄프  종이 및 종이제품 제조업,3
2024-05,필리핀,항공 운송업,4
2024-05,필리핀,화학물질 및 화학제품 제조업; 의약품 제외,5
2024-05,헝가리,개인 및 소비용품 수리업,2
2024-05,헝가리,고무 및 플라스틱제품 제조업,3
2024-05,헝가리,금속가공제품 제조업; 기계 및 가구 제외,1
2024-05,헝가리,기타 기계 및 장비 제조업,3
2024-05,헝가리,도매 및 상품 중개업,4
2024-05,헝가리,식료품 제조업,2
2024-05,헝가리,연구개발업,2
2024-05,헝가리,자동차 및 부품 판매업,2
2024-05,헝가리,자동차 및 트레일러 제조업,2
2024-05,헝가리,전기장비 제조업,2
2024-05,헝가리,전자부품  컴퓨터  영상  음향 및 통신장비 제조업,2
2024-05,호주,1차 금속 제조업,4
2024-05,호주,고무 및 플라스틱제품 제조업,3
2024-05,호주,금속가공제품 제조업; 기계 및 가구 제외,3
2024-05,호주,기타 기계 및 장비 제조업,3
2024-05,호주,기타 제품 제조업,3
2024-05,호주,도매 및 상품 중개업,3
2024-05,호주,섬유제품 제조업; 의복제외,2
2024-05,호주,소매업; 자동차 제외,3
2024-05,호주,우편 및 통신업,2
2024-05,호주,인쇄 및 기록매체 복제업,1
2024-05,호주,자동차 및 부품 판매업,3
2024-05,호주,자동차 및 트레일러 제조업,1
2024-05,호주,전기장비 제조업,2
2024-05,호주,출판업,3
2024-05,호주,컴퓨터 프로그래밍  시스템 통합 및 관리업,1
2024-05,호주,펄프  종이 및 종이제품 제조업,1
2024-05,호주,화학물질 및 화학제품 제조업; 의약품 제외,1
2024-05,홍콩,가죽  가방 및 신발 제조업,2
2024-05,홍콩,금융업,3
2024-05,홍콩,기타 기계 및 장비 제조업,2
2024-05,홍콩,도매 및 상품 중개업,4
2024-05,홍콩,소매업; 자동차 제외,4
2024-05,홍콩,의료  정밀  광학기기 및 시계 제조업,2
2024-05,홍콩,자동차 및 부품 판매업,2
2024-05,홍콩,전기장비 제조업,2
2024-05,홍콩,전자부품  컴퓨터  영상  음향 및 통신장비 제조업,2
2024-05,홍콩,창고 및 운송관련 서비스업,2
2024-05,홍콩,출판업,2
2024-05,홍콩,항공 운송업,3
2024-04,가나,화학물질 및 화학제품 제조업; 의약품 제외,2
2024-04,가이아나,도매 및 상품 중개업,2
2024-04,과테말라,도매 및 상품 중개업,3
2024-04,과테말라,섬유제품 제조업; 의복제외,5
2024-04,과테말라,자동차 및 부품 판매업,4
2024-04,괌,도매 및 상품 중개업,4
2024-04,그리스,도매 및 상품 중개업,3
2024-04,그리스,자동차 및 부품 판매업,3
2024-04,그리스,펄프  종이 및 종이제품 제조업,2
2024-04,나이지리아,도매 및 상품 중개업,5
2024-04,남아프리카공화국,1차 금속 제조업,4
2024-04,남아프리카공화국,개인 및 소비용품 수리업,2
2024-04,남아프리카공화국,고무 및 플라스틱제품 제조업,4
2024-04,남아프리카공화국,기타 기계 및 장비 제조업,5
2024-04,남아프리카공화국,도매 및 상품 중개업,4
2024-04,남아프리카공화국,섬유제품 제조업; 의복제외,4
2024-04,남아프리카공화국,식료품 제조업,3
2024-04,남아프리카공화국,인쇄 및 기록매체 복제업,5
2024-04,남아프리카공화국,자동차 및 부품 판매업,2
2024-04,남아프리카공화국,자동차 및 트레일러 제조업,2
2024-04,남아프리카공화국,전기  가스  증기 및 공기조절 공급업,2
2024-04,남아프리카공화국,전기장비 제조업,4
2024-04,남아프리카공화국,전문직별 공사업,5
2024-04,남아프리카공화국,전자부품  컴퓨터  영상  음향 및 통신장비 제조업,4
2024-04,남아프리카공화국,출판업,2
2024-04,남아프리카공화국,펄프  종이 및 종이제품 제조업,2
2024-04,남아프리카공화국,화학물질 및 화학제품 제조업; 의약품 제외,4
2024-04,네덜란드,1차 금속 제조업,1
2024-04,네덜란드,고무 및 플라스틱제품 제조업,2
2024-04,네덜란드,금속가공제품 제조업; 기계 및 가구 제외,3
2024-04,네덜란드,금융업,3
2024-04,네덜란드,기타 기계 및 장비 제조업,3
2024-04,네덜란드,도매 및 상품 중개업,4
2024-04,네덜란드,섬유제품 제조업; 의복제외,2
2024-04,네덜란드,식료품 제조업,2
2024-04,네덜란드,육상운송 및 파이프라인 운송업,1
2024-04,네덜란드,임대업; 부동산 제외,2
2024-04,네덜란드,자동차 및 부품 판매업,3
2024-04,네덜란드,자동차 및 트레일러 제조업,3
2024-04,네덜란드,전기장비 제조업,1
2024-04,네덜란드,전문 서비스업,3
2024-04,네덜란드,전자부품  컴퓨터  영상  음향 및 통신장비 제조업,1
2024-04,네덜란드,컴퓨터 프로그래밍  시스템 통합 및 관리업,1
2024-04,네덜란드,펄프  종이 및 종이제품 제조업,1
2024-04,네덜란드,화학물질 및 화학제품 제조업; 의약품 제외,3
2024-04,노르웨이,도매 및 상품 중개업,3
2024-04,노르웨이,수상 운송업,1
2024-04,노르웨이,의복  의복 액세서리 및 모피제품 제조업,1
2024-04,노르웨이,자동차 및 부품 판매업,1
2024-04,뉴질랜드,1차 금속 제조업,1
2024-04,뉴질랜드,도매 및 상품 중개업,3
2024-04,뉴질랜드,소매업; 자동차 제외,1
2024-04,뉴질랜드,자동차 및 부품 판매업,3
2024-04,뉴질랜드,펄프  종이 및 종이제품 제조업,4
2024-04,뉴질랜드,화학물질 및 화학제품 제조업; 의약품 제외,1
2024-04,뉴칼레도니아,도매 및 상품 중개업,2
2024-04,니카라과,자동차 및 부품 판매업,4
2024-04,대만,1차 금속 제조업,1
2024-04,대만,가죽  가방 및 신발 제조업,2
2024-04,대만,건축기술  엔지니어링 및 기타 과학기술 서비스업,2
2024-04,대만,고무 및 플라스틱제품 제조업,1
2024-04,대만,금속가공제품 제조업; 기계 및 가구 제외,2
2024-04,대만,금융업,5
2024-04,대만,기타 기계 및 장비 제조업,1
2024-04,대만,기타 운송장비 제조업,1
2024-04,대만,도매 및 상품 중개업,3
2024-04,대만,비금속 광물제품 제조업,1
2024-04,대만,섬유제품 제조업; 의복제외,2
2024-04,대만,소매업; 자동차 제외,2
2024-04,대만,식료품 제조업,1
2024-04,대만,의료  정밀  광학기기 및 시계 제조업,1
2024-04,대만,자동차 및 부품 판매업,1
2024-04,대만,자동차 및 트레일러 제조업,1
2024-04,대만,전기장비 제조업,4
2024-04,대만,전자부품  컴퓨터  영상  음향 및 통신장비 제조업,3
2024-04,대만,출판업,1
2024-04,대만,컴퓨터 프로그래밍  시스템 통합 및 관리업,1
2024-04,대만,펄프  종이 및 종이제품 제조업,1
2024-04,대만,항공 운송업,5
2024-04,대만,화학물질 및 화학제품 제조업; 의약품 제외,4
2024-04,덴마크,개인 및 소비용품 수리업,2
2024-04,덴마크,국제 및 외국기관,5
2024-04,덴마크,기타 기계 및 장비 제조업,1
2024-04,덴마크,도매 및 상품 중개업,3
2024-04,덴마크,식료품 제조업,1
2024-04,덴마크,연구개발업,1
2024-04,덴마크,자동차 및 부품 판매업,1
2024-04,덴마크,전문 서비스업,1
2024-04,도미니카공화국,도매 및 상품 중개업,2
2024-04,도미니카공화국,자동차 및 부품 판매업,4
2024-04,독일,1차 금속 제조업,2
2024-04,독일,개인 및 소비용품 수리업,1
2024-04,독일,고무 및 플라스틱제품 제조업,4
2024-04,독일,금속가공제품 제조업; 기계 및 가구 제외,1
2024-04,독일,금융업,1
2024-04,독일,기타 기계 및 장비 제조업,3
2024-04,독일,기타 운송장비 제조업,1
2024-04,독일,기타 제품 제조업,3
2024-04,독일,도매 및 상품 중개업,4
2024-04,독일,부동산업,2
2024-04,독일,비금속 광물제품 제조업,3
2024-04,독일,사업지원 서비스업,2
2024-04,독일,산업용 기계 및 장비 수리업,2
2024-04,독일,섬유제품 제조업; 의복제외,3
2024-04,독일,소매업; 자동차 제외,3
2024-04,독일,수상 운송업,1
2024-04,독일,식료품 제조업,2
2024-04,독일,우편 및 통신업,1
2024-04,독일,의료  정밀  광학기기 및 시계 제조업,2
2024-04,독일,의료용 물질 및 의약품 제조업,1
2024-04,독일,의복  의복 액세서리 및 모피제품 제조업,1
2024-04,독일,자동차 및 부품 판매업,3
2024-04,독일,자동차 및 트레일러 제조업,3
2024-04,독일,전기  가스  증기 및 공기조절 공급업,4
2024-04,독일,전기장비 제조업,3
2024-04,독일,전문 서비스업,1
2024-04,독일,전자부품  컴퓨터  영상  음향 및 통신장비 제조업,4
2024-04,독일,컴퓨터 프로그래밍  시스템 통합 및 관리업,1
2024-04,독일,코크스  연탄 및 석유정제품 제조업,3
2024-04,독일,펄프  종이 및 종이제품 제조업,1
2024-04,독일,화학물질 및 화학제품 제조업; 의약품 제외,2
2024-04,라오스,도매 및 상품 중개업,4
2024-04,라트비아,도매 및 상품 중개업,1
2024-04,라트비아,자동차 및 부품 판매업,1
2024-04,러시아,고무 및 플라스틱제품 제조업,5
2024-04,러시아,금속가공제품 제조업; 기계 및 가구 제외,3
2024-04,러시아,담배 제조업,2
2024-04,러시아,도매 및 상품 중개업,5
2024-04,러시아,비금속 광물제품 제조업,3
2024-04,러시아,소매업; 자동차 제외,5
2024-04,러시아,식료품 제조업,2
2024-04,러시아,의료용 물질 및 의약품 제조업,3
2024-04,러시아,자동차 및 부품 판매업,4
2024-04,러시아,자동차 및 트레일러 제조업,4
2024-04,러시아,전기장비 제조업,5
2024-04,러시아,종합 건설업,3
2024-04,러시아,펄프  종이 및 종이제품 제조업,3
2024-04,러시아,화학물질 및 화학제품 제조업; 의약품 제외,3
2024-04,레바논,도매 및 상품 중개업,4
2024-04,레바논,자동차 및 부품 판매업,5
2024-04,루마니아,고무 및 플라스틱제품 제조업,3
2024-04,루마니아,기타 기계 및 장비 제조업,2
2024-04,루마니아,도매 및 상품 중개업,4
2024-04,루마니아,자동차 및 부품 판매업,3
2024-04,루마니아,자동차 및 트레일러 제조업,4
2024-04,루마니아,전기장비 제조업,2
2024-04,루마니아,전자부품  컴퓨터  영상  음향 및 통신장비 제조업,4
2024-04,룩셈부르크,고무 및 플라스틱제품 제조업,1
2024-04,룩셈부르크,금융업,4
2024-04,룩셈부르크,사업지원 서비스업,5
2024-04,룩셈부르크,전기  가스  증기 및 공기조절 공급업,2
2024-04,리투아니아,도매 및 상품 중개업,3
2024-04,리투아니아,사업지원 서비스업,1
2024-04,리투아니아,자동차 및 부품 판매업,2
2024-04,리투아니아,화학물질 및 화학제품 제조업; 의약품 제외,2
2024-04,리히텐슈타인,금속가공제품 제조업; 기계 및 가구 제외,2
2024-04,리히텐슈타인,기타 기계 및 장비 제조업,1
2024-04,마카오,도매 및 상품 중개업,4
2024-04,마카오,사업지원 서비스업,1
2024-04,마카오,소매업; 자동차 제외,1
2024-04,말라위,화학물질 및 화학제품 제조업; 의약품 제외,2
2024-04,말레이시아,1차 금속 제조업,2
2024-04,말레이시아,개인 및 소비용품 수리업,3
2024-04,말레이시아,고무 및 플라스틱제품 제조업,4
2024-04,말레이시아,금속가공제품 제조업; 기계 및 가구 제외,4
2024-04,말레이시아,금융업,2
2024-04,말레이시아,기타 기계 및 장비 제조업,5
2024-04,말레이시아,기타 운송장비 제조업,2
2024-04,말레이시아,도매 및 상품 중개업,4
2024-04,말레이시아,사업지원 서비스업,4
2024-04,말레이시아,식료품 제조업,2
2024-04,말레이시아,인쇄 및 기록매체 복제업,3
2024-04,말레이시아,자동차 및 부품 판매업,4
2024-04,말레이시아,자동차 및 트레일러 제조업,2
2024-04,말레이시아,전기장비 제조업,4
2024-04,말레이시아,전자부품  컴퓨터  영상  음향 및 통신장비 제조업,2
2024-04,말레이시아,창고 및 운송관련 서비스업,2
2024-04,말레이시아,펄프  종이 및 종이제품 제조업,2
2024-04,말레이시아,화학물질 및 화학제품 제조업; 의약품 제외,4
2024-04,멕시코,1차 금속 제조업,4
2024-04,멕시코,고무 및 플라스틱제품 제조업,4
2024-04,멕시코,금속가공제품 제조업; 기계 및 가구 제외,4
2024-04,멕시코,기타 기계 및 장비 제조업,3
2024-04,멕시코,도매 및 상품 중개업,4
2024-04,멕시코,섬유제품 제조업; 의복제외,5
2024-04,멕시코,소매업; 자동차 제외,2
2024-04,멕시코,자동차 및 부품 판매업,4
2024-04,멕시코,자동차 및 트레일러 제조업,2
2024-04,멕시코,전기장비 제조업,4
2024-04,멕시코,전문 서비스업,5
2024-04,멕시코,전자부품  컴퓨터  영상  음향 및 통신장비 제조업,2
2024-04,멕시코,종합 건설업,2
2024-04,멕시코,컴퓨터 프로그래밍  시스템 통합 및 관리업,4
2024-04,멕시코,펄프  종이 및 종이제품 제조업,3
2024-04,멕시코,화학물질 및 화학제품 제조업; 의약품 제외,4
2024-04,모로코,가구 제조업,2
2024-04,모로코,도매 및 상품 중개업,4
2024-04,모로코,자동차 및 부품 판매업,4
2024-04,모리셔스,도매 및 상품 중개업,4
2024-04,몰타,도매 및 상품 중개업,2
2024-04,몰타,자동차 및 부품 판매업,1
2024-04,몽골,도매 및 상품 중개업,4
2024-04,미국,1차 금속 제조업,1
2024-04,미국,가구 제조업,2
2024-04,미국,가죽  가방 및 신발 제조업,3
2024-04,미국,건축기술  엔지니어링 및 기타 과학기술 서비스업,1
2024-04,미국,고무 및 플라스틱제품 제조업,3
2024-04,미국,공공행정  국방 및 사회보장 행정,2
2024-04,미국,금속가공제품 제조업; 기계 및 가구 제외,4
2024-04,미국,기타 기계 및 장비 제조업,4
2024-04,미국,기타 운송장비 제조업,2
2024-04,미국,기타 제품 제조업,4
2024-04,미국,도매 및 상품 중개업,3
2024-04,미국,목재 및 나무제품 제조업; 가구 제외,1
2024-04,미국,비금속 광물제품 제조업,4
2024-04,미국,사업지원 서비스업,3
2024-04,미국,산업용 기계 및 장비 수리업,2
2024-04,미국,섬유제품 제조업; 의복제외,3
2024-04,미국,소매업; 자동차 제외,3
2024-04,미국,식료품 제조업,1
2024-04,미국,영상ㆍ오디오 기록물 제작 및 배급업,2
2024-04,미국,우편 및 통신업,4
2024-04,미국,육상운송 및 파이프라인 운송업,2
2024-04,미국,음식점 및 주점업,2
2024-04,미국,의료  정밀  광학기기 및 시계 제조업,3
2024-04,미국,의료용 물질 및 의약품 제조업,3
2024-04,미국,의복  의복 액세서리 및 모피제품 제조업,4
2024-04,미국,인쇄 및 기록매체 복제업,2
2024-04,미국,자동차 및 부품 판매업,4
2024-04,미국,자동차 및 트레일러 제조업,4
2024-04,미국,전기  가스  증기 및 공기조절 공급업,3
2024-04,미국,전기장비 제조업,3
2024-04,미국,전문 서비스업,4
2024-04,미국,전문직별 공사업,4
2024-04,미국,전자부품  컴퓨터  영상  음향 및 통신장비 제조업,3
2024-04,미국,정보서비스업,1
2024-04,미국,창고 및 운송관련 서비스업,3
2024-04,미국,출판업,4
2024-04,미국,펄프  종이 및 종이제품 제조업,3
2024-04,미국,항공 운송업,2
2024-04,미국,화학물질 및 화학제품 제조업; 의약품 제외,4
2024-04,미얀마,공공행정  국방 및 사회보장 행정,3
2024-04,미얀마,금속가공제품 제조업; 기계 및 가구 제외,4
2024-04,미얀마,도매 및 상품 중개업,5
2024-04,바레인,종합 건설업,5
2024-04,바베이도스,금융 및 보험 관련 서비스업,2
2024-04,바하마,도매 및 상품 중개업,2
2024-04,방글라데시,도매 및 상품 중개업,4
2024-04,방글라데시,섬유제품 제조업; 의복제외,3
2024-04,방글라데시,의복  의복 액세서리 및 모피제품 제조업,3
2024-04,베트남,1차 금속 제조업,5
2024-04,베트남,가구 제조업,5
2024-04,베트남,가죽  가방 및 신발 제조업,5
2024-04,베트남,고무 및 플라스틱제품 제조업,4
2024-04,베트남,금속가공제품 제조업; 기계 및 가구 제외,5
2024-04,베트남,기타 기계 및 장비 제조업,4
2024-04,베트남,기타 운송장비 제조업,3
2024-04,베트남,도매 및 상품 중개업,5
2024-04,베트남,목재 및 나무제품 제조업; 가구 제외,3
2024-04,베트남,비금속 광물제품 제조업,3
2024-04,베트남,섬유제품 제조업; 의복제외,4
2024-04,베트남,식료품 제조업,4
2024-04,베트남,음료 제조업,3
2024-04,베트남,의료  정밀  광학기기 및 시계 제조업,2
2024-04,베트남,의복  의복 액세서리 및 모피제품 제조업,4
2024-04,베트남,자동차 및 부품 판매업,4
2024-04,베트남,자동차 및 트레일러 제조업,4
2024-04,베트남,전기장비 제조업,5
2024-04,베트남,전문직별 공사업,3
2024-04,베트남,전자부품  컴퓨터  영상  음향 및 통신장비 제조업,5
2024-04,베트남,창고 및 운송관련 서비스업,3
2024-04,베트남,코크스  연탄 및 석유정제품 제조업,3
2024-04,베트남,펄프  종이 및 종이제품 제조업,5
2024-04,베트남,화학물질 및 화학제품 제조업; 의약품 제외,5
2024-04,벨기에,고무 및 플라스틱제품 제조업,3
2024-04,벨기에,기타 기계 및 장비 제조업,4
2024-04,벨기에,도매 및 상품 중개업,1
2024-04,벨기에,섬유제품 제조업; 의복제외,3
2024-04,벨기에,의복  의복 액세서리 및 모피제품 제조업,2
2024-04,벨기에,자동차 및 트레일러 제조업,2
2024-04,벨기에,전기장비 제조업,2
2024-04,벨기에,창고 및 운송관련 서비스업,1
2024-04,벨기에,화학물질 및 화학제품 제조업; 의약품 제외,2
2024-04,벨라루스,자동차 및 부품 판매업,4
2024-04,벨라루스,종합 건설업,2
2024-04,보스니아-헤르체코비나,자동차 및 부품 판매업,2
2024-04,볼리비아,도매 및 상품 중개업,4
2024-04,볼리비아,자동차 및 부품 판매업,4
2024-04,북마케도니아,자동차 및 부품 판매업,5
2024-04,불가리아,기타 제품 제조업,2
2024-04,불가리아,도매 및 상품 중개업,4
2024-04,불가리아,자동차 및 부품 판매업,4
2024-04,불가리아,펄프  종이 및 종이제품 제조업,2
2024-04,브라질,1차 금속 제조업,4
2024-04,브라질,가죽  가방 및 신발 제조업,4
2024-04,브라질,고무 및 플라스틱제품 제조업,4
2024-04,브라질,금속가공제품 제조업; 기계 및 가구 제외,2
2024-04,브라질,기타 기계 및 장비 제조업,2
2024-04,브라질,도매 및 상품 중개업,4
2024-04,브라질,사업지원 서비스업,4
2024-04,브라질,섬유제품 제조업; 의복제외,4
2024-04,브라질,소매업; 자동차 제외,5
2024-04,브라질,식료품 제조업,2
2024-04,브라질,의료  정밀  광학기기 및 시계 제조업,2
2024-04,브라질,의료용 물질 및 의약품 제조업,2
2024-04,브라질,의복  의복 액세서리 및 모피제품 제조업,4
2024-04,브라질,자동차 및 부품 판매업,4
2024-04,브라질,자동차 및 트레일러 제조업,4
2024-04,브라질,전기장비 제조업,5
2024-04,브라질,전문 서비스업,5
2024-04,브라질,전자부품  컴퓨터  영상  음향 및 통신장비 제조업,4
2024-04,브라질,컴퓨터 프로그래밍  시스템 통합 및 관리업,2
2024-04,브라질,펄프  종이 및 종이제품 제조업,4
2024-04,브라질,화학물질 및 화학제품 제조업; 의약품 제외,5
2024-04,사우디아라비아,가구 제조업,4
2024-04,사우디아라비아,고무 및 플라스틱제품 제조업,2
2024-04,사우디아라비아,금속가공제품 제조업; 기계 및 가구 제외,4
2024-04,사우디아라비아,기타 기계 및 장비 제조업,4
2024-04,사우디아라비아,도매 및 상품 중개업,4
2024-04,사우디아라비아,사업지원 서비스업,5
2024-04,사우디아라비아,소매업; 자동차 제외,2
2024-04,사우디아라비아,수상 운송업,3
2024-04,사우디아라비아,자동차 및 부품 판매업,4
2024-04,사우디아라비아,전기장비 제조업,2
2024-04,사우디아라비아,전문직별 공사업,2
2024-04,사우디아라비아,화학물질 및 화학제품 제조업; 의약품 제외,5
2024-04,사이프러스,도매 및 상품 중개업,1
2024-04,세르비아,도매 및 상품 중개업,2
2024-04,세르비아,자동차 및 부품 판매업,5
2024-04,세르비아,화학물질 및 화학제품 제조업; 의약품 제외,2
2024-04,수리남,도매 및 상품 중개업,2
2024-04,스리랑카,고무 및 플라스틱제품 제조업,2
2024-04,스리랑카,도매 및 상품 중개업,4
2024-04,스리랑카,섬유제품 제조업; 의복제외,2
2024-04,스리랑카,의복  의복 액세서리 및 모피제품 제조업,2
2024-04,스리랑카,자동차 및 트레일러 제조업,2
2024-04,스웨덴,고무 및 플라스틱제품 제조업,1
2024-04,스웨덴,금속가공제품 제조업; 기계 및 가구 제외,3
2024-04,스웨덴,기타 기계 및 장비 제조업,1
2024-04,스웨덴,도매 및 상품 중개업,3
2024-04,스웨덴,연구개발업,1
2024-04,스웨덴,자동차 및 부품 판매업,1
2024-04,스웨덴,자동차 및 트레일러 제조업,3
2024-04,스웨덴,전기장비 제조업,1
2024-04,스웨덴,전문 서비스업,1
2024-04,스웨덴,컴퓨터 프로그래밍  시스템 통합 및 관리업,2
2024-04,스웨덴,펄프  종이 및 종이제품 제조업,2
2024-04,스위스,고무 및 플라스틱제품 제조업,2
2024-04,스위스,기타 기계 및 장비 제조업,2
2024-04,스위스,기타 운송장비 제조업,1
2024-04,스위스,담배 제조업,1
2024-04,스위스,도매 및 상품 중개업,3
2024-04,스위스,사업지원 서비스업,4
2024-04,스위스,의복  의복 액세서리 및 모피제품 제조업,2
2024-04,스위스,임대업; 부동산 제외,1
2024-04,스위스,자동차 및 부품 판매업,1
2024-04,스위스,전기장비 제조업,1
2024-04,스위스,전자부품  컴퓨터  영상  음향 및 통신장비 제조업,1
2024-04,스위스,화학물질 및 화학제품 제조업; 의약품 제외,1
2024-04,스페인,1차 금속 제조업,2
2024-04,스페인,개인 및 소비용품 수리업,3
2024-04,스페인,건축기술  엔지니어링 및 기타 과학기술 서비스업,1
2024-04,스페인,고무 및 플라스틱제품 제조업,3
2024-04,스페인,금속가공제품 제조업; 기계 및 가구 제외,2
2024-04,스페인,기타 기계 및 장비 제조업,2
2024-04,스페인,기타 운송장비 제조업,2
2024-04,스페인,기타 제품 제조업,1
2024-04,스페인,도매 및 상품 중개업,3
2024-04,스페인,섬유제품 제조업; 의복제외,3
2024-04,스페인,소매업; 자동차 제외,3
2024-04,스페인,의료용 물질 및 의약품 제조업,3
2024-04,스페인,자동차 및 부품 판매업,4
2024-04,스페인,자동차 및 트레일러 제조업,1
2024-04,스페인,전기  가스  증기 및 공기조절 공급업,2
2024-04,스페인,전기장비 제조업,1
2024-04,스페인,전문직별 공사업,2
2024-04,스페인,전자부품  컴퓨터  영상  음향 및 통신장비 제조업,3
2024-04,스페인,펄프  종이 및 종이제품 제조업,1
2024-04,스페인,화학물질 및 화학제품 제조업; 의약품 제외,4
2024-04,슬로바키아,고무 및 플라스틱제품 제조업,4
2024-04,슬로바키아,기타 기계 및 장비 제조업,2
2024-04,슬로바키아,도매 및 상품 중개업,1
2024-04,슬로바키아,비금속 광물제품 제조업,1
2024-04,슬로바키아,소매업; 자동차 제외,2
2024-04,슬로바키아,의료  정밀  광학기기 및 시계 제조업,1
2024-04,슬로바키아,자동차 및 트레일러 제조업,3
2024-04,슬로베니아,도매 및 상품 중개업,3
2024-04,슬로베니아,자동차 및 부품 판매업,2
2024-04,슬로베니아,전기장비 제조업,2
2024-04,슬로베니아,화학물질 및 화학제품 제조업; 의약품 제외,1
2024-04,싱가포르,1차 금속 제조업,1
2024-04,싱가포르,고무 및 플라스틱제품 제조업,1
2024-04,싱가포르,금속가공제품 제조업; 기계 및 가구 제외,2
2024-04,싱가포르,금융업,1
2024-04,싱가포르,기타 기계 및 장비 제조업,1
2024-04,싱가포르,기타 운송장비 제조업,3
2024-04,싱가포르,도매 및 상품 중개업,3
2024-04,싱가포르,소매업; 자동차 제외,1
2024-04,싱가포르,식료품 제조업,3
2024-04,싱가포르,연구개발업,1
2024-04,싱가포르,음료 제조업,1
2024-04,싱가포르,인쇄 및 기록매체 복제업,1
2024-04,싱가포르,자동차 및 부품 판매업,2
2024-04,싱가포르,전기장비 제조업,2
2024-04,싱가포르,전자부품  컴퓨터  영상  음향 및 통신장비 제조업,3
2024-04,싱가포르,종합 건설업,1
2024-04,싱가포르,창고 및 운송관련 서비스업,1
2024-04,싱가포르,출판업,2
2024-04,싱가포르,코크스  연탄 및 석유정제품 제조업,3
2024-04,싱가포르,펄프  종이 및 종이제품 제조업,2
2024-04,싱가포르,폐기물 수집  운반  처리 및 원료 재생업,5
2024-04,싱가포르,화학물질 및 화학제품 제조업; 의약품 제외,3
2024-04,아랍에미리트 연합,1차 금속 제조업,3
2024-04,아랍에미리트 연합,고무 및 플라스틱제품 제조업,3
2024-04,아랍에미리트 연합,금속가공제품 제조업; 기계 및 가구 제외,4
2024-04,아랍에미리트 연합,도매 및 상품 중개업,4
2024-04,아랍에미리트 연합,소매업; 자동차 제외,4
2024-04,아랍에미리트 연합,자동차 및 부품 판매업,4
2024-04,아랍에미리트 연합,전기장비 제조업,2
2024-04,아랍에미리트 연합,종합 건설업,5
2024-04,아랍에미리트 연합,컴퓨터 프로그래밍  시스템 통합 및 관리업,2
2024-04,아랍에미리트 연합,펄프  종이 및 종이제품 제조업,2
2024-04,아랍에미리트 연합,화학물질 및 화학제품 제조업; 의약품 제외,5
2024-04,아르헨티나,고무 및 플라스틱제품 제조업,2
2024-04,아르헨티나,기타 기계 및 장비 제조업,4
2024-04,아르헨티나,도매 및 상품 중개업,4
2024-04,아르헨티나,섬유제품 제조업; 의복제외,4
2024-04,아르헨티나,소매업; 자동차 제외,4
2024-04,아르헨티나,자동차 및 부품 판매업,2
2024-04,아르헨티나,전기장비 제조업,4
2024-04,아르헨티나,전자부품  컴퓨터  영상  음향 및 통신장비 제조업,2
2024-04,아르헨티나,펄프  종이 및 종이제품 제조업,4
2024-04,아르헨티나,화학물질 및 화학제품 제조업; 의약품 제외,4
2024-04,아이슬란드,고무 및 플라스틱제품 제조업,1
2024-04,아이티,자동차 및 부품 판매업,3
2024-04,아일랜드,고무 및 플라스틱제품 제조업,4
2024-04,아일랜드,도매 및 상품 중개업,4
2024-04,아일랜드,자동차 및 부품 판매업,1
2024-04,아일랜드,전자부품  컴퓨터  영상  음향 및 통신장비 제조업,1
2024-04,아일랜드,컴퓨터 프로그래밍  시스템 통합 및 관리업,1
2024-04,아일랜드,코크스  연탄 및 석유정제품 제조업,1
2024-04,아제르바이잔,자동차 및 부품 판매업,2
2024-04,알제리,자동차 및 부품 판매업,5
2024-04,알제리,전기장비 제조업,4
2024-04,알제리,전자부품  컴퓨터  영상  음향 및 통신장비 제조업,3
2024-04,알제리,화학물질 및 화학제품 제조업; 의약품 제외,5
2024-04,에콰도르,고무 및 플라스틱제품 제조업,4
2024-04,에콰도르,금속가공제품 제조업; 기계 및 가구 제외,2
2024-04,에콰도르,도매 및 상품 중개업,4
2024-04,에콰도르,섬유제품 제조업; 의복제외,4
2024-04,에콰도르,식료품 제조업,4
2024-04,에콰도르,자동차 및 부품 판매업,4
2024-04,에콰도르,자동차 및 트레일러 제조업,4
2024-04,에콰도르,전기장비 제조업,2
2024-04,에티오피아,도매 및 상품 중개업,5
2024-04,엘살바도르,금속가공제품 제조업; 기계 및 가구 제외,5
2024-04,엘살바도르,도매 및 상품 중개업,4
2024-04,엘살바도르,섬유제품 제조업; 의복제외,2
2024-04,엘살바도르,자동차 및 부품 판매업,4
2024-04,영국,1차 금속 제조업,3
2024-04,영국,개인 및 소비용품 수리업,1
2024-04,영국,고무 및 플라스틱제품 제조업,3
2024-04,영국,금속가공제품 제조업; 기계 및 가구 제외,3
2024-04,영국,금융업,2
2024-04,영국,기타 개인 서비스업,2
2024-04,영국,기타 기계 및 장비 제조업,3
2024-04,영국,기타 운송장비 제조업,1
2024-04,영국,기타 전문  과학 및 기술 서비스업,2
2024-04,영국,기타 제품 제조업,3
2024-04,영국,도매 및 상품 중개업,4
2024-04,영국,사업지원 서비스업,4
2024-04,영국,섬유제품 제조업; 의복제외,4
2024-04,영국,소매업; 자동차 제외,4
2024-04,영국,스포츠 및 오락관련 서비스업,1
2024-04,영국,우편 및 통신업,4
2024-04,영국,의료  정밀  광학기기 및 시계 제조업,1
2024-04,영국,의복  의복 액세서리 및 모피제품 제조업,1
2024-04,영국,자동차 및 부품 판매업,1
2024-04,영국,자동차 및 트레일러 제조업,3
2024-04,영국,전기장비 제조업,1
2024-04,영국,전문 서비스업,1
2024-04,영국,전문직별 공사업,1
2024-04,영국,전자부품  컴퓨터  영상  음향 및 통신장비 제조업,4
2024-04,영국,창고 및 운송관련 서비스업,2
2024-04,영국,출판업,2
2024-04,영국,컴퓨터 프로그래밍  시스템 통합 및 관리업,1
2024-04,영국,펄프  종이 및 종이제품 제조업,1
2024-04,영국,화학물질 및 화학제품 제조업; 의약품 제외,4
2024-04,오만,도매 및 상품 중개업,4
2024-04,오스트리아,고무 및 플라스틱제품 제조업,1
2024-04,오스트리아,금융업,1
2024-04,오스트리아,도매 및 상품 중개업,3
2024-04,오스트리아,자동차 및 부품 판매업,3
2024-04,오스트리아,자동차 및 트레일러 제조업,3
2024-04,오스트리아,전기장비 제조업,1
2024-04,온두라스,섬유제품 제조업; 의복제외,3
2024-04,온두라스,자동차 및 부품 판매업,5
2024-04,요르단,도매 및 상품 중개업,4
2024-04,요르단,자동차 및 부품 판매업,2
2024-04,우간다,가구 제조업,5
2024-04,우루과이,도매 및 상품 중개업,4
2024-04,우루과이,자동차 및 부품 판매업,2
2024-04,우즈베키스탄,고무 및 플라스틱제품 제조업,4
2024-04,우즈베키스탄,자동차 및 트레일러 제조업,2
2024-04,우즈베키스탄,전기장비 제조업,4
2024-04,우크라이나,고무 및 플라스틱제품 제조업,5
2024-04,우크라이나,도매 및 상품 중개업,4
2024-04,우크라이나,자동차 및 부품 판매업,3
2024-04,이라크,자동차 및 부품 판매업,3
2024-04,이란,1차 금속 제조업,3
2024-04,이란,기타 기계 및 장비 제조업,4
2024-04,이란,도매 및 상품 중개업,5
2024-04,이란,소매업; 자동차 제외,5
2024-04,이란,자동차 및 트레일러 제조업,5
2024-04,이란,전기장비 제조업,5
2024-04,이란,화학물질 및 화학제품 제조업; 의약품 제외,5
2024-04,이스라엘,고무 및 플라스틱제품 제조업,5
2024-04,이스라엘,금융업,2
2024-04,이스라엘,기타 기계 및 장비 제조업,5
2024-04,이스라엘,도매 및 상품 중개업,5
2024-04,이스라엘,의복  의복 액세서리 및 모피제품 제조업,2
2024-04,이스라엘,자동차 및 부품 판매업,2
2024-04,이스라엘,전기장비 제조업,4
2024-04,이스라엘,전자부품  컴퓨터  영상  음향 및 통신장비 제조업,2
2024-04,이스라엘,펄프  종이 및 종이제품 제조업,2
2024-04,이스라엘,화학물질 및 화학제품 제조업; 의약품 제외,4
2024-04,이집트,1차 금속 제조업,4
2024-04,이집트,고무 및 플라스틱제품 제조업,3
2024-04,이집트,기타 기계 및 장비 제조업,5
2024-04,이집트,도매 및 상품 중개업,5
2024-04,이집트,사업지원 서비스업,3
2024-04,이집트,섬유제품 제조업; 의복제외,5
2024-04,이집트,의료  정밀  광학기기 및 시계 제조업,3
2024-04,이집트,자동차 및 부품 판매업,4
2024-04,이집트,자동차 및 트레일러 제조업,3
2024-04,이집트,전기장비 제조업,5
2024-04,이집트,화학물질 및 화학제품 제조업; 의약품 제외,5
2024-04,이탈리아,1차 금속 제조업,3
2024-04,이탈리아,가구 제조업,2
2024-04,이탈리아,가죽  가방 및 신발 제조업,2
2024-04,이탈리아,개인 및 소비용품 수리업,3
2024-04,이탈리아,고무 및 플라스틱제품 제조업,4
2024-04,이탈리아,금속가공제품 제조업; 기계 및 가구 제외,3
2024-04,이탈리아,금융업,4
2024-04,이탈리아,기타 기계 및 장비 제조업,3
2024-04,이탈리아,기타 제품 제조업,1
2024-04,이탈리아,도매 및 상품 중개업,3
2024-04,이탈리아,비금속 광물제품 제조업,2
2024-04,이탈리아,섬유제품 제조업; 의복제외,3
2024-04,이탈리아,식료품 제조업,3
2024-04,이탈리아,의료  정밀  광학기기 및 시계 제조업,2
2024-04,이탈리아,의료용 물질 및 의약품 제조업,2
2024-04,이탈리아,의복  의복 액세서리 및 모피제품 제조업,1
2024-04,이탈리아,자동차 및 부품 판매업,3
2024-04,이탈리아,자동차 및 트레일러 제조업,1
2024-04,이탈리아,전기장비 제조업,3
2024-04,이탈리아,전문 서비스업,1
2024-04,이탈리아,전문직별 공사업,2
2024-04,이탈리아,전자부품  컴퓨터  영상  음향 및 통신장비 제조업,1
2024-04,이탈리아,펄프  종이 및 종이제품 제조업,2
2024-04,이탈리아,화학물질 및 화학제품 제조업; 의약품 제외,3
2024-04,인도,1차 금속 제조업,4
2024-04,인도,가죽  가방 및 신발 제조업,4
2024-04,인도,개인 및 소비용품 수리업,2
2024-04,인도,건축기술  엔지니어링 및 기타 과학기술 서비스업,4
2024-04,인도,고무 및 플라스틱제품 제조업,5
2024-04,인도,금속가공제품 제조업; 기계 및 가구 제외,5
2024-04,인도,기타 기계 및 장비 제조업,4
2024-04,인도,도매 및 상품 중개업,5
2024-04,인도,비금속 광물제품 제조업,4
2024-04,인도,섬유제품 제조업; 의복제외,4
2024-04,인도,식료품 제조업,5
2024-04,인도,우편 및 통신업,3
2024-04,인도,의료  정밀  광학기기 및 시계 제조업,2
2024-04,인도,의료용 물질 및 의약품 제조업,4
2024-04,인도,의복  의복 액세서리 및 모피제품 제조업,3
2024-04,인도,자동차 및 부품 판매업,3
2024-04,인도,자동차 및 트레일러 제조업,4
2024-04,인도,전기장비 제조업,5
2024-04,인도,전자부품  컴퓨터  영상  음향 및 통신장비 제조업,4
2024-04,인도,출판업,2
2024-04,인도,컴퓨터 프로그래밍  시스템 통합 및 관리업,2
2024-04,인도,코크스  연탄 및 석유정제품 제조업,3
2024-04,인도,펄프  종이 및 종이제품 제조업,4
2024-04,인도,화학물질 및 화학제품 제조업; 의약품 제외,4
2024-04,인도네시아,1차 금속 제조업,4
2024-04,인도네시아,가죽  가방 및 신발 제조업,2
2024-04,인도네시아,고무 및 플라스틱제품 제조업,4
2024-04,인도네시아,금속가공제품 제조업; 기계 및 가구 제외,5
2024-04,인도네시아,담배 제조업,2
2024-04,인도네시아,도매 및 상품 중개업,4
2024-04,인도네시아,섬유제품 제조업; 의복제외,4
2024-04,인도네시아,식료품 제조업,2
2024-04,인도네시아,의복  의복 액세서리 및 모피제품 제조업,4
2024-04,인도네시아,자동차 및 부품 판매업,4
2024-04,인도네시아,자동차 및 트레일러 제조업,4
2024-04,인도네시아,전기장비 제조업,4
2024-04,인도네시아,전문직별 공사업,2
2024-04,인도네시아,전자부품  컴퓨터  영상  음향 및 통신장비 제조업,4
2024-04,인도네시아,창고 및 운송관련 서비스업,2
2024-04,인도네시아,펄프  종이 및 종이제품 제조업,2
2024-04,인도네시아,화학물질 및 화학제품 제조업; 의약품 제외,4
2024-04,일본,1차 금속 제조업,4
2024-04,일본,고무 및 플라스틱제품 제조업,3
2024-04,일본,금속가공제품 제조업; 기계 및 가구 제외,3
2024-04,일본,금융업,4
2024-04,일본,기타 기계 및 장비 제조업,1
2024-04,일본,기타 운송장비 제조업,1
2024-04,일본,기타 제품 제조업,3
2024-04,일본,도매 및 상품 중개업,3
2024-04,일본,비금속 광물제품 제조업,1
2024-04,일본,사업지원 서비스업,1
2024-04,일본,섬유제품 제조업; 의복제외,1
2024-04,일본,소매업; 자동차 제외,3
2024-04,일본,식료품 제조업,3
2024-04,일본,우편 및 통신업,2
2024-04,일본,육상운송 및 파이프라인 운송업,1
2024-04,일본,음료 제조업,1
2024-04,일본,의료  정밀  광학기기 및 시계 제조업,1
2024-04,일본,의료용 물질 및 의약품 제조업,2
2024-04,일본,의복  의복 액세서리 및 모피제품 제조업,1
2024-04,일본,임대업; 부동산 제외,3
2024-04,일본,자동차 및 부품 판매업,2
2024-04,일본,자동차 및 트레일러 제조업,3
2024-04,일본,전기장비 제조업,3
2024-04,일본,전문 서비스업,4
2024-04,일본,전문직별 공사업,1
2024-04,일본,전자부품  컴퓨터  영상  음향 및 통신장비 제조업,4
2024-04,일본,정보서비스업,1
2024-04,일본,종합 건설업,1
2024-04,일본,창고 및 운송관련 서비스업,1
2024-04,일본,출판업,1
2024-04,일본,코크스  연탄 및 석유정제품 제조업,4
2024-04,일본,펄프  종이 및 종이제품 제조업,1
2024-04,일본,화학물질 및 화학제품 제조업; 의약품 제외,4
2024-04,자메이카,자동차 및 부품 판매업,4
2024-04,조지아,자동차 및 부품 판매업,4
2024-04,중국,1차 금속 제조업,4
2024-04,중국,가구 제조업,3
2024-04,중국,가죽  가방 및 신발 제조업,3
2024-04,중국,고무 및 플라스틱제품 제조업,5
2024-04,중국,금속가공제품 제조업; 기계 및 가구 제외,5
2024-04,중국,기타 기계 및 장비 제조업,5
2024-04,중국,기타 운송장비 제조업,3
2024-04,중국,기타 제품 제조업,3
2024-04,중국,도매 및 상품 중개업,5
2024-04,중국,비금속 광물제품 제조업,3
2024-04,중국,섬유제품 제조업; 의복제외,4
2024-04,중국,소매업; 자동차 제외,2
2024-04,중국,식료품 제조업,5
2024-04,중국,음료 제조업,3
2024-04,중국,의료  정밀  광학기기 및 시계 제조업,5
2024-04,중국,의료용 물질 및 의약품 제조업,3
2024-04,중국,자동차 및 부품 판매업,3
2024-04,중국,자동차 및 트레일러 제조업,5
2024-04,중국,전기장비 제조업,5
2024-04,중국,전문 서비스업,3
2024-04,중국,전문직별 공사업,3
2024-04,중국,전자부품  컴퓨터  영상  음향 및 통신장비 제조업,5
2024-04,중국,창고 및 운송관련 서비스업,5
2024-04,중국,출판업,3
2024-04,중국,코크스  연탄 및 석유정제품 제조업,3
2024-04,중국,펄프  종이 및 종이제품 제조업,3
2024-04,중국,항공 운송업,3
2024-04,중국,화학물질 및 화학제품 제조업; 의약품 제외,5
2024-04,지브랄타,도매 및 상품 중개업,2
2024-04,체코,1차 금속 제조업,1
2024-04,체코,고무 및 플라스틱제품 제조업,3
2024-04,체코,금속가공제품 제조업; 기계 및 가구 제외,4
2024-04,체코,기타 기계 및 장비 제조업,3
2024-04,체코,도매 및 상품 중개업,2
2024-04,체코,비금속 광물제품 제조업,2
2024-04,체코,섬유제품 제조업; 의복제외,1
2024-04,체코,자동차 및 부품 판매업,3
2024-04,체코,자동차 및 트레일러 제조업,3
2024-04,체코,전기장비 제조업,1
2024-04,체코,화학물질 및 화학제품 제조업; 의약품 제외,2
2024-04,칠레,1차 금속 제조업,4
2024-04,칠레,고무 및 플라스틱제품 제조업,4
2024-04,칠레,금속가공제품 제조업; 기계 및 가구 제외,4
2024-04,칠레,도매 및 상품 중개업,4
2024-04,칠레,소매업; 자동차 제외,2
2024-04,칠레,자동차 및 부품 판매업,4
2024-04,칠레,전기장비 제조업,3
2024-04,칠레,화학물질 및 화학제품 제조업; 의약품 제외,2
2024-04,카자흐스탄,고무 및 플라스틱제품 제조업,3
2024-04,카자흐스탄,도매 및 상품 중개업,4
2024-04,카자흐스탄,비금속 광물제품 제조업,4
2024-04,카자흐스탄,자동차 및 부품 판매업,4
2024-04,카자흐스탄,자동차 및 트레일러 제조업,5
2024-04,카타르,건축기술  엔지니어링 및 기타 과학기술 서비스업,2
2024-04,카타르,도매 및 상품 중개업,4
2024-04,카타르,자동차 및 부품 판매업,2
2024-04,카타르,화학물질 및 화학제품 제조업; 의약품 제외,2
2024-04,캄보디아,도매 및 상품 중개업,5
2024-04,캄보디아,소매업; 자동차 제외,4
2024-04,캄보디아,자동차 및 트레일러 제조업,3
2024-04,캐나다,1차 금속 제조업,1
2024-04,캐나다,고무 및 플라스틱제품 제조업,1
2024-04,캐나다,금속가공제품 제조업; 기계 및 가구 제외,3
2024-04,캐나다,기타 기계 및 장비 제조업,1
2024-04,캐나다,기타 운송장비 제조업,1
2024-04,캐나다,기타 제품 제조업,1
2024-04,캐나다,도매 및 상품 중개업,3
2024-04,캐나다,목재 및 나무제품 제조업; 가구 제외,2
2024-04,캐나다,산업용 기계 및 장비 수리업,2
2024-04,캐나다,섬유제품 제조업; 의복제외,1
2024-04,캐나다,소매업; 자동차 제외,3
2024-04,캐나다,우편 및 통신업,1
2024-04,캐나다,의복  의복 액세서리 및 모피제품 제조업,2
2024-04,캐나다,자동차 및 부품 판매업,3
2024-04,캐나다,자동차 및 트레일러 제조업,1
2024-04,캐나다,전기장비 제조업,1
2024-04,캐나다,전자부품  컴퓨터  영상  음향 및 통신장비 제조업,4
2024-04,캐나다,정보서비스업,2
2024-04,캐나다,출판업,2
2024-04,캐나다,펄프  종이 및 종이제품 제조업,2
2024-04,캐나다,화학물질 및 화학제품 제조업; 의약품 제외,2
2024-04,케냐,가구 제조업,3
2024-04,케냐,가죽  가방 및 신발 제조업,3
2024-04,케냐,도매 및 상품 중개업,4
2024-04,케냐,자동차 및 부품 판매업,2
2024-04,케이만군도,금융 및 보험 관련 서비스업,1
2024-04,코스타리카,고무 및 플라스틱제품 제조업,1
2024-04,코스타리카,도매 및 상품 중개업,2
2024-04,코스타리카,자동차 및 부품 판매업,3
2024-04,코트디부아르,화학물질 및 화학제품 제조업; 의약품 제외,3
2024-04,콜롬비아,고무 및 플라스틱제품 제조업,5
2024-04,콜롬비아,금속가공제품 제조업; 기계 및 가구 제외,2
2024-04,콜롬비아,도매 및 상품 중개업,4
2024-04,콜롬비아,섬유제품 제조업; 의복제외,4
2024-04,콜롬비아,소매업; 자동차 제외,4
2024-04,콜롬비아,식료품 제조업,3
2024-04,콜롬비아,의복  의복 액세서리 및 모피제품 제조업,4
2024-04,콜롬비아,자동차 및 부품 판매업,5
2024-04,콜롬비아,자동차 및 트레일러 제조업,5
2024-04,콜롬비아,전기장비 제조업,4
2024-04,콜롬비아,펄프  종이 및 종이제품 제조업,2
2024-04,콜롬비아,화학물질 및 화학제품 제조업; 의약품 제외,3
2024-04,쿠바,전기  가스  증기 및 공기조절 공급업,5
2024-04,크로아티아,개인 및 소비용품 수리업,2
2024-04,크로아티아,도매 및 상품 중개업,2
2024-04,탄자니아,도매 및 상품 중개업,3
2024-04,태국,1차 금속 제조업,4
2024-04,태국,가죽  가방 및 신발 제조업,3
2024-04,태국,고무 및 플라스틱제품 제조업,4
2024-04,태국,금속가공제품 제조업; 기계 및 가구 제외,4
2024-04,태국,기타 기계 및 장비 제조업,2
2024-04,태국,기타 제품 제조업,2
2024-04,태국,도매 및 상품 중개업,4
2024-04,태국,소매업; 자동차 제외,2
2024-04,태국,식료품 제조업,4
2024-04,태국,의료  정밀  광학기기 및 시계 제조업,2
2024-04,태국,의복  의복 액세서리 및 모피제품 제조업,3
2024-04,태국,자동차 및 부품 판매업,2
2024-04,태국,자동차 및 트레일러 제조업,4
2024-04,태국,전기장비 제조업,4
2024-04,태국,전문 서비스업,5
2024-04,태국,전자부품  컴퓨터  영상  음향 및 통신장비 제조업,4
2024-04,태국,창고 및 운송관련 서비스업,2
2024-04,태국,펄프  종이 및 종이제품 제조업,4
2024-04,태국,화학물질 및 화학제품 제조업; 의약품 제외,4
2024-04,튀니지,도매 및 상품 중개업,4
2024-04,튀르키예(구 터키),1차 금속 제조업,2
2024-04,튀르키예(구 터키),고무 및 플라스틱제품 제조업,4
2024-04,튀르키예(구 터키),금속가공제품 제조업; 기계 및 가구 제외,4
2024-04,튀르키예(구 터키),기타 기계 및 장비 제조업,5
2024-04,튀르키예(구 터키),기타 운송장비 제조업,3
2024-04,튀르키예(구 터키),도매 및 상품 중개업,5
2024-04,튀르키예(구 터키),목재 및 나무제품 제조업; 가구 제외,3
2024-04,튀르키예(구 터키),방송업,3
2024-04,튀르키예(구 터키),비금속 광물제품 제조업,3
2024-04,튀르키예(구 터키),섬유제품 제조업; 의복제외,4
2024-04,튀르키예(구 터키),식료품 제조업,2
2024-04,튀르키예(구 터키),의료용 물질 및 의약품 제조업,5
2024-04,튀르키예(구 터키),의복  의복 액세서리 및 모피제품 제조업,3
2024-04,튀르키예(구 터키),자동차 및 부품 판매업,3
2024-04,튀르키예(구 터키),자동차 및 트레일러 제조업,2
2024-04,튀르키예(구 터키),전기장비 제조업,3
2024-04,튀르키예(구 터키),전자부품  컴퓨터  영상  음향 및 통신장비 제조업,3
2024-04,튀르키예(구 터키),펄프  종이 및 종이제품 제조업,3
2024-04,튀르키예(구 터키),화학물질 및 화학제품 제조업; 의약품 제외,5
2024-04,트리니다드토바고,도매 및 상품 중개업,2
2024-04,트리니다드토바고,자동차 및 부품 판매업,2
2024-04,파나마,금융 및 보험 관련 서비스업,2
2024-04,파나마,금융업,3
2024-04,파나마,도매 및 상품 중개업,4
2024-04,파나마,자동차 및 부품 판매업,4
2024-04,파나마,화학물질 및 화학제품 제조업; 의약품 제외,2
2024-04,파라과이,고무 및 플라스틱제품 제조업,5
2024-04,파라과이,기타 운송장비 제조업,2
2024-04,파라과이,도매 및 상품 중개업,2
2024-04,파라과이,소매업; 자동차 제외,3
2024-04,파라과이,자동차 및 부품 판매업,4
2024-04,파키스탄,도매 및 상품 중개업,5
2024-04,파키스탄,식료품 제조업,3
2024-04,파키스탄,의복  의복 액세서리 및 모피제품 제조업,3
2024-04,파키스탄,전기장비 제조업,5
2024-04,파키스탄,펄프  종이 및 종이제품 제조업,3
2024-04,파키스탄,화학물질 및 화학제품 제조업; 의약품 제외,3
2024-04,페루,고무 및 플라스틱제품 제조업,4
2024-04,페루,금속가공제품 제조업; 기계 및 가구 제외,2
2024-04,페루,도매 및 상품 중개업,5
2024-04,페루,섬유제품 제조업; 의복제외,4
2024-04,페루,자동차 및 부품 판매업,4
2024-04,페루,자동차 및 트레일러 제조업,3
2024-04,페루,화학물질 및 화학제품 제조업; 의약품 제외,4
2024-04,포르투갈,고무 및 플라스틱제품 제조업,1
2024-04,포르투갈,기타 기계 및 장비 제조업,2
2024-04,포르투갈,도매 및 상품 중개업,3
2024-04,포르투갈,섬유제품 제조업; 의복제외,1
2024-04,포르투갈,자동차 및 부품 판매업,2
2024-04,폴란드,1차 금속 제조업,3
2024-04,폴란드,개인 및 소비용품 수리업,2
2024-04,폴란드,고무 및 플라스틱제품 제조업,4
2024-04,폴란드,금속가공제품 제조업; 기계 및 가구 제외,4
2024-04,폴란드,기타 기계 및 장비 제조업,4
2024-04,폴란드,도매 및 상품 중개업,3
2024-04,폴란드,산업용 기계 및 장비 수리업,3
2024-04,폴란드,섬유제품 제조업; 의복제외,4
2024-04,폴란드,소매업; 자동차 제외,1
2024-04,폴란드,식료품 제조업,4
2024-04,폴란드,의료용 물질 및 의약품 제조업,2
2024-04,폴란드,자동차 및 부품 판매업,4
2024-04,폴란드,자동차 및 트레일러 제조업,2
2024-04,폴란드,전기장비 제조업,2
2024-04,폴란드,전자부품  컴퓨터  영상  음향 및 통신장비 제조업,4
2024-04,폴란드,펄프  종이 및 종이제품 제조업,3
2024-04,폴란드,화학물질 및 화학제품 제조업; 의약품 제외,1
2024-04,프랑스,개인 및 소비용품 수리업,1
2024-04,프랑스,건축기술  엔지니어링 및 기타 과학기술 서비스업,1
2024-04,프랑스,고무 및 플라스틱제품 제조업,1
2024-04,프랑스,금속가공제품 제조업; 기계 및 가구 제외,1
2024-04,프랑스,금융업,3
2024-04,프랑스,기타 기계 및 장비 제조업,1
2024-04,프랑스,도매 및 상품 중개업,4
2024-04,프랑스,부동산업,1
2024-04,프랑스,비금속 광물제품 제조업,1
2024-04,프랑스,섬유제품 제조업; 의복제외,3
2024-04,프랑스,소매업; 자동차 제외,4
2024-04,프랑스,수상 운송업,2
2024-04,프랑스,스포츠 및 오락관련 서비스업,1
2024-04,프랑스,의복  의복 액세서리 및 모피제품 제조업,3
2024-04,프랑스,자동차 및 부품 판매업,2
2024-04,프랑스,자동차 및 트레일러 제조업,4
2024-04,프랑스,전기장비 제조업,2
2024-04,프랑스,전문 서비스업,2
2024-04,프랑스,전문직별 공사업,1
2024-04,프랑스,전자부품  컴퓨터  영상  음향 및 통신장비 제조업,2
2024-04,프랑스,화학물질 및 화학제품 제조업; 의약품 제외,1
2024-04,핀란드,고무 및 플라스틱제품 제조업,1
2024-04,핀란드,도매 및 상품 중개업,1
2024-04,핀란드,자동차 및 부품 판매업,1
2024-04,핀란드,자동차 및 트레일러 제조업,2
2024-04,핀란드,전기장비 제조업,1
2024-04,핀란드,전자부품  컴퓨터  영상  음향 및 통신장비 제조업,2
2024-04,핀란드,출판업,1
2024-04,필리핀,고무 및 플라스틱제품 제조업,2
2024-04,필리핀,기타 운송장비 제조업,3
2024-04,필리핀,도매 및 상품 중개업,4
2024-04,필리핀,식료품 제조업,4
2024-04,필리핀,자동차 및 부품 판매업,4
2024-04,필리핀,자동차 및 트레일러 제조업,2
2024-04,필리핀,전기장비 제조업,2
2024-04,필리핀,전자부품  컴퓨터  영상  음향 및 통신장비 제조업,2
2024-04,필리핀,종합 건설업,3
2024-04,필리핀,펄프  종이 및 종이제품 제조업,3
2024-04,필리핀,항공 운송업,4
2024-04,필리핀,화학물질 및 화학제품 제조업; 의약품 제외,5
2024-04,헝가리,개인 및 소비용품 수리업,2
2024-04,헝가리,고무 및 플라스틱제품 제조업,3
2024-04,헝가리,금속가공제품 제조업; 기계 및 가구 제외,1
2024-04,헝가리,기타 기계 및 장비 제조업,3
2024-04,헝가리,도매 및 상품 중개업,4
2024-04,헝가리,식료품 제조업,2
2024-04,헝가리,연구개발업,2
2024-04,헝가리,자동차 및 부품 판매업,2
2024-04,헝가리,자동차 및 트레일러 제조업,2
2024-04,헝가리,전기장비 제조업,2
2024-04,헝가리,전자부품  컴퓨터  영상  음향 및 통신장비 제조업,2
2024-04,호주,1차 금속 제조업,4
2024-04,호주,고무 및 플라스틱제품 제조업,3
2024-04,호주,금속가공제품 제조업; 기계 및 가구 제외,3
2024-04,호주,기타 기계 및 장비 제조업,3
2024-04,호주,기타 제품 제조업,3
2024-04,호주,도매 및 상품 중개업,3
2024-04,호주,섬유제품 제조업; 의복제외,2
2024-04,호주,소매업; 자동차 제외,3
2024-04,호주,우편 및 통신업,2
2024-04,호주,인쇄 및 기록매체 복제업,1
2024-04,호주,자동차 및 부품 판매업,3
2024-04,호주,자동차 및 트레일러 제조업,1
2024-04,호주,전기장비 제조업,2
2024-04,호주,출판업,3
2024-04,호주,컴퓨터 프로그래밍  시스템 통합 및 관리업,1
2024-04,호주,펄프  종이 및 종이제품 제조업,1
2024-04,호주,화학물질 및 화학제품 제조업; 의약품 제외,1
2024-04,홍콩,가죽  가방 및 신발 제조업,2
2024-04,홍콩,금융업,3
2024-04,홍콩,기타 기계 및 장비 제조업,2
2024-04,홍콩,도매 및 상품 중개업,4
2024-04,홍콩,소매업; 자동차 제외,4
2024-04,홍콩,의료  정밀  광학기기 및 시계 제조업,2
2024-04,홍콩,자동차 및 부품 판매업,2
2024-04,홍콩,전기장비 제조업,2
2024-04,홍콩,전자부품  컴퓨터  영상  음향 및 통신장비 제조업,2
2024-04,홍콩,창고 및 운송관련 서비스업,2
2024-04,홍콩,출판업,2
2024-04,홍콩,항공 운송업,3
2024-03,가나,화학물질 및 화학제품 제조업; 의약품 제외,2
2024-03,가이아나,도매 및 상품 중개업,3
2024-03,과테말라,도매 및 상품 중개업,2
2024-03,과테말라,섬유제품 제조업; 의복제외,4
2024-03,과테말라,자동차 및 부품 판매업,4
2024-03,괌,도매 및 상품 중개업,2
2024-03,그리스,도매 및 상품 중개업,3
2024-03,그리스,자동차 및 부품 판매업,3
2024-03,그리스,펄프  종이 및 종이제품 제조업,2
2024-03,나이지리아,도매 및 상품 중개업,5
2024-03,남아프리카공화국,1차 금속 제조업,4
2024-03,남아프리카공화국,개인 및 소비용품 수리업,2
2024-03,남아프리카공화국,고무 및 플라스틱제품 제조업,4
2024-03,남아프리카공화국,기타 기계 및 장비 제조업,4
2024-03,남아프리카공화국,도매 및 상품 중개업,4
2024-03,남아프리카공화국,비금속 광물제품 제조업,2
2024-03,남아프리카공화국,섬유제품 제조업; 의복제외,4
2024-03,남아프리카공화국,식료품 제조업,2
2024-03,남아프리카공화국,인쇄 및 기록매체 복제업,4
2024-03,남아프리카공화국,자동차 및 부품 판매업,2
2024-03,남아프리카공화국,자동차 및 트레일러 제조업,3
2024-03,남아프리카공화국,전기  가스  증기 및 공기조절 공급업,2
2024-03,남아프리카공화국,전기장비 제조업,4
2024-03,남아프리카공화국,전문직별 공사업,5
2024-03,남아프리카공화국,전자부품  컴퓨터  영상  음향 및 통신장비 제조업,2
2024-03,남아프리카공화국,출판업,2
2024-03,남아프리카공화국,펄프  종이 및 종이제품 제조업,3
2024-03,남아프리카공화국,화학물질 및 화학제품 제조업; 의약품 제외,2
2024-03,네덜란드,1차 금속 제조업,1
2024-03,네덜란드,고무 및 플라스틱제품 제조업,1
2024-03,네덜란드,금속가공제품 제조업; 기계 및 가구 제외,3
2024-03,네덜란드,금융업,3
2024-03,네덜란드,기타 기계 및 장비 제조업,4
2024-03,네덜란드,도매 및 상품 중개업,3
2024-03,네덜란드,섬유제품 제조업; 의복제외,1
2024-03,네덜란드,식료품 제조업,1
2024-03,네덜란드,육상운송 및 파이프라인 운송업,1
2024-03,네덜란드,임대업; 부동산 제외,2
2024-03,네덜란드,자동차 및 부품 판매업,3
2024-03,네덜란드,자동차 및 트레일러 제조업,4
2024-03,네덜란드,전기장비 제조업,2
2024-03,네덜란드,전문 서비스업,5
2024-03,네덜란드,전자부품  컴퓨터  영상  음향 및 통신장비 제조업,1
2024-03,네덜란드,컴퓨터 프로그래밍  시스템 통합 및 관리업,1
2024-03,네덜란드,펄프  종이 및 종이제품 제조업,2
2024-03,네덜란드,화학물질 및 화학제품 제조업; 의약품 제외,3
2024-03,네팔,도매 및 상품 중개업,2
2024-03,노르웨이,도매 및 상품 중개업,3
2024-03,노르웨이,수상 운송업,1
2024-03,노르웨이,의복  의복 액세서리 및 모피제품 제조업,2
2024-03,노르웨이,자동차 및 부품 판매업,1
2024-03,뉴질랜드,1차 금속 제조업,1
2024-03,뉴질랜드,도매 및 상품 중개업,3
2024-03,뉴질랜드,소매업; 자동차 제외,2
2024-03,뉴질랜드,자동차 및 부품 판매업,3
2024-03,뉴질랜드,펄프  종이 및 종이제품 제조업,4
2024-03,뉴질랜드,화학물질 및 화학제품 제조업; 의약품 제외,1
2024-03,뉴칼레도니아,도매 및 상품 중개업,2
2024-03,니카라과,자동차 및 부품 판매업,5
2024-03,대만,1차 금속 제조업,2
2024-03,대만,가죽  가방 및 신발 제조업,2
2024-03,대만,건축기술  엔지니어링 및 기타 과학기술 서비스업,2
2024-03,대만,고무 및 플라스틱제품 제조업,2
2024-03,대만,금속가공제품 제조업; 기계 및 가구 제외,2
2024-03,대만,금융업,5
2024-03,대만,기타 기계 및 장비 제조업,2
2024-03,대만,기타 운송장비 제조업,1
2024-03,대만,도매 및 상품 중개업,3
2024-03,대만,비금속 광물제품 제조업,1
2024-03,대만,섬유제품 제조업; 의복제외,1
2024-03,대만,소매업; 자동차 제외,1
2024-03,대만,식료품 제조업,1
2024-03,대만,의료  정밀  광학기기 및 시계 제조업,2
2024-03,대만,자동차 및 부품 판매업,2
2024-03,대만,전기장비 제조업,3
2024-03,대만,전자부품  컴퓨터  영상  음향 및 통신장비 제조업,3
2024-03,대만,출판업,1
2024-03,대만,컴퓨터 프로그래밍  시스템 통합 및 관리업,1
2024-03,대만,펄프  종이 및 종이제품 제조업,2
2024-03,대만,항공 운송업,5
2024-03,대만,화학물질 및 화학제품 제조업; 의약품 제외,3
2024-03,덴마크,개인 및 소비용품 수리업,1
2024-03,덴마크,국제 및 외국기관,5
2024-03,덴마크,기타 기계 및 장비 제조업,2
2024-03,덴마크,도매 및 상품 중개업,3
2024-03,덴마크,식료품 제조업,1
2024-03,덴마크,자동차 및 부품 판매업,2
2024-03,덴마크,전문 서비스업,1
2024-03,도미니카공화국,도매 및 상품 중개업,4
2024-03,도미니카공화국,자동차 및 부품 판매업,4
2024-03,독일,1차 금속 제조업,1
2024-03,독일,개인 및 소비용품 수리업,1
2024-03,독일,고무 및 플라스틱제품 제조업,3
2024-03,독일,금속가공제품 제조업; 기계 및 가구 제외,3
2024-03,독일,금융업,1
2024-03,독일,기타 기계 및 장비 제조업,3
2024-03,독일,기타 운송장비 제조업,1
2024-03,독일,기타 제품 제조업,4
2024-03,독일,도매 및 상품 중개업,3
2024-03,독일,비금속 광물제품 제조업,3
2024-03,독일,사업지원 서비스업,2
2024-03,독일,산업용 기계 및 장비 수리업,2
2024-03,독일,섬유제품 제조업; 의복제외,3
2024-03,독일,소매업; 자동차 제외,4
2024-03,독일,수상 운송업,1
2024-03,독일,식료품 제조업,1
2024-03,독일,우편 및 통신업,1
2024-03,독일,의료  정밀  광학기기 및 시계 제조업,2
2024-03,독일,의료용 물질 및 의약품 제조업,2
2024-03,독일,의복  의복 액세서리 및 모피제품 제조업,1
2024-03,독일,자동차 및 부품 판매업,4
2024-03,독일,자동차 및 트레일러 제조업,3
2024-03,독일,전기  가스  증기 및 공기조절 공급업,3
2024-03,독일,전기장비 제조업,3
2024-03,독일,전문 서비스업,2
2024-03,독일,전자부품  컴퓨터  영상  음향 및 통신장비 제조업,3
2024-03,독일,컴퓨터 프로그래밍  시스템 통합 및 관리업,2
2024-03,독일,코크스  연탄 및 석유정제품 제조업,3
2024-03,독일,펄프  종이 및 종이제품 제조업,3
2024-03,독일,화학물질 및 화학제품 제조업; 의약품 제외,3
2024-03,라트비아,도매 및 상품 중개업,2
2024-03,라트비아,자동차 및 부품 판매업,2
2024-03,러시아,고무 및 플라스틱제품 제조업,4
2024-03,러시아,금속가공제품 제조업; 기계 및 가구 제외,3
2024-03,러시아,담배 제조업,2
2024-03,러시아,도매 및 상품 중개업,4
2024-03,러시아,비금속 광물제품 제조업,2
2024-03,러시아,소매업; 자동차 제외,4
2024-03,러시아,식료품 제조업,5
2024-03,러시아,의료용 물질 및 의약품 제조업,3
2024-03,러시아,자동차 및 부품 판매업,5
2024-03,러시아,자동차 및 트레일러 제조업,5
2024-03,러시아,전기장비 제조업,4
2024-03,러시아,펄프  종이 및 종이제품 제조업,3
2024-03,러시아,화학물질 및 화학제품 제조업; 의약품 제외,2
2024-03,레바논,도매 및 상품 중개업,4
2024-03,레바논,자동차 및 부품 판매업,4
2024-03,루마니아,고무 및 플라스틱제품 제조업,4
2024-03,루마니아,기타 기계 및 장비 제조업,2
2024-03,루마니아,도매 및 상품 중개업,4
2024-03,루마니아,자동차 및 부품 판매업,2
2024-03,루마니아,자동차 및 트레일러 제조업,3
2024-03,루마니아,전기장비 제조업,2
2024-03,루마니아,전자부품  컴퓨터  영상  음향 및 통신장비 제조업,4
2024-03,룩셈부르크,고무 및 플라스틱제품 제조업,2
2024-03,룩셈부르크,금융업,4
2024-03,룩셈부르크,전기  가스  증기 및 공기조절 공급업,1
2024-03,리투아니아,도매 및 상품 중개업,4
2024-03,리투아니아,사업지원 서비스업,1
2024-03,리투아니아,자동차 및 부품 판매업,2
2024-03,리투아니아,화학물질 및 화학제품 제조업; 의약품 제외,1
2024-03,리히텐슈타인,금속가공제품 제조업; 기계 및 가구 제외,1
2024-03,리히텐슈타인,기타 기계 및 장비 제조업,2
2024-03,마카오,도매 및 상품 중개업,5
2024-03,마카오,사업지원 서비스업,2
2024-03,마카오,소매업; 자동차 제외,2
2024-03,말레이시아,1차 금속 제조업,4
2024-03,말레이시아,고무 및 플라스틱제품 제조업,4
2024-03,말레이시아,금속가공제품 제조업; 기계 및 가구 제외,4
2024-03,말레이시아,금융업,2
2024-03,말레이시아,기타 기계 및 장비 제조업,3
2024-03,말레이시아,기타 운송장비 제조업,2
2024-03,말레이시아,도매 및 상품 중개업,4
2024-03,말레이시아,사업지원 서비스업,3
2024-03,말레이시아,식료품 제조업,2
2024-03,말레이시아,의복  의복 액세서리 및 모피제품 제조업,2
2024-03,말레이시아,인쇄 및 기록매체 복제업,2
2024-03,말레이시아,자동차 및 부품 판매업,4
2024-03,말레이시아,자동차 및 트레일러 제조업,2
2024-03,말레이시아,전기장비 제조업,2
2024-03,말레이시아,전자부품  컴퓨터  영상  음향 및 통신장비 제조업,2
2024-03,말레이시아,창고 및 운송관련 서비스업,3
2024-03,말레이시아,펄프  종이 및 종이제품 제조업,2
2024-03,말레이시아,화학물질 및 화학제품 제조업; 의약품 제외,4
2024-03,멕시코,1차 금속 제조업,4
2024-03,멕시코,고무 및 플라스틱제품 제조업,4
2024-03,멕시코,금속가공제품 제조업; 기계 및 가구 제외,4
2024-03,멕시코,금융업,5
2024-03,멕시코,기타 기계 및 장비 제조업,2
2024-03,멕시코,도매 및 상품 중개업,4
2024-03,멕시코,섬유제품 제조업; 의복제외,4
2024-03,멕시코,소매업; 자동차 제외,3
2024-03,멕시코,식료품 제조업,3
2024-03,멕시코,자동차 및 부품 판매업,4
2024-03,멕시코,자동차 및 트레일러 제조업,2
2024-03,멕시코,전기장비 제조업,4
2024-03,멕시코,전문 서비스업,5
2024-03,멕시코,전자부품  컴퓨터  영상  음향 및 통신장비 제조업,2
2024-03,멕시코,종합 건설업,2
2024-03,멕시코,컴퓨터 프로그래밍  시스템 통합 및 관리업,4
2024-03,멕시코,펄프  종이 및 종이제품 제조업,2
2024-03,멕시코,화학물질 및 화학제품 제조업; 의약품 제외,4
2024-03,모로코,가구 제조업,2
2024-03,모로코,도매 및 상품 중개업,4
2024-03,모로코,자동차 및 부품 판매업,3
2024-03,모리셔스,도매 및 상품 중개업,4
2024-03,몰타,도매 및 상품 중개업,2
2024-03,몰타,자동차 및 부품 판매업,2
2024-03,몽골,도매 및 상품 중개업,4
2024-03,미국,1차 금속 제조업,1
2024-03,미국,가구 제조업,2
2024-03,미국,가죽  가방 및 신발 제조업,4
2024-03,미국,건축기술  엔지니어링 및 기타 과학기술 서비스업,2
2024-03,미국,고무 및 플라스틱제품 제조업,4
2024-03,미국,공공행정  국방 및 사회보장 행정,3
2024-03,미국,금속가공제품 제조업; 기계 및 가구 제외,3
2024-03,미국,기타 기계 및 장비 제조업,3
2024-03,미국,기타 운송장비 제조업,1
2024-03,미국,기타 제품 제조업,4
2024-03,미국,도매 및 상품 중개업,3
2024-03,미국,목재 및 나무제품 제조업; 가구 제외,2
2024-03,미국,비금속 광물제품 제조업,3
2024-03,미국,사업지원 서비스업,3
2024-03,미국,산업용 기계 및 장비 수리업,1
2024-03,미국,섬유제품 제조업; 의복제외,4
2024-03,미국,소매업; 자동차 제외,4
2024-03,미국,식료품 제조업,2
2024-03,미국,영상ㆍ오디오 기록물 제작 및 배급업,2
2024-03,미국,우편 및 통신업,4
2024-03,미국,육상운송 및 파이프라인 운송업,2
2024-03,미국,음료 제조업,5
2024-03,미국,의료  정밀  광학기기 및 시계 제조업,3
2024-03,미국,의료용 물질 및 의약품 제조업,4
2024-03,미국,의복  의복 액세서리 및 모피제품 제조업,3
2024-03,미국,인쇄 및 기록매체 복제업,2
2024-03,미국,자동차 및 부품 판매업,3
2024-03,미국,자동차 및 트레일러 제조업,3
2024-03,미국,전기  가스  증기 및 공기조절 공급업,3
2024-03,미국,전기장비 제조업,3
2024-03,미국,전문 서비스업,4
2024-03,미국,전문직별 공사업,3
2024-03,미국,전자부품  컴퓨터  영상  음향 및 통신장비 제조업,3
2024-03,미국,정보서비스업,1
2024-03,미국,창고 및 운송관련 서비스업,3
2024-03,미국,출판업,3
2024-03,미국,펄프  종이 및 종이제품 제조업,4
2024-03,미국,항공 운송업,1
2024-03,미국,화학물질 및 화학제품 제조업; 의약품 제외,3
2024-03,미얀마,공공행정  국방 및 사회보장 행정,3
2024-03,미얀마,도매 및 상품 중개업,5
2024-03,바레인,종합 건설업,5
2024-03,바베이도스,금융 및 보험 관련 서비스업,2
2024-03,바하마,도매 및 상품 중개업,2
2024-03,방글라데시,도매 및 상품 중개업,3
2024-03,방글라데시,의복  의복 액세서리 및 모피제품 제조업,3
2024-03,베트남,1차 금속 제조업,4
2024-03,베트남,가구 제조업,3
2024-03,베트남,가죽  가방 및 신발 제조업,4
2024-03,베트남,고무 및 플라스틱제품 제조업,4
2024-03,베트남,금속가공제품 제조업; 기계 및 가구 제외,5
2024-03,베트남,기타 기계 및 장비 제조업,5
2024-03,베트남,기타 운송장비 제조업,3
2024-03,베트남,기타 제품 제조업,4
2024-03,베트남,도매 및 상품 중개업,5
2024-03,베트남,목재 및 나무제품 제조업; 가구 제외,3
2024-03,베트남,비금속 광물제품 제조업,2
2024-03,베트남,섬유제품 제조업; 의복제외,4
2024-03,베트남,식료품 제조업,5
2024-03,베트남,음료 제조업,2
2024-03,베트남,의료  정밀  광학기기 및 시계 제조업,3
2024-03,베트남,의료용 물질 및 의약품 제조업,2
2024-03,베트남,의복  의복 액세서리 및 모피제품 제조업,4
2024-03,베트남,자동차 및 부품 판매업,5
2024-03,베트남,자동차 및 트레일러 제조업,4
2024-03,베트남,전기장비 제조업,5
2024-03,베트남,전문직별 공사업,2
2024-03,베트남,전자부품  컴퓨터  영상  음향 및 통신장비 제조업,4
2024-03,베트남,창고 및 운송관련 서비스업,3
2024-03,베트남,코크스  연탄 및 석유정제품 제조업,3
2024-03,베트남,펄프  종이 및 종이제품 제조업,4
2024-03,베트남,화학물질 및 화학제품 제조업; 의약품 제외,4
2024-03,벨기에,고무 및 플라스틱제품 제조업,3
2024-03,벨기에,금속가공제품 제조업; 기계 및 가구 제외,4
2024-03,벨기에,기타 기계 및 장비 제조업,3
2024-03,벨기에,도매 및 상품 중개업,1
2024-03,벨기에,섬유제품 제조업; 의복제외,3
2024-03,벨기에,의복  의복 액세서리 및 모피제품 제조업,1
2024-03,벨기에,자동차 및 트레일러 제조업,2
2024-03,벨기에,전기장비 제조업,1
2024-03,벨기에,창고 및 운송관련 서비스업,2
2024-03,벨기에,화학물질 및 화학제품 제조업; 의약품 제외,1
2024-03,벨라루스,자동차 및 부품 판매업,3
2024-03,벨라루스,종합 건설업,3
2024-03,보스니아-헤르체코비나,자동차 및 부품 판매업,2
2024-03,볼리비아,도매 및 상품 중개업,2
2024-03,볼리비아,자동차 및 부품 판매업,4
2024-03,불가리아,기타 제품 제조업,2
2024-03,불가리아,도매 및 상품 중개업,4
2024-03,불가리아,자동차 및 부품 판매업,3
2024-03,불가리아,펄프  종이 및 종이제품 제조업,2
2024-03,브라질,1차 금속 제조업,4
2024-03,브라질,가죽  가방 및 신발 제조업,2
2024-03,브라질,고무 및 플라스틱제품 제조업,4
2024-03,브라질,금속가공제품 제조업; 기계 및 가구 제외,4
2024-03,브라질,기타 기계 및 장비 제조업,3
2024-03,브라질,도매 및 상품 중개업,4
2024-03,브라질,사업지원 서비스업,4
2024-03,브라질,섬유제품 제조업; 의복제외,4
2024-03,브라질,소매업; 자동차 제외,4
2024-03,브라질,식료품 제조업,2
2024-03,브라질,의료  정밀  광학기기 및 시계 제조업,2
2024-03,브라질,의료용 물질 및 의약품 제조업,2
2024-03,브라질,의복  의복 액세서리 및 모피제품 제조업,4
2024-03,브라질,자동차 및 부품 판매업,4
2024-03,브라질,자동차 및 트레일러 제조업,4
2024-03,브라질,전기장비 제조업,4
2024-03,브라질,전자부품  컴퓨터  영상  음향 및 통신장비 제조업,3
2024-03,브라질,컴퓨터 프로그래밍  시스템 통합 및 관리업,3
2024-03,브라질,펄프  종이 및 종이제품 제조업,4
2024-03,브라질,화학물질 및 화학제품 제조업; 의약품 제외,4
2024-03,사우디아라비아,가구 제조업,4
2024-03,사우디아라비아,고무 및 플라스틱제품 제조업,2
2024-03,사우디아라비아,금속가공제품 제조업; 기계 및 가구 제외,4
2024-03,사우디아라비아,기타 기계 및 장비 제조업,4
2024-03,사우디아라비아,도매 및 상품 중개업,4
2024-03,사우디아라비아,사업지원 서비스업,4
2024-03,사우디아라비아,수상 운송업,3
2024-03,사우디아라비아,자동차 및 부품 판매업,4
2024-03,사우디아라비아,전기장비 제조업,2
2024-03,사우디아라비아,전문직별 공사업,2
2024-03,사우디아라비아,화학물질 및 화학제품 제조업; 의약품 제외,4
2024-03,사이프러스,도매 및 상품 중개업,2
2024-03,세르비아,도매 및 상품 중개업,4
2024-03,세르비아,자동차 및 부품 판매업,4
2024-03,세르비아,화학물질 및 화학제품 제조업; 의약품 제외,2
2024-03,세이셸,자동차 및 트레일러 제조업,2
2024-03,수단,자동차 및 트레일러 제조업,3
2024-03,수리남,도매 및 상품 중개업,2
2024-03,스리랑카,고무 및 플라스틱제품 제조업,3
2024-03,스리랑카,도매 및 상품 중개업,4
2024-03,스리랑카,섬유제품 제조업; 의복제외,2
2024-03,스리랑카,의복  의복 액세서리 및 모피제품 제조업,2
2024-03,스리랑카,자동차 및 트레일러 제조업,2
2024-03,스웨덴,1차 금속 제조업,2
2024-03,스웨덴,고무 및 플라스틱제품 제조업,1
2024-03,스웨덴,금속가공제품 제조업; 기계 및 가구 제외,3
2024-03,스웨덴,기타 기계 및 장비 제조업,2
2024-03,스웨덴,도매 및 상품 중개업,3
2024-03,스웨덴,섬유제품 제조업; 의복제외,2
2024-03,스웨덴,연구개발업,1
2024-03,스웨덴,자동차 및 부품 판매업,2
2024-03,스웨덴,자동차 및 트레일러 제조업,2
2024-03,스웨덴,전기장비 제조업,1
2024-03,스웨덴,전문 서비스업,1
2024-03,스웨덴,컴퓨터 프로그래밍  시스템 통합 및 관리업,2
2024-03,스웨덴,펄프  종이 및 종이제품 제조업,1
2024-03,스웨덴,화학물질 및 화학제품 제조업; 의약품 제외,5
2024-03,스위스,고무 및 플라스틱제품 제조업,1
2024-03,스위스,기타 기계 및 장비 제조업,1
2024-03,스위스,기타 운송장비 제조업,1
2024-03,스위스,담배 제조업,1
2024-03,스위스,도매 및 상품 중개업,3
2024-03,스위스,사업지원 서비스업,4
2024-03,스위스,의복  의복 액세서리 및 모피제품 제조업,2
2024-03,스위스,임대업; 부동산 제외,1
2024-03,스위스,자동차 및 부품 판매업,1
2024-03,스위스,전자부품  컴퓨터  영상  음향 및 통신장비 제조업,1
2024-03,스위스,화학물질 및 화학제품 제조업; 의약품 제외,1
2024-03,스페인,1차 금속 제조업,1
2024-03,스페인,개인 및 소비용품 수리업,3
2024-03,스페인,건축기술  엔지니어링 및 기타 과학기술 서비스업,1
2024-03,스페인,고무 및 플라스틱제품 제조업,3
2024-03,스페인,금속가공제품 제조업; 기계 및 가구 제외,2
2024-03,스페인,기타 기계 및 장비 제조업,1
2024-03,스페인,기타 제품 제조업,1
2024-03,스페인,도매 및 상품 중개업,3
2024-03,스페인,섬유제품 제조업; 의복제외,3
2024-03,스페인,소매업; 자동차 제외,3
2024-03,스페인,의료  정밀  광학기기 및 시계 제조업,2
2024-03,스페인,자동차 및 부품 판매업,3
2024-03,스페인,자동차 및 트레일러 제조업,2
2024-03,스페인,전기  가스  증기 및 공기조절 공급업,2
2024-03,스페인,전기장비 제조업,1
2024-03,스페인,전문직별 공사업,1
2024-03,스페인,전자부품  컴퓨터  영상  음향 및 통신장비 제조업,1
2024-03,스페인,펄프  종이 및 종이제품 제조업,1
2024-03,스페인,화학물질 및 화학제품 제조업; 의약품 제외,3
2024-03,슬로바키아,고무 및 플라스틱제품 제조업,1
2024-03,슬로바키아,기타 기계 및 장비 제조업,2
2024-03,슬로바키아,도매 및 상품 중개업,2
2024-03,슬로바키아,소매업; 자동차 제외,1
2024-03,슬로바키아,의료  정밀  광학기기 및 시계 제조업,1
2024-03,슬로바키아,자동차 및 트레일러 제조업,2
2024-03,슬로베니아,도매 및 상품 중개업,1
2024-03,슬로베니아,자동차 및 부품 판매업,2
2024-03,슬로베니아,전기장비 제조업,2
2024-03,슬로베니아,화학물질 및 화학제품 제조업; 의약품 제외,1
2024-03,싱가포르,1차 금속 제조업,1
2024-03,싱가포르,고무 및 플라스틱제품 제조업,2
2024-03,싱가포르,금속가공제품 제조업; 기계 및 가구 제외,1
2024-03,싱가포르,금융업,1
2024-03,싱가포르,기타 기계 및 장비 제조업,1
2024-03,싱가포르,기타 운송장비 제조업,3
2024-03,싱가포르,도매 및 상품 중개업,4
2024-03,싱가포르,소매업; 자동차 제외,1
2024-03,싱가포르,연구개발업,2
2024-03,싱가포르,음료 제조업,2
2024-03,싱가포르,인쇄 및 기록매체 복제업,2
2024-03,싱가포르,자동차 및 부품 판매업,1
2024-03,싱가포르,전기장비 제조업,1
2024-03,싱가포르,전자부품  컴퓨터  영상  음향 및 통신장비 제조업,4
2024-03,싱가포르,창고 및 운송관련 서비스업,1
2024-03,싱가포르,출판업,2
2024-03,싱가포르,코크스  연탄 및 석유정제품 제조업,3
2024-03,싱가포르,펄프  종이 및 종이제품 제조업,1
2024-03,싱가포르,폐기물 수집  운반  처리 및 원료 재생업,5
2024-03,싱가포르,화학물질 및 화학제품 제조업; 의약품 제외,3
2024-03,아랍에미리트 연합,1차 금속 제조업,3
2024-03,아랍에미리트 연합,고무 및 플라스틱제품 제조업,4
2024-03,아랍에미리트 연합,금속가공제품 제조업; 기계 및 가구 제외,4
2024-03,아랍에미리트 연합,도매 및 상품 중개업,4
2024-03,아랍에미리트 연합,비금속 광물제품 제조업,4
2024-03,아랍에미리트 연합,자동차 및 부품 판매업,4
2024-03,아랍에미리트 연합,전기장비 제조업,3
2024-03,아랍에미리트 연합,종합 건설업,5
2024-03,아랍에미리트 연합,컴퓨터 프로그래밍  시스템 통합 및 관리업,2
2024-03,아랍에미리트 연합,펄프  종이 및 종이제품 제조업,2
2024-03,아랍에미리트 연합,화학물질 및 화학제품 제조업; 의약품 제외,4
2024-03,아르헨티나,고무 및 플라스틱제품 제조업,4
2024-03,아르헨티나,기타 기계 및 장비 제조업,2
2024-03,아르헨티나,도매 및 상품 중개업,4
2024-03,아르헨티나,섬유제품 제조업; 의복제외,4
2024-03,아르헨티나,소매업; 자동차 제외,4
2024-03,아르헨티나,자동차 및 부품 판매업,2
2024-03,아르헨티나,전기장비 제조업,4
2024-03,아르헨티나,전자부품  컴퓨터  영상  음향 및 통신장비 제조업,2
2024-03,아르헨티나,펄프  종이 및 종이제품 제조업,4
2024-03,아르헨티나,화학물질 및 화학제품 제조업; 의약품 제외,4
2024-03,아이슬란드,고무 및 플라스틱제품 제조업,1
2024-03,아이티,자동차 및 부품 판매업,3
2024-03,아일랜드,고무 및 플라스틱제품 제조업,4
2024-03,아일랜드,도매 및 상품 중개업,3
2024-03,아일랜드,자동차 및 부품 판매업,2
2024-03,아일랜드,전자부품  컴퓨터  영상  음향 및 통신장비 제조업,1
2024-03,아일랜드,컴퓨터 프로그래밍  시스템 통합 및 관리업,1
2024-03,아일랜드,코크스  연탄 및 석유정제품 제조업,2
2024-03,아제르바이잔,자동차 및 부품 판매업,3
2024-03,알제리,비금속 광물제품 제조업,2
2024-03,알제리,자동차 및 부품 판매업,2
2024-03,알제리,전기장비 제조업,4
2024-03,알제리,전자부품  컴퓨터  영상  음향 및 통신장비 제조업,3
2024-03,알제리,화학물질 및 화학제품 제조업; 의약품 제외,2
2024-03,에콰도르,고무 및 플라스틱제품 제조업,4
2024-03,에콰도르,금속가공제품 제조업; 기계 및 가구 제외,3
2024-03,에콰도르,도매 및 상품 중개업,4
2024-03,에콰도르,식료품 제조업,2
2024-03,에콰도르,자동차 및 부품 판매업,4
2024-03,에콰도르,자동차 및 트레일러 제조업,2
2024-03,에콰도르,전기장비 제조업,3
2024-03,에콰도르,화학물질 및 화학제품 제조업; 의약품 제외,2
2024-03,엘살바도르,금속가공제품 제조업; 기계 및 가구 제외,4
2024-03,엘살바도르,도매 및 상품 중개업,2
2024-03,엘살바도르,섬유제품 제조업; 의복제외,2
2024-03,엘살바도르,자동차 및 부품 판매업,4
2024-03,영국,1차 금속 제조업,3
2024-03,영국,개인 및 소비용품 수리업,2
2024-03,영국,고무 및 플라스틱제품 제조업,3
2024-03,영국,금속가공제품 제조업; 기계 및 가구 제외,3
2024-03,영국,금융업,1
2024-03,영국,기타 개인 서비스업,3
2024-03,영국,기타 기계 및 장비 제조업,3
2024-03,영국,기타 운송장비 제조업,1
2024-03,영국,기타 전문  과학 및 기술 서비스업,2
2024-03,영국,기타 제품 제조업,4
2024-03,영국,도매 및 상품 중개업,3
2024-03,영국,사업지원 서비스업,3
2024-03,영국,섬유제품 제조업; 의복제외,3
2024-03,영국,소매업; 자동차 제외,3
2024-03,영국,스포츠 및 오락관련 서비스업,2
2024-03,영국,우편 및 통신업,3
2024-03,영국,의료  정밀  광학기기 및 시계 제조업,1
2024-03,영국,의복  의복 액세서리 및 모피제품 제조업,3
2024-03,영국,자동차 및 부품 판매업,3
2024-03,영국,자동차 및 트레일러 제조업,2
2024-03,영국,전기장비 제조업,3
2024-03,영국,전문 서비스업,1
2024-03,영국,전문직별 공사업,1
2024-03,영국,전자부품  컴퓨터  영상  음향 및 통신장비 제조업,3
2024-03,영국,종합 건설업,2
2024-03,영국,창고 및 운송관련 서비스업,1
2024-03,영국,출판업,2
2024-03,영국,컴퓨터 프로그래밍  시스템 통합 및 관리업,2
2024-03,영국,펄프  종이 및 종이제품 제조업,1
2024-03,영국,화학물질 및 화학제품 제조업; 의약품 제외,3
2024-03,오만,도매 및 상품 중개업,4
2024-03,오스트리아,고무 및 플라스틱제품 제조업,3
2024-03,오스트리아,금융업,2
2024-03,오스트리아,도매 및 상품 중개업,3
2024-03,오스트리아,자동차 및 부품 판매업,3
2024-03,오스트리아,자동차 및 트레일러 제조업,3
2024-03,오스트리아,전기장비 제조업,1
2024-03,온두라스,섬유제품 제조업; 의복제외,2
2024-03,온두라스,자동차 및 부품 판매업,4
2024-03,요르단,도매 및 상품 중개업,4
2024-03,요르단,자동차 및 부품 판매업,3
2024-03,우루과이,도매 및 상품 중개업,3
2024-03,우즈베키스탄,고무 및 플라스틱제품 제조업,4
2024-03,우즈베키스탄,도매 및 상품 중개업,3
2024-03,우즈베키스탄,자동차 및 트레일러 제조업,2
2024-03,우즈베키스탄,전기장비 제조업,5
2024-03,우크라이나,고무 및 플라스틱제품 제조업,4
2024-03,우크라이나,도매 및 상품 중개업,4
2024-03,우크라이나,자동차 및 부품 판매업,2
2024-03,우크라이나,화학물질 및 화학제품 제조업; 의약품 제외,4
2024-03,이라크,자동차 및 부품 판매업,5
2024-03,이란,1차 금속 제조업,3
2024-03,이란,고무 및 플라스틱제품 제조업,3
2024-03,이란,기타 기계 및 장비 제조업,4
2024-03,이란,도매 및 상품 중개업,5
2024-03,이란,소매업; 자동차 제외,5
2024-03,이란,자동차 및 부품 판매업,5
2024-03,이란,자동차 및 트레일러 제조업,4
2024-03,이란,전기장비 제조업,5
2024-03,이란,화학물질 및 화학제품 제조업; 의약품 제외,5
2024-03,이스라엘,고무 및 플라스틱제품 제조업,5
2024-03,이스라엘,금융업,3
2024-03,이스라엘,기타 기계 및 장비 제조업,2
2024-03,이스라엘,도매 및 상품 중개업,4
2024-03,이스라엘,의료  정밀  광학기기 및 시계 제조업,2
2024-03,이스라엘,의복  의복 액세서리 및 모피제품 제조업,2
2024-03,이스라엘,자동차 및 부품 판매업,2
2024-03,이스라엘,전기장비 제조업,4
2024-03,이스라엘,전자부품  컴퓨터  영상  음향 및 통신장비 제조업,2
2024-03,이스라엘,화학물질 및 화학제품 제조업; 의약품 제외,4
2024-03,이집트,1차 금속 제조업,4
2024-03,이집트,고무 및 플라스틱제품 제조업,2
2024-03,이집트,기타 기계 및 장비 제조업,4
2024-03,이집트,도매 및 상품 중개업,5
2024-03,이집트,사업지원 서비스업,3
2024-03,이집트,섬유제품 제조업; 의복제외,5
2024-03,이집트,식료품 제조업,5
2024-03,이집트,의료  정밀  광학기기 및 시계 제조업,2
2024-03,이집트,자동차 및 부품 판매업,5
2024-03,이집트,자동차 및 트레일러 제조업,3
2024-03,이집트,전기장비 제조업,4
2024-03,이집트,전자부품  컴퓨터  영상  음향 및 통신장비 제조업,5
2024-03,이집트,종합 건설업,3
2024-03,이집트,화학물질 및 화학제품 제조업; 의약품 제외,4
2024-03,이탈리아,1차 금속 제조업,4
2024-03,이탈리아,가구 제조업,1
2024-03,이탈리아,가죽  가방 및 신발 제조업,1
2024-03,이탈리아,개인 및 소비용품 수리업,3
2024-03,이탈리아,고무 및 플라스틱제품 제조업,4
2024-03,이탈리아,금속가공제품 제조업; 기계 및 가구 제외,3
2024-03,이탈리아,금융업,4
2024-03,이탈리아,기타 기계 및 장비 제조업,3
2024-03,이탈리아,기타 제품 제조업,1
2024-03,이탈리아,도매 및 상품 중개업,3
2024-03,이탈리아,비금속 광물제품 제조업,2
2024-03,이탈리아,섬유제품 제조업; 의복제외,3
2024-03,이탈리아,식료품 제조업,3
2024-03,이탈리아,의료  정밀  광학기기 및 시계 제조업,2
2024-03,이탈리아,의료용 물질 및 의약품 제조업,1
2024-03,이탈리아,의복  의복 액세서리 및 모피제품 제조업,2
2024-03,이탈리아,자동차 및 부품 판매업,3
2024-03,이탈리아,자동차 및 트레일러 제조업,1
2024-03,이탈리아,전기장비 제조업,3
2024-03,이탈리아,전문 서비스업,2
2024-03,이탈리아,전문직별 공사업,1
2024-03,이탈리아,전자부품  컴퓨터  영상  음향 및 통신장비 제조업,2
2024-03,이탈리아,펄프  종이 및 종이제품 제조업,2
2024-03,이탈리아,화학물질 및 화학제품 제조업; 의약품 제외,3
2024-03,인도,1차 금속 제조업,4
2024-03,인도,가죽  가방 및 신발 제조업,5
2024-03,인도,개인 및 소비용품 수리업,3
2024-03,인도,건축기술  엔지니어링 및 기타 과학기술 서비스업,5
2024-03,인도,고무 및 플라스틱제품 제조업,4
2024-03,인도,금속가공제품 제조업; 기계 및 가구 제외,4
2024-03,인도,기타 기계 및 장비 제조업,4
2024-03,인도,도매 및 상품 중개업,4
2024-03,인도,비금속 광물제품 제조업,5
2024-03,인도,섬유제품 제조업; 의복제외,4
2024-03,인도,식료품 제조업,4
2024-03,인도,우편 및 통신업,2
2024-03,인도,의료  정밀  광학기기 및 시계 제조업,2
2024-03,인도,의료용 물질 및 의약품 제조업,5
2024-03,인도,의복  의복 액세서리 및 모피제품 제조업,2
2024-03,인도,자동차 및 부품 판매업,2
2024-03,인도,자동차 및 트레일러 제조업,4
2024-03,인도,전기장비 제조업,4
2024-03,인도,전자부품  컴퓨터  영상  음향 및 통신장비 제조업,5
2024-03,인도,출판업,2
2024-03,인도,컴퓨터 프로그래밍  시스템 통합 및 관리업,3
2024-03,인도,코크스  연탄 및 석유정제품 제조업,3
2024-03,인도,펄프  종이 및 종이제품 제조업,5
2024-03,인도,화학물질 및 화학제품 제조업; 의약품 제외,4
2024-03,인도네시아,1차 금속 제조업,4
2024-03,인도네시아,가죽  가방 및 신발 제조업,2
2024-03,인도네시아,고무 및 플라스틱제품 제조업,4
2024-03,인도네시아,금속가공제품 제조업; 기계 및 가구 제외,4
2024-03,인도네시아,담배 제조업,3
2024-03,인도네시아,도매 및 상품 중개업,5
2024-03,인도네시아,섬유제품 제조업; 의복제외,5
2024-03,인도네시아,식료품 제조업,4
2024-03,인도네시아,의복  의복 액세서리 및 모피제품 제조업,4
2024-03,인도네시아,자동차 및 부품 판매업,4
2024-03,인도네시아,자동차 및 트레일러 제조업,4
2024-03,인도네시아,전기장비 제조업,4
2024-03,인도네시아,전문직별 공사업,3
2024-03,인도네시아,전자부품  컴퓨터  영상  음향 및 통신장비 제조업,4
2024-03,인도네시아,창고 및 운송관련 서비스업,2
2024-03,인도네시아,펄프  종이 및 종이제품 제조업,2
2024-03,인도네시아,화학물질 및 화학제품 제조업; 의약품 제외,5
2024-03,일본,1차 금속 제조업,3
2024-03,일본,개인 및 소비용품 수리업,2
2024-03,일본,고무 및 플라스틱제품 제조업,4
2024-03,일본,금속가공제품 제조업; 기계 및 가구 제외,3
2024-03,일본,금융업,3
2024-03,일본,기타 기계 및 장비 제조업,3
2024-03,일본,기타 운송장비 제조업,1
2024-03,일본,기타 제품 제조업,3
2024-03,일본,도매 및 상품 중개업,3
2024-03,일본,비금속 광물제품 제조업,1
2024-03,일본,사업지원 서비스업,1
2024-03,일본,섬유제품 제조업; 의복제외,1
2024-03,일본,소매업; 자동차 제외,4
2024-03,일본,식료품 제조업,3
2024-03,일본,우편 및 통신업,1
2024-03,일본,육상운송 및 파이프라인 운송업,2
2024-03,일본,음료 제조업,1
2024-03,일본,의료  정밀  광학기기 및 시계 제조업,3
2024-03,일본,의료용 물질 및 의약품 제조업,2
2024-03,일본,의복  의복 액세서리 및 모피제품 제조업,2
2024-03,일본,임대업; 부동산 제외,2
2024-03,일본,자동차 및 부품 판매업,2
2024-03,일본,자동차 및 트레일러 제조업,3
2024-03,일본,전기장비 제조업,3
2024-03,일본,전문직별 공사업,1
2024-03,일본,전자부품  컴퓨터  영상  음향 및 통신장비 제조업,4
2024-03,일본,정보서비스업,1
2024-03,일본,종합 건설업,2
2024-03,일본,창고 및 운송관련 서비스업,2
2024-03,일본,출판업,2
2024-03,일본,코크스  연탄 및 석유정제품 제조업,1
2024-03,일본,펄프  종이 및 종이제품 제조업,2
2024-03,일본,화학물질 및 화학제품 제조업; 의약품 제외,3
2024-03,자메이카,자동차 및 부품 판매업,4
2024-03,조지아,자동차 및 부품 판매업,3
2024-03,중국,1차 금속 제조업,4
2024-03,중국,가구 제조업,3
2024-03,중국,가죽  가방 및 신발 제조업,2
2024-03,중국,고무 및 플라스틱제품 제조업,5
2024-03,중국,금속가공제품 제조업; 기계 및 가구 제외,4
2024-03,중국,기타 기계 및 장비 제조업,5
2024-03,중국,기타 운송장비 제조업,4
2024-03,중국,기타 제품 제조업,4
2024-03,중국,도매 및 상품 중개업,5
2024-03,중국,비금속 광물제품 제조업,4
2024-03,중국,섬유제품 제조업; 의복제외,4
2024-03,중국,소매업; 자동차 제외,2
2024-03,중국,식료품 제조업,4
2024-03,중국,음료 제조업,2
2024-03,중국,의료  정밀  광학기기 및 시계 제조업,4
2024-03,중국,의료용 물질 및 의약품 제조업,3
2024-03,중국,의복  의복 액세서리 및 모피제품 제조업,2
2024-03,중국,자동차 및 부품 판매업,3
2024-03,중국,자동차 및 트레일러 제조업,5
2024-03,중국,전기장비 제조업,5
2024-03,중국,전문 서비스업,2
2024-03,중국,전문직별 공사업,3
2024-03,중국,전자부품  컴퓨터  영상  음향 및 통신장비 제조업,5
2024-03,중국,창고 및 운송관련 서비스업,5
2024-03,중국,코크스  연탄 및 석유정제품 제조업,2
2024-03,중국,펄프  종이 및 종이제품 제조업,2
2024-03,중국,항공 운송업,3
2024-03,중국,화학물질 및 화학제품 제조업; 의약품 제외,5
2024-03,지브랄타,도매 및 상품 중개업,2
2024-03,체코,고무 및 플라스틱제품 제조업,3
2024-03,체코,금속가공제품 제조업; 기계 및 가구 제외,4
2024-03,체코,기타 기계 및 장비 제조업,3
2024-03,체코,도매 및 상품 중개업,1
2024-03,체코,비금속 광물제품 제조업,1
2024-03,체코,섬유제품 제조업; 의복제외,3
2024-03,체코,자동차 및 부품 판매업,4
2024-03,체코,자동차 및 트레일러 제조업,3
2024-03,체코,전기장비 제조업,1
2024-03,체코,화학물질 및 화학제품 제조업; 의약품 제외,1
2024-03,칠레,1차 금속 제조업,4
2024-03,칠레,고무 및 플라스틱제품 제조업,3
2024-03,칠레,금속가공제품 제조업; 기계 및 가구 제외,3
2024-03,칠레,금융업,2
2024-03,칠레,도매 및 상품 중개업,4
2024-03,칠레,소매업; 자동차 제외,2
2024-03,칠레,자동차 및 부품 판매업,4
2024-03,칠레,전기장비 제조업,4
2024-03,칠레,화학물질 및 화학제품 제조업; 의약품 제외,2
2024-03,카자흐스탄,고무 및 플라스틱제품 제조업,2
2024-03,카자흐스탄,도매 및 상품 중개업,4
2024-03,카자흐스탄,비금속 광물제품 제조업,5
2024-03,카자흐스탄,자동차 및 부품 판매업,4
2024-03,카자흐스탄,자동차 및 트레일러 제조업,5
2024-03,카타르,건축기술  엔지니어링 및 기타 과학기술 서비스업,2
2024-03,카타르,도매 및 상품 중개업,4
2024-03,카타르,자동차 및 부품 판매업,2
2024-03,카타르,화학물질 및 화학제품 제조업; 의약품 제외,2
2024-03,캄보디아,도매 및 상품 중개업,4
2024-03,캄보디아,소매업; 자동차 제외,4
2024-03,캄보디아,자동차 및 트레일러 제조업,3
2024-03,캐나다,1차 금속 제조업,2
2024-03,캐나다,고무 및 플라스틱제품 제조업,1
2024-03,캐나다,금속가공제품 제조업; 기계 및 가구 제외,3
2024-03,캐나다,기타 기계 및 장비 제조업,1
2024-03,캐나다,기타 운송장비 제조업,2
2024-03,캐나다,기타 제품 제조업,1
2024-03,캐나다,도매 및 상품 중개업,3
2024-03,캐나다,목재 및 나무제품 제조업; 가구 제외,1
2024-03,캐나다,섬유제품 제조업; 의복제외,1
2024-03,캐나다,소매업; 자동차 제외,3
2024-03,캐나다,우편 및 통신업,1
2024-03,캐나다,의복  의복 액세서리 및 모피제품 제조업,1
2024-03,캐나다,자동차 및 부품 판매업,3
2024-03,캐나다,자동차 및 트레일러 제조업,1
2024-03,캐나다,전기장비 제조업,1
2024-03,캐나다,전자부품  컴퓨터  영상  음향 및 통신장비 제조업,4
2024-03,캐나다,정보서비스업,2
2024-03,캐나다,출판업,1
2024-03,캐나다,펄프  종이 및 종이제품 제조업,1
2024-03,캐나다,화학물질 및 화학제품 제조업; 의약품 제외,2
2024-03,케냐,가구 제조업,3
2024-03,케냐,가죽  가방 및 신발 제조업,2
2024-03,케냐,도매 및 상품 중개업,4
2024-03,케냐,자동차 및 부품 판매업,3
2024-03,케냐,화학물질 및 화학제품 제조업; 의약품 제외,4
2024-03,케이만군도,금융 및 보험 관련 서비스업,1
2024-03,코스타리카,고무 및 플라스틱제품 제조업,2
2024-03,코스타리카,도매 및 상품 중개업,2
2024-03,코스타리카,자동차 및 부품 판매업,4
2024-03,코트디부아르,화학물질 및 화학제품 제조업; 의약품 제외,3
2024-03,콜롬비아,1차 금속 제조업,4
2024-03,콜롬비아,고무 및 플라스틱제품 제조업,4
2024-03,콜롬비아,금속가공제품 제조업; 기계 및 가구 제외,3
2024-03,콜롬비아,도매 및 상품 중개업,4
2024-03,콜롬비아,섬유제품 제조업; 의복제외,4
2024-03,콜롬비아,소매업; 자동차 제외,4
2024-03,콜롬비아,식료품 제조업,2
2024-03,콜롬비아,자동차 및 부품 판매업,4
2024-03,콜롬비아,자동차 및 트레일러 제조업,5
2024-03,콜롬비아,전기장비 제조업,4
2024-03,콜롬비아,화학물질 및 화학제품 제조업; 의약품 제외,3
2024-03,쿠바,전기  가스  증기 및 공기조절 공급업,5
2024-03,쿠웨이트,자동차 및 부품 판매업,3
2024-03,크로아티아,개인 및 소비용품 수리업,3
2024-03,크로아티아,도매 및 상품 중개업,2
2024-03,탄자니아,가구 제조업,3
2024-03,탄자니아,도매 및 상품 중개업,3
2024-03,태국,1차 금속 제조업,2
2024-03,태국,가죽  가방 및 신발 제조업,2
2024-03,태국,고무 및 플라스틱제품 제조업,4
2024-03,태국,금속가공제품 제조업; 기계 및 가구 제외,4
2024-03,태국,기타 기계 및 장비 제조업,2
2024-03,태국,도매 및 상품 중개업,4
2024-03,태국,소매업; 자동차 제외,2
2024-03,태국,식료품 제조업,4
2024-03,태국,의료  정밀  광학기기 및 시계 제조업,2
2024-03,태국,자동차 및 부품 판매업,4
2024-03,태국,자동차 및 트레일러 제조업,2
2024-03,태국,전기장비 제조업,4
2024-03,태국,전문 서비스업,5
2024-03,태국,전자부품  컴퓨터  영상  음향 및 통신장비 제조업,4
2024-03,태국,창고 및 운송관련 서비스업,2
2024-03,태국,펄프  종이 및 종이제품 제조업,4
2024-03,태국,화학물질 및 화학제품 제조업; 의약품 제외,4
2024-03,튀니지,도매 및 상품 중개업,4
2024-03,튀니지,전문 서비스업,2
2024-03,튀르키예(구 터키),1차 금속 제조업,2
2024-03,튀르키예(구 터키),고무 및 플라스틱제품 제조업,5
2024-03,튀르키예(구 터키),금속가공제품 제조업; 기계 및 가구 제외,3
2024-03,튀르키예(구 터키),기타 기계 및 장비 제조업,4
2024-03,튀르키예(구 터키),기타 운송장비 제조업,2
2024-03,튀르키예(구 터키),도매 및 상품 중개업,4
2024-03,튀르키예(구 터키),목재 및 나무제품 제조업; 가구 제외,3
2024-03,튀르키예(구 터키),비금속 광물제품 제조업,2
2024-03,튀르키예(구 터키),산업용 기계 및 장비 수리업,3
2024-03,튀르키예(구 터키),섬유제품 제조업; 의복제외,4
2024-03,튀르키예(구 터키),식료품 제조업,2
2024-03,튀르키예(구 터키),의료용 물질 및 의약품 제조업,2
2024-03,튀르키예(구 터키),의복  의복 액세서리 및 모피제품 제조업,3
2024-03,튀르키예(구 터키),자동차 및 부품 판매업,3
2024-03,튀르키예(구 터키),자동차 및 트레일러 제조업,2
2024-03,튀르키예(구 터키),전기장비 제조업,2
2024-03,튀르키예(구 터키),전자부품  컴퓨터  영상  음향 및 통신장비 제조업,3
2024-03,튀르키예(구 터키),펄프  종이 및 종이제품 제조업,3
2024-03,튀르키예(구 터키),화학물질 및 화학제품 제조업; 의약품 제외,4
2024-03,트리니다드토바고,도매 및 상품 중개업,2
2024-03,트리니다드토바고,자동차 및 부품 판매업,2
2024-03,파나마,금융 및 보험 관련 서비스업,2
2024-03,파나마,금융업,2
2024-03,파나마,도매 및 상품 중개업,4
2024-03,파나마,자동차 및 부품 판매업,4
2024-03,파나마,화학물질 및 화학제품 제조업; 의약품 제외,2
2024-03,파라과이,고무 및 플라스틱제품 제조업,4
2024-03,파라과이,기타 운송장비 제조업,2
2024-03,파라과이,도매 및 상품 중개업,2
2024-03,파라과이,소매업; 자동차 제외,2
2024-03,파키스탄,도매 및 상품 중개업,5
2024-03,파키스탄,의복  의복 액세서리 및 모피제품 제조업,3
2024-03,파키스탄,전기장비 제조업,4
2024-03,파키스탄,펄프  종이 및 종이제품 제조업,3
2024-03,파키스탄,화학물질 및 화학제품 제조업; 의약품 제외,3
2024-03,페루,가구 제조업,4
2024-03,페루,고무 및 플라스틱제품 제조업,4
2024-03,페루,금속가공제품 제조업; 기계 및 가구 제외,2
2024-03,페루,도매 및 상품 중개업,5
2024-03,페루,섬유제품 제조업; 의복제외,4
2024-03,페루,자동차 및 부품 판매업,5
2024-03,페루,자동차 및 트레일러 제조업,2
2024-03,페루,화학물질 및 화학제품 제조업; 의약품 제외,4
2024-03,포르투갈,고무 및 플라스틱제품 제조업,1
2024-03,포르투갈,기타 기계 및 장비 제조업,2
2024-03,포르투갈,도매 및 상품 중개업,3
2024-03,포르투갈,섬유제품 제조업; 의복제외,1
2024-03,포르투갈,자동차 및 부품 판매업,2
2024-03,포르투갈,전자부품  컴퓨터  영상  음향 및 통신장비 제조업,2
2024-03,폴란드,1차 금속 제조업,4
2024-03,폴란드,개인 및 소비용품 수리업,2
2024-03,폴란드,고무 및 플라스틱제품 제조업,3
2024-03,폴란드,금속가공제품 제조업; 기계 및 가구 제외,3
2024-03,폴란드,기타 기계 및 장비 제조업,4
2024-03,폴란드,도매 및 상품 중개업,5
2024-03,폴란드,산업용 기계 및 장비 수리업,2
2024-03,폴란드,섬유제품 제조업; 의복제외,3
2024-03,폴란드,소매업; 자동차 제외,2
2024-03,폴란드,식료품 제조업,2
2024-03,폴란드,의료용 물질 및 의약품 제조업,2
2024-03,폴란드,자동차 및 부품 판매업,4
2024-03,폴란드,자동차 및 트레일러 제조업,2
2024-03,폴란드,전기장비 제조업,2
2024-03,폴란드,전자부품  컴퓨터  영상  음향 및 통신장비 제조업,3
2024-03,폴란드,펄프  종이 및 종이제품 제조업,3
2024-03,폴란드,화학물질 및 화학제품 제조업; 의약품 제외,2
2024-03,프랑스,개인 및 소비용품 수리업,1
2024-03,프랑스,건축기술  엔지니어링 및 기타 과학기술 서비스업,1
2024-03,프랑스,고무 및 플라스틱제품 제조업,1
2024-03,프랑스,금속가공제품 제조업; 기계 및 가구 제외,1
2024-03,프랑스,금융업,3
2024-03,프랑스,기타 기계 및 장비 제조업,1
2024-03,프랑스,도매 및 상품 중개업,3
2024-03,프랑스,부동산업,1
2024-03,프랑스,비금속 광물제품 제조업,1
2024-03,프랑스,섬유제품 제조업; 의복제외,2
2024-03,프랑스,소매업; 자동차 제외,4
2024-03,프랑스,수상 운송업,1
2024-03,프랑스,스포츠 및 오락관련 서비스업,2
2024-03,프랑스,식료품 제조업,2
2024-03,프랑스,의복  의복 액세서리 및 모피제품 제조업,3
2024-03,프랑스,자동차 및 부품 판매업,1
2024-03,프랑스,자동차 및 트레일러 제조업,3
2024-03,프랑스,전기장비 제조업,3
2024-03,프랑스,전문 서비스업,1
2024-03,프랑스,전문직별 공사업,1
2024-03,프랑스,전자부품  컴퓨터  영상  음향 및 통신장비 제조업,1
2024-03,프랑스,컴퓨터 프로그래밍  시스템 통합 및 관리업,2
2024-03,프랑스,화학물질 및 화학제품 제조업; 의약품 제외,2
2024-03,핀란드,고무 및 플라스틱제품 제조업,1
2024-03,핀란드,도매 및 상품 중개업,2
2024-03,핀란드,자동차 및 부품 판매업,2
2024-03,핀란드,전기장비 제조업,1
2024-03,핀란드,전자부품  컴퓨터  영상  음향 및 통신장비 제조업,1
2024-03,핀란드,출판업,1
2024-03,필리핀,고무 및 플라스틱제품 제조업,3
2024-03,필리핀,기타 운송장비 제조업,3
2024-03,필리핀,도매 및 상품 중개업,4
2024-03,필리핀,식료품 제조업,4
2024-03,필리핀,자동차 및 부품 판매업,5
2024-03,필리핀,자동차 및 트레일러 제조업,2
2024-03,필리핀,전기장비 제조업,2
2024-03,필리핀,전자부품  컴퓨터  영상  음향 및 통신장비 제조업,4
2024-03,필리핀,항공 운송업,2
2024-03,필리핀,화학물질 및 화학제품 제조업; 의약품 제외,4
2024-03,헝가리,개인 및 소비용품 수리업,2
2024-03,헝가리,고무 및 플라스틱제품 제조업,2
2024-03,헝가리,금속가공제품 제조업; 기계 및 가구 제외,2
2024-03,헝가리,기타 기계 및 장비 제조업,1
2024-03,헝가리,도매 및 상품 중개업,3
2024-03,헝가리,식료품 제조업,2
2024-03,헝가리,연구개발업,2
2024-03,헝가리,자동차 및 부품 판매업,2
2024-03,헝가리,자동차 및 트레일러 제조업,2
2024-03,헝가리,전기장비 제조업,2
2024-03,헝가리,전자부품  컴퓨터  영상  음향 및 통신장비 제조업,2
2024-03,호주,1차 금속 제조업,4
2024-03,호주,고무 및 플라스틱제품 제조업,4
2024-03,호주,금속가공제품 제조업; 기계 및 가구 제외,3
2024-03,호주,기타 기계 및 장비 제조업,3
2024-03,호주,기타 제품 제조업,3
2024-03,호주,도매 및 상품 중개업,4
2024-03,호주,섬유제품 제조업; 의복제외,1
2024-03,호주,소매업; 자동차 제외,3
2024-03,호주,우편 및 통신업,1
2024-03,호주,인쇄 및 기록매체 복제업,5
2024-03,호주,자동차 및 부품 판매업,3
2024-03,호주,자동차 및 트레일러 제조업,2
2024-03,호주,전기장비 제조업,1
2024-03,호주,출판업,3
2024-03,호주,컴퓨터 프로그래밍  시스템 통합 및 관리업,1
2024-03,호주,펄프  종이 및 종이제품 제조업,1
2024-03,호주,화학물질 및 화학제품 제조업; 의약품 제외,3
2024-03,홍콩,가죽  가방 및 신발 제조업,2
2024-03,홍콩,금융업,4
2024-03,홍콩,기타 기계 및 장비 제조업,2
2024-03,홍콩,도매 및 상품 중개업,4
2024-03,홍콩,소매업; 자동차 제외,3
2024-03,홍콩,의료  정밀  광학기기 및 시계 제조업,2
2024-03,홍콩,자동차 및 부품 판매업,2
2024-03,홍콩,전기장비 제조업,2
2024-03,홍콩,전자부품  컴퓨터  영상  음향 및 통신장비 제조업,2
2024-03,홍콩,창고 및 운송관련 서비스업,2
2024-03,홍콩,출판업,2
2024-03,홍콩,항공 운송업,2
2024-02,가나,도매 및 상품 중개업,5
2024-02,가나,화학물질 및 화학제품 제조업; 의약품 제외,4
2024-02,가이아나,도매 및 상품 중개업,2
2024-02,과테말라,1차 금속 제조업,2
2024-02,과테말라,도매 및 상품 중개업,3
2024-02,과테말라,섬유제품 제조업; 의복제외,5
2024-02,과테말라,자동차 및 부품 판매업,4
2024-02,괌,도매 및 상품 중개업,4
2024-02,그리스,도매 및 상품 중개업,4
2024-02,그리스,의료용 물질 및 의약품 제조업,2
2024-02,그리스,자동차 및 부품 판매업,3
2024-02,그리스,창고 및 운송관련 서비스업,5
2024-02,그리스,펄프  종이 및 종이제품 제조업,2
2024-02,나이지리아,도매 및 상품 중개업,5
2024-02,나이지리아,컴퓨터 프로그래밍  시스템 통합 및 관리업,3
2024-02,남아프리카공화국,1차 금속 제조업,4
2024-02,남아프리카공화국,고무 및 플라스틱제품 제조업,4
2024-02,남아프리카공화국,기타 기계 및 장비 제조업,5
2024-02,남아프리카공화국,도매 및 상품 중개업,5
2024-02,남아프리카공화국,비금속 광물제품 제조업,3
2024-02,남아프리카공화국,섬유제품 제조업; 의복제외,4
2024-02,남아프리카공화국,인쇄 및 기록매체 복제업,4
2024-02,남아프리카공화국,자동차 및 부품 판매업,3
2024-02,남아프리카공화국,자동차 및 트레일러 제조업,2
2024-02,남아프리카공화국,전기  가스  증기 및 공기조절 공급업,2
2024-02,남아프리카공화국,전기장비 제조업,4
2024-02,남아프리카공화국,전문직별 공사업,4
2024-02,남아프리카공화국,전자부품  컴퓨터  영상  음향 및 통신장비 제조업,4
2024-02,남아프리카공화국,출판업,2
2024-02,남아프리카공화국,펄프  종이 및 종이제품 제조업,3
2024-02,남아프리카공화국,화학물질 및 화학제품 제조업; 의약품 제외,2
2024-02,네덜란드,1차 금속 제조업,1
2024-02,네덜란드,고무 및 플라스틱제품 제조업,1
2024-02,네덜란드,금속가공제품 제조업; 기계 및 가구 제외,3
2024-02,네덜란드,금융업,3
2024-02,네덜란드,기타 기계 및 장비 제조업,4
2024-02,네덜란드,도매 및 상품 중개업,4
2024-02,네덜란드,섬유제품 제조업; 의복제외,1
2024-02,네덜란드,식료품 제조업,1
2024-02,네덜란드,육상운송 및 파이프라인 운송업,1
2024-02,네덜란드,임대업; 부동산 제외,1
2024-02,네덜란드,자동차 및 부품 판매업,3
2024-02,네덜란드,자동차 및 트레일러 제조업,4
2024-02,네덜란드,전기장비 제조업,1
2024-02,네덜란드,전문 서비스업,4
2024-02,네덜란드,전자부품  컴퓨터  영상  음향 및 통신장비 제조업,2
2024-02,네덜란드,컴퓨터 프로그래밍  시스템 통합 및 관리업,1
2024-02,네덜란드,펄프  종이 및 종이제품 제조업,2
2024-02,네덜란드,화학물질 및 화학제품 제조업; 의약품 제외,3
2024-02,네팔,도매 및 상품 중개업,2
2024-02,노르웨이,도매 및 상품 중개업,3
2024-02,노르웨이,수상 운송업,1
2024-02,노르웨이,의복  의복 액세서리 및 모피제품 제조업,1
2024-02,노르웨이,자동차 및 부품 판매업,1
2024-02,뉴질랜드,1차 금속 제조업,1
2024-02,뉴질랜드,기타 기계 및 장비 제조업,3
2024-02,뉴질랜드,도매 및 상품 중개업,3
2024-02,뉴질랜드,소매업; 자동차 제외,1
2024-02,뉴질랜드,자동차 및 부품 판매업,3
2024-02,뉴질랜드,펄프  종이 및 종이제품 제조업,5
2024-02,뉴질랜드,화학물질 및 화학제품 제조업; 의약품 제외,1
2024-02,뉴칼레도니아,도매 및 상품 중개업,2
2024-02,니카라과,자동차 및 부품 판매업,5
2024-02,대만,1차 금속 제조업,1
2024-02,대만,가죽  가방 및 신발 제조업,1
2024-02,대만,건축기술  엔지니어링 및 기타 과학기술 서비스업,1
2024-02,대만,고무 및 플라스틱제품 제조업,1
2024-02,대만,금속가공제품 제조업; 기계 및 가구 제외,2
2024-02,대만,금융업,5
2024-02,대만,기타 기계 및 장비 제조업,1
2024-02,대만,기타 운송장비 제조업,2
2024-02,대만,도매 및 상품 중개업,3
2024-02,대만,비금속 광물제품 제조업,1
2024-02,대만,섬유제품 제조업; 의복제외,1
2024-02,대만,소매업; 자동차 제외,1
2024-02,대만,식료품 제조업,2
2024-02,대만,의료  정밀  광학기기 및 시계 제조업,1
2024-02,대만,자동차 및 부품 판매업,1
2024-02,대만,전기장비 제조업,4
2024-02,대만,전자부품  컴퓨터  영상  음향 및 통신장비 제조업,3
2024-02,대만,출판업,1
2024-02,대만,펄프  종이 및 종이제품 제조업,1
2024-02,대만,항공 운송업,5
2024-02,대만,화학물질 및 화학제품 제조업; 의약품 제외,3
2024-02,덴마크,국제 및 외국기관,5
2024-02,덴마크,기타 기계 및 장비 제조업,1
2024-02,덴마크,도매 및 상품 중개업,3
2024-02,덴마크,식료품 제조업,2
2024-02,덴마크,연구개발업,1
2024-02,덴마크,자동차 및 부품 판매업,1
2024-02,덴마크,전문 서비스업,2
2024-02,도미니카공화국,도매 및 상품 중개업,2
2024-02,도미니카공화국,자동차 및 부품 판매업,4
2024-02,독일,1차 금속 제조업,2
2024-02,독일,개인 및 소비용품 수리업,2
2024-02,독일,고무 및 플라스틱제품 제조업,3
2024-02,독일,금속가공제품 제조업; 기계 및 가구 제외,1
2024-02,독일,금융업,1
2024-02,독일,기타 기계 및 장비 제조업,3
2024-02,독일,기타 운송장비 제조업,2
2024-02,독일,기타 제품 제조업,3
2024-02,독일,도매 및 상품 중개업,3
2024-02,독일,부동산업,1
2024-02,독일,비금속 광물제품 제조업,4
2024-02,독일,사업지원 서비스업,1
2024-02,독일,산업용 기계 및 장비 수리업,1
2024-02,독일,섬유제품 제조업; 의복제외,3
2024-02,독일,소매업; 자동차 제외,4
2024-02,독일,수상 운송업,1
2024-02,독일,식료품 제조업,1
2024-02,독일,의료  정밀  광학기기 및 시계 제조업,2
2024-02,독일,의료용 물질 및 의약품 제조업,3
2024-02,독일,의복  의복 액세서리 및 모피제품 제조업,1
2024-02,독일,자동차 및 부품 판매업,3
2024-02,독일,자동차 및 트레일러 제조업,3
2024-02,독일,전기  가스  증기 및 공기조절 공급업,5
2024-02,독일,전기장비 제조업,3
2024-02,독일,전문 서비스업,2
2024-02,독일,전자부품  컴퓨터  영상  음향 및 통신장비 제조업,3
2024-02,독일,컴퓨터 프로그래밍  시스템 통합 및 관리업,2
2024-02,독일,코크스  연탄 및 석유정제품 제조업,3
2024-02,독일,펄프  종이 및 종이제품 제조업,1
2024-02,독일,화학물질 및 화학제품 제조업; 의약품 제외,3
2024-02,라트비아,도매 및 상품 중개업,2
2024-02,라트비아,자동차 및 부품 판매업,2
2024-02,러시아,고무 및 플라스틱제품 제조업,5
2024-02,러시아,금속가공제품 제조업; 기계 및 가구 제외,5
2024-02,러시아,담배 제조업,3
2024-02,러시아,도매 및 상품 중개업,5
2024-02,러시아,비금속 광물제품 제조업,3
2024-02,러시아,소매업; 자동차 제외,5
2024-02,러시아,식료품 제조업,3
2024-02,러시아,의료용 물질 및 의약품 제조업,3
2024-02,러시아,자동차 및 부품 판매업,5
2024-02,러시아,자동차 및 트레일러 제조업,4
2024-02,러시아,전기장비 제조업,4
2024-02,러시아,종합 건설업,3
2024-02,러시아,펄프  종이 및 종이제품 제조업,3
2024-02,러시아,화학물질 및 화학제품 제조업; 의약품 제외,3
2024-02,레바논,도매 및 상품 중개업,5
2024-02,레바논,자동차 및 부품 판매업,4
2024-02,루마니아,고무 및 플라스틱제품 제조업,3
2024-02,루마니아,기타 기계 및 장비 제조업,2
2024-02,루마니아,도매 및 상품 중개업,4
2024-02,루마니아,소매업; 자동차 제외,5
2024-02,루마니아,자동차 및 부품 판매업,2
2024-02,루마니아,자동차 및 트레일러 제조업,3
2024-02,루마니아,전기장비 제조업,3
2024-02,루마니아,전자부품  컴퓨터  영상  음향 및 통신장비 제조업,4
2024-02,룩셈부르크,고무 및 플라스틱제품 제조업,1
2024-02,룩셈부르크,금융업,4
2024-02,룩셈부르크,전기  가스  증기 및 공기조절 공급업,1
2024-02,리투아니아,도매 및 상품 중개업,3
2024-02,리투아니아,사업지원 서비스업,2
2024-02,리투아니아,자동차 및 부품 판매업,1
2024-02,리투아니아,화학물질 및 화학제품 제조업; 의약품 제외,2
2024-02,리히텐슈타인,금속가공제품 제조업; 기계 및 가구 제외,1
2024-02,리히텐슈타인,기타 기계 및 장비 제조업,2
2024-02,마카오,도매 및 상품 중개업,3
2024-02,마카오,사업지원 서비스업,2
2024-02,마카오,소매업; 자동차 제외,1
2024-02,말라위,화학물질 및 화학제품 제조업; 의약품 제외,2
2024-02,말레이시아,1차 금속 제조업,4
2024-02,말레이시아,개인 및 소비용품 수리업,2
2024-02,말레이시아,고무 및 플라스틱제품 제조업,4
2024-02,말레이시아,금속가공제품 제조업; 기계 및 가구 제외,4
2024-02,말레이시아,금융업,4
2024-02,말레이시아,기타 기계 및 장비 제조업,4
2024-02,말레이시아,기타 운송장비 제조업,2
2024-02,말레이시아,도매 및 상품 중개업,4
2024-02,말레이시아,사업지원 서비스업,4
2024-02,말레이시아,식료품 제조업,2
2024-02,말레이시아,의복  의복 액세서리 및 모피제품 제조업,2
2024-02,말레이시아,인쇄 및 기록매체 복제업,3
2024-02,말레이시아,자동차 및 부품 판매업,2
2024-02,말레이시아,자동차 및 트레일러 제조업,2
2024-02,말레이시아,전기장비 제조업,2
2024-02,말레이시아,전자부품  컴퓨터  영상  음향 및 통신장비 제조업,2
2024-02,말레이시아,창고 및 운송관련 서비스업,2
2024-02,말레이시아,펄프  종이 및 종이제품 제조업,2
2024-02,말레이시아,화학물질 및 화학제품 제조업; 의약품 제외,4
2024-02,멕시코,1차 금속 제조업,4
2024-02,멕시코,고무 및 플라스틱제품 제조업,4
2024-02,멕시코,금속가공제품 제조업; 기계 및 가구 제외,4
2024-02,멕시코,금융업,5
2024-02,멕시코,기타 기계 및 장비 제조업,4
2024-02,멕시코,도매 및 상품 중개업,4
2024-02,멕시코,섬유제품 제조업; 의복제외,4
2024-02,멕시코,소매업; 자동차 제외,2
2024-02,멕시코,자동차 및 부품 판매업,4
2024-02,멕시코,자동차 및 트레일러 제조업,3
2024-02,멕시코,전기장비 제조업,4
2024-02,멕시코,전문 서비스업,5
2024-02,멕시코,전자부품  컴퓨터  영상  음향 및 통신장비 제조업,2
2024-02,멕시코,종합 건설업,2
2024-02,멕시코,컴퓨터 프로그래밍  시스템 통합 및 관리업,4
2024-02,멕시코,펄프  종이 및 종이제품 제조업,3
2024-02,멕시코,화학물질 및 화학제품 제조업; 의약품 제외,4
2024-02,모로코,가구 제조업,2
2024-02,모로코,도매 및 상품 중개업,4
2024-02,모로코,자동차 및 부품 판매업,3
2024-02,모리셔스,도매 및 상품 중개업,4
2024-02,몰타,도매 및 상품 중개업,1
2024-02,몰타,자동차 및 부품 판매업,1
2024-02,몽골,도매 및 상품 중개업,4
2024-02,미국,1차 금속 제조업,2
2024-02,미국,가구 제조업,2
2024-02,미국,가죽  가방 및 신발 제조업,2
2024-02,미국,건축기술  엔지니어링 및 기타 과학기술 서비스업,2
2024-02,미국,고무 및 플라스틱제품 제조업,3
2024-02,미국,공공행정  국방 및 사회보장 행정,2
2024-02,미국,금속가공제품 제조업; 기계 및 가구 제외,3
2024-02,미국,기타 기계 및 장비 제조업,3
2024-02,미국,기타 운송장비 제조업,2
2024-02,미국,기타 제품 제조업,4
2024-02,미국,도매 및 상품 중개업,3
2024-02,미국,목재 및 나무제품 제조업; 가구 제외,1
2024-02,미국,비금속 광물제품 제조업,4
2024-02,미국,사업지원 서비스업,3
2024-02,미국,산업용 기계 및 장비 수리업,2
2024-02,미국,섬유제품 제조업; 의복제외,4
2024-02,미국,소매업; 자동차 제외,3
2024-02,미국,식료품 제조업,2
2024-02,미국,영상ㆍ오디오 기록물 제작 및 배급업,2
2024-02,미국,우편 및 통신업,3
2024-02,미국,음료 제조업,4
2024-02,미국,의료  정밀  광학기기 및 시계 제조업,4
2024-02,미국,의료용 물질 및 의약품 제조업,3
2024-02,미국,의복  의복 액세서리 및 모피제품 제조업,4
2024-02,미국,인쇄 및 기록매체 복제업,1
2024-02,미국,자동차 및 부품 판매업,4
2024-02,미국,자동차 및 트레일러 제조업,4
2024-02,미국,전기  가스  증기 및 공기조절 공급업,4
2024-02,미국,전기장비 제조업,4
2024-02,미국,전문 서비스업,4
2024-02,미국,전문직별 공사업,3
2024-02,미국,전자부품  컴퓨터  영상  음향 및 통신장비 제조업,3
2024-02,미국,정보서비스업,1
2024-02,미국,창고 및 운송관련 서비스업,4
2024-02,미국,출판업,5
2024-02,미국,펄프  종이 및 종이제품 제조업,3
2024-02,미국,항공 운송업,2
2024-02,미국,화학물질 및 화학제품 제조업; 의약품 제외,3
2024-02,미얀마,공공행정  국방 및 사회보장 행정,3
2024-02,미얀마,금속가공제품 제조업; 기계 및 가구 제외,3
2024-02,미얀마,도매 및 상품 중개업,5
2024-02,바레인,종합 건설업,5
2024-02,바베이도스,금융 및 보험 관련 서비스업,2
2024-02,바하마,도매 및 상품 중개업,2
2024-02,방글라데시,도매 및 상품 중개업,5
2024-02,방글라데시,섬유제품 제조업; 의복제외,3
2024-02,방글라데시,의복  의복 액세서리 및 모피제품 제조업,2
2024-02,방글라데시,전기장비 제조업,3
2024-02,베트남,1차 금속 제조업,4
2024-02,베트남,가구 제조업,4
2024-02,베트남,가죽  가방 및 신발 제조업,4
2024-02,베트남,고무 및 플라스틱제품 제조업,4
2024-02,베트남,금속가공제품 제조업; 기계 및 가구 제외,5
2024-02,베트남,기타 기계 및 장비 제조업,5
2024-02,베트남,기타 운송장비 제조업,2
2024-02,베트남,기타 제품 제조업,3
2024-02,베트남,도매 및 상품 중개업,4
2024-02,베트남,목재 및 나무제품 제조업; 가구 제외,3
2024-02,베트남,비금속 광물제품 제조업,2
2024-02,베트남,섬유제품 제조업; 의복제외,5
2024-02,베트남,식료품 제조업,5
2024-02,베트남,음료 제조업,2
2024-02,베트남,의료  정밀  광학기기 및 시계 제조업,3
2024-02,베트남,의복  의복 액세서리 및 모피제품 제조업,4
2024-02,베트남,자동차 및 부품 판매업,5
2024-02,베트남,자동차 및 트레일러 제조업,4
2024-02,베트남,전기장비 제조업,5
2024-02,베트남,전문직별 공사업,2
2024-02,베트남,전자부품  컴퓨터  영상  음향 및 통신장비 제조업,4
2024-02,베트남,창고 및 운송관련 서비스업,3
2024-02,베트남,코크스  연탄 및 석유정제품 제조업,3
2024-02,베트남,펄프  종이 및 종이제품 제조업,5
2024-02,베트남,화학물질 및 화학제품 제조업; 의약품 제외,5
2024-02,벨기에,고무 및 플라스틱제품 제조업,3
2024-02,벨기에,금속가공제품 제조업; 기계 및 가구 제외,3
2024-02,벨기에,기타 기계 및 장비 제조업,3
2024-02,벨기에,도매 및 상품 중개업,2
2024-02,벨기에,섬유제품 제조업; 의복제외,4
2024-02,벨기에,의복  의복 액세서리 및 모피제품 제조업,2
2024-02,벨기에,자동차 및 트레일러 제조업,2
2024-02,벨기에,전기장비 제조업,2
2024-02,벨기에,화학물질 및 화학제품 제조업; 의약품 제외,2
2024-02,벨라루스,자동차 및 부품 판매업,3
2024-02,벨라루스,종합 건설업,2
2024-02,벨리즈,금융 및 보험 관련 서비스업,2
2024-02,보스니아-헤르체코비나,자동차 및 부품 판매업,3
2024-02,볼리비아,도매 및 상품 중개업,4
2024-02,볼리비아,자동차 및 부품 판매업,4
2024-02,북마케도니아,자동차 및 부품 판매업,5
2024-02,불가리아,기타 제품 제조업,2
2024-02,불가리아,도매 및 상품 중개업,4
2024-02,불가리아,자동차 및 부품 판매업,4
2024-02,불가리아,펄프  종이 및 종이제품 제조업,2
2024-02,브라질,1차 금속 제조업,2
2024-02,브라질,가죽  가방 및 신발 제조업,4
2024-02,브라질,고무 및 플라스틱제품 제조업,4
2024-02,브라질,금속가공제품 제조업; 기계 및 가구 제외,4
2024-02,브라질,기타 기계 및 장비 제조업,2
2024-02,브라질,도매 및 상품 중개업,5
2024-02,브라질,사업지원 서비스업,4
2024-02,브라질,섬유제품 제조업; 의복제외,4
2024-02,브라질,소매업; 자동차 제외,4
2024-02,브라질,식료품 제조업,2
2024-02,브라질,의료  정밀  광학기기 및 시계 제조업,3
2024-02,브라질,의료용 물질 및 의약품 제조업,2
2024-02,브라질,의복  의복 액세서리 및 모피제품 제조업,4
2024-02,브라질,자동차 및 부품 판매업,4
2024-02,브라질,자동차 및 트레일러 제조업,4
2024-02,브라질,전기장비 제조업,4
2024-02,브라질,전자부품  컴퓨터  영상  음향 및 통신장비 제조업,4
2024-02,브라질,컴퓨터 프로그래밍  시스템 통합 및 관리업,2
2024-02,브라질,펄프  종이 및 종이제품 제조업,5
2024-02,브라질,화학물질 및 화학제품 제조업; 의약품 제외,4
2024-02,사우디아라비아,가구 제조업,5
2024-02,사우디아라비아,고무 및 플라스틱제품 제조업,3
2024-02,사우디아라비아,금속가공제품 제조업; 기계 및 가구 제외,5
2024-02,사우디아라비아,기타 기계 및 장비 제조업,4
2024-02,사우디아라비아,도매 및 상품 중개업,4
2024-02,사우디아라비아,사업시설 관리 및 조경 서비스업,3
2024-02,사우디아라비아,사업지원 서비스업,5
2024-02,사우디아라비아,자동차 및 부품 판매업,3
2024-02,사우디아라비아,전기장비 제조업,2
2024-02,사우디아라비아,전문직별 공사업,4
2024-02,사우디아라비아,화학물질 및 화학제품 제조업; 의약품 제외,4
2024-02,사이프러스,도매 및 상품 중개업,2
2024-02,세르비아,도매 및 상품 중개업,4
2024-02,세르비아,자동차 및 부품 판매업,4
2024-02,세르비아,화학물질 및 화학제품 제조업; 의약품 제외,2
2024-02,세이셸,자동차 및 트레일러 제조업,3
2024-02,수리남,도매 및 상품 중개업,3
2024-02,스리랑카,고무 및 플라스틱제품 제조업,2
2024-02,스리랑카,도매 및 상품 중개업,4
2024-02,스리랑카,섬유제품 제조업; 의복제외,2
2024-02,스리랑카,의복  의복 액세서리 및 모피제품 제조업,2
2024-02,스리랑카,자동차 및 트레일러 제조업,3
2024-02,스웨덴,금속가공제품 제조업; 기계 및 가구 제외,3
2024-02,스웨덴,기타 기계 및 장비 제조업,2
2024-02,스웨덴,도매 및 상품 중개업,3
2024-02,스웨덴,연구개발업,3
2024-02,스웨덴,자동차 및 부품 판매업,2
2024-02,스웨덴,자동차 및 트레일러 제조업,1
2024-02,스웨덴,전기장비 제조업,1
2024-02,스웨덴,전문 서비스업,1
2024-02,스웨덴,컴퓨터 프로그래밍  시스템 통합 및 관리업,2
2024-02,스웨덴,펄프  종이 및 종이제품 제조업,2
2024-02,스위스,고무 및 플라스틱제품 제조업,2
2024-02,스위스,기타 기계 및 장비 제조업,1
2024-02,스위스,기타 운송장비 제조업,1
2024-02,스위스,기타 제품 제조업,1
2024-02,스위스,담배 제조업,2
2024-02,스위스,도매 및 상품 중개업,3
2024-02,스위스,사업지원 서비스업,5
2024-02,스위스,의복  의복 액세서리 및 모피제품 제조업,2
2024-02,스위스,임대업; 부동산 제외,1
2024-02,스위스,자동차 및 부품 판매업,1
2024-02,스위스,전자부품  컴퓨터  영상  음향 및 통신장비 제조업,2
2024-02,스위스,화학물질 및 화학제품 제조업; 의약품 제외,1
2024-02,스페인,1차 금속 제조업,1
2024-02,스페인,개인 및 소비용품 수리업,4
2024-02,스페인,건축기술  엔지니어링 및 기타 과학기술 서비스업,1
2024-02,스페인,고무 및 플라스틱제품 제조업,3
2024-02,스페인,금속가공제품 제조업; 기계 및 가구 제외,1
2024-02,스페인,기타 기계 및 장비 제조업,1
2024-02,스페인,기타 제품 제조업,1
2024-02,스페인,도매 및 상품 중개업,4
2024-02,스페인,섬유제품 제조업; 의복제외,4
2024-02,스페인,소매업; 자동차 제외,3
2024-02,스페인,자동차 및 부품 판매업,3
2024-02,스페인,자동차 및 트레일러 제조업,2
2024-02,스페인,전기  가스  증기 및 공기조절 공급업,2
2024-02,스페인,전기장비 제조업,2
2024-02,스페인,전문직별 공사업,1
2024-02,스페인,전자부품  컴퓨터  영상  음향 및 통신장비 제조업,2
2024-02,스페인,컴퓨터 프로그래밍  시스템 통합 및 관리업,1
2024-02,스페인,펄프  종이 및 종이제품 제조업,1
2024-02,스페인,화학물질 및 화학제품 제조업; 의약품 제외,3
2024-02,슬로바키아,고무 및 플라스틱제품 제조업,4
2024-02,슬로바키아,기타 기계 및 장비 제조업,2
2024-02,슬로바키아,도매 및 상품 중개업,2
2024-02,슬로바키아,비금속 광물제품 제조업,2
2024-02,슬로바키아,소매업; 자동차 제외,2
2024-02,슬로바키아,의료  정밀  광학기기 및 시계 제조업,1
2024-02,슬로바키아,자동차 및 트레일러 제조업,2
2024-02,슬로바키아,화학물질 및 화학제품 제조업; 의약품 제외,1
2024-02,슬로베니아,도매 및 상품 중개업,1
2024-02,슬로베니아,자동차 및 부품 판매업,2
2024-02,슬로베니아,전기장비 제조업,2
2024-02,슬로베니아,화학물질 및 화학제품 제조업; 의약품 제외,1
2024-02,싱가포르,1차 금속 제조업,2
2024-02,싱가포르,고무 및 플라스틱제품 제조업,1
2024-02,싱가포르,금속가공제품 제조업; 기계 및 가구 제외,1
2024-02,싱가포르,금융업,1
2024-02,싱가포르,기타 기계 및 장비 제조업,1
2024-02,싱가포르,기타 운송장비 제조업,4
2024-02,싱가포르,도매 및 상품 중개업,3
2024-02,싱가포르,소매업; 자동차 제외,1
2024-02,싱가포르,식료품 제조업,4
2024-02,싱가포르,연구개발업,1
2024-02,싱가포르,음료 제조업,1
2024-02,싱가포르,인쇄 및 기록매체 복제업,1
2024-02,싱가포르,자동차 및 부품 판매업,1
2024-02,싱가포르,전기장비 제조업,2
2024-02,싱가포르,전자부품  컴퓨터  영상  음향 및 통신장비 제조업,3
2024-02,싱가포르,종합 건설업,1
2024-02,싱가포르,창고 및 운송관련 서비스업,2
2024-02,싱가포르,출판업,1
2024-02,싱가포르,코크스  연탄 및 석유정제품 제조업,4
2024-02,싱가포르,펄프  종이 및 종이제품 제조업,2
2024-02,싱가포르,폐기물 수집  운반  처리 및 원료 재생업,5
2024-02,싱가포르,화학물질 및 화학제품 제조업; 의약품 제외,3
2024-02,아랍에미리트 연합,고무 및 플라스틱제품 제조업,4
2024-02,아랍에미리트 연합,금속가공제품 제조업; 기계 및 가구 제외,4
2024-02,아랍에미리트 연합,도매 및 상품 중개업,4
2024-02,아랍에미리트 연합,소매업; 자동차 제외,4
2024-02,아랍에미리트 연합,자동차 및 부품 판매업,5
2024-02,아랍에미리트 연합,전기장비 제조업,2
2024-02,아랍에미리트 연합,종합 건설업,4
2024-02,아랍에미리트 연합,컴퓨터 프로그래밍  시스템 통합 및 관리업,2
2024-02,아랍에미리트 연합,펄프  종이 및 종이제품 제조업,3
2024-02,아랍에미리트 연합,화학물질 및 화학제품 제조업; 의약품 제외,4
2024-02,아르헨티나,고무 및 플라스틱제품 제조업,2
2024-02,아르헨티나,기타 기계 및 장비 제조업,2
2024-02,아르헨티나,도매 및 상품 중개업,5
2024-02,아르헨티나,섬유제품 제조업; 의복제외,4
2024-02,아르헨티나,소매업; 자동차 제외,5
2024-02,아르헨티나,자동차 및 부품 판매업,2
2024-02,아르헨티나,전기장비 제조업,4
2024-02,아르헨티나,전자부품  컴퓨터  영상  음향 및 통신장비 제조업,2
2024-02,아르헨티나,펄프  종이 및 종이제품 제조업,4
2024-02,아르헨티나,화학물질 및 화학제품 제조업; 의약품 제외,4
2024-02,아이슬란드,고무 및 플라스틱제품 제조업,1
2024-02,아이티,자동차 및 부품 판매업,3
2024-02,아일랜드,고무 및 플라스틱제품 제조업,1
2024-02,아일랜드,도매 및 상품 중개업,3
2024-02,아일랜드,자동차 및 부품 판매업,2
2024-02,아일랜드,전자부품  컴퓨터  영상  음향 및 통신장비 제조업,2
2024-02,아일랜드,컴퓨터 프로그래밍  시스템 통합 및 관리업,1
2024-02,아일랜드,코크스  연탄 및 석유정제품 제조업,1
2024-02,아제르바이잔,자동차 및 부품 판매업,4
2024-02,알제리,비금속 광물제품 제조업,3
2024-02,알제리,자동차 및 부품 판매업,4
2024-02,알제리,전기장비 제조업,5
2024-02,알제리,전자부품  컴퓨터  영상  음향 및 통신장비 제조업,2
2024-02,알제리,화학물질 및 화학제품 제조업; 의약품 제외,3
2024-02,에콰도르,고무 및 플라스틱제품 제조업,4
2024-02,에콰도르,금속가공제품 제조업; 기계 및 가구 제외,3
2024-02,에콰도르,도매 및 상품 중개업,4
2024-02,에콰도르,식료품 제조업,3
2024-02,에콰도르,자동차 및 부품 판매업,4
2024-02,에콰도르,자동차 및 트레일러 제조업,2
2024-02,에콰도르,전기장비 제조업,2
2024-02,에콰도르,화학물질 및 화학제품 제조업; 의약품 제외,2
2024-02,엘살바도르,도매 및 상품 중개업,2
2024-02,엘살바도르,섬유제품 제조업; 의복제외,3
2024-02,엘살바도르,자동차 및 부품 판매업,5
2024-02,영국,1차 금속 제조업,3
2024-02,영국,개인 및 소비용품 수리업,1
2024-02,영국,고무 및 플라스틱제품 제조업,3
2024-02,영국,금속가공제품 제조업; 기계 및 가구 제외,4
2024-02,영국,금융업,3
2024-02,영국,기타 개인 서비스업,1
2024-02,영국,기타 기계 및 장비 제조업,3
2024-02,영국,기타 운송장비 제조업,1
2024-02,영국,기타 전문  과학 및 기술 서비스업,1
2024-02,영국,기타 제품 제조업,3
2024-02,영국,도매 및 상품 중개업,3
2024-02,영국,사업지원 서비스업,3
2024-02,영국,섬유제품 제조업; 의복제외,4
2024-02,영국,소매업; 자동차 제외,3
2024-02,영국,우편 및 통신업,3
2024-02,영국,의료  정밀  광학기기 및 시계 제조업,1
2024-02,영국,의복  의복 액세서리 및 모피제품 제조업,3
2024-02,영국,자동차 및 부품 판매업,4
2024-02,영국,자동차 및 트레일러 제조업,2
2024-02,영국,전기장비 제조업,4
2024-02,영국,전문 서비스업,1
2024-02,영국,전문직별 공사업,1
2024-02,영국,전자부품  컴퓨터  영상  음향 및 통신장비 제조업,4
2024-02,영국,종합 건설업,1
2024-02,영국,창고 및 운송관련 서비스업,2
2024-02,영국,출판업,2
2024-02,영국,펄프  종이 및 종이제품 제조업,2
2024-02,영국,화학물질 및 화학제품 제조업; 의약품 제외,4
2024-02,오만,도매 및 상품 중개업,4
2024-02,오스트리아,고무 및 플라스틱제품 제조업,2
2024-02,오스트리아,금융업,1
2024-02,오스트리아,도매 및 상품 중개업,3
2024-02,오스트리아,자동차 및 부품 판매업,3
2024-02,오스트리아,자동차 및 트레일러 제조업,4
2024-02,오스트리아,전기장비 제조업,1
2024-02,온두라스,도매 및 상품 중개업,3
2024-02,온두라스,섬유제품 제조업; 의복제외,3
2024-02,온두라스,자동차 및 부품 판매업,3
2024-02,요르단,도매 및 상품 중개업,4
2024-02,요르단,자동차 및 부품 판매업,2
2024-02,우루과이,도매 및 상품 중개업,3
2024-02,우루과이,자동차 및 부품 판매업,2
2024-02,우즈베키스탄,고무 및 플라스틱제품 제조업,3
2024-02,우즈베키스탄,기타 기계 및 장비 제조업,5
2024-02,우즈베키스탄,도매 및 상품 중개업,4
2024-02,우즈베키스탄,자동차 및 트레일러 제조업,2
2024-02,우즈베키스탄,전기장비 제조업,4
2024-02,우크라이나,고무 및 플라스틱제품 제조업,4
2024-02,우크라이나,도매 및 상품 중개업,5
2024-02,우크라이나,자동차 및 부품 판매업,3
2024-02,우크라이나,자동차 및 트레일러 제조업,5
2024-02,이라크,자동차 및 부품 판매업,5
2024-02,이란,고무 및 플라스틱제품 제조업,5
2024-02,이란,기타 기계 및 장비 제조업,4
2024-02,이란,도매 및 상품 중개업,5
2024-02,이란,소매업; 자동차 제외,5
2024-02,이란,자동차 및 부품 판매업,5
2024-02,이란,자동차 및 트레일러 제조업,5
2024-02,이란,전기장비 제조업,5
2024-02,이란,화학물질 및 화학제품 제조업; 의약품 제외,5
2024-02,이스라엘,고무 및 플라스틱제품 제조업,5
2024-02,이스라엘,금융업,2
2024-02,이스라엘,기타 기계 및 장비 제조업,4
2024-02,이스라엘,도매 및 상품 중개업,4
2024-02,이스라엘,의복  의복 액세서리 및 모피제품 제조업,2
2024-02,이스라엘,자동차 및 부품 판매업,2
2024-02,이스라엘,전기장비 제조업,4
2024-02,이스라엘,전자부품  컴퓨터  영상  음향 및 통신장비 제조업,2
2024-02,이스라엘,화학물질 및 화학제품 제조업; 의약품 제외,4
2024-02,이집트,1차 금속 제조업,5
2024-02,이집트,고무 및 플라스틱제품 제조업,3
2024-02,이집트,기타 기계 및 장비 제조업,5
2024-02,이집트,도매 및 상품 중개업,5
2024-02,이집트,섬유제품 제조업; 의복제외,2
2024-02,이집트,식료품 제조업,3
2024-02,이집트,의료  정밀  광학기기 및 시계 제조업,3
2024-02,이집트,자동차 및 부품 판매업,4
2024-02,이집트,자동차 및 트레일러 제조업,3
2024-02,이집트,전기장비 제조업,5
2024-02,이집트,화학물질 및 화학제품 제조업; 의약품 제외,4
2024-02,이탈리아,1차 금속 제조업,3
2024-02,이탈리아,가구 제조업,1
2024-02,이탈리아,가죽  가방 및 신발 제조업,2
2024-02,이탈리아,개인 및 소비용품 수리업,4
2024-02,이탈리아,고무 및 플라스틱제품 제조업,3
2024-02,이탈리아,금속가공제품 제조업; 기계 및 가구 제외,4
2024-02,이탈리아,금융업,3
2024-02,이탈리아,기타 기계 및 장비 제조업,3
2024-02,이탈리아,기타 제품 제조업,2
2024-02,이탈리아,도매 및 상품 중개업,3
2024-02,이탈리아,비금속 광물제품 제조업,2
2024-02,이탈리아,섬유제품 제조업; 의복제외,3
2024-02,이탈리아,의료  정밀  광학기기 및 시계 제조업,2
2024-02,이탈리아,의료용 물질 및 의약품 제조업,1
2024-02,이탈리아,의복  의복 액세서리 및 모피제품 제조업,2
2024-02,이탈리아,자동차 및 부품 판매업,4
2024-02,이탈리아,자동차 및 트레일러 제조업,2
2024-02,이탈리아,전기장비 제조업,4
2024-02,이탈리아,전문 서비스업,2
2024-02,이탈리아,전자부품  컴퓨터  영상  음향 및 통신장비 제조업,2
2024-02,이탈리아,펄프  종이 및 종이제품 제조업,1
2024-02,이탈리아,화학물질 및 화학제품 제조업; 의약품 제외,3
2024-02,인도,1차 금속 제조업,5
2024-02,인도,가구 제조업,4
2024-02,인도,가죽  가방 및 신발 제조업,5
2024-02,인도,개인 및 소비용품 수리업,2
2024-02,인도,건축기술  엔지니어링 및 기타 과학기술 서비스업,5
2024-02,인도,고무 및 플라스틱제품 제조업,4
2024-02,인도,금속가공제품 제조업; 기계 및 가구 제외,4
2024-02,인도,기타 기계 및 장비 제조업,4
2024-02,인도,도매 및 상품 중개업,4
2024-02,인도,비금속 광물제품 제조업,4
2024-02,인도,섬유제품 제조업; 의복제외,4
2024-02,인도,식료품 제조업,4
2024-02,인도,우편 및 통신업,3
2024-02,인도,의료  정밀  광학기기 및 시계 제조업,3
2024-02,인도,의료용 물질 및 의약품 제조업,4
2024-02,인도,의복  의복 액세서리 및 모피제품 제조업,2
2024-02,인도,자동차 및 부품 판매업,3
2024-02,인도,자동차 및 트레일러 제조업,5
2024-02,인도,전기  가스  증기 및 공기조절 공급업,2
2024-02,인도,전기장비 제조업,4
2024-02,인도,전자부품  컴퓨터  영상  음향 및 통신장비 제조업,4
2024-02,인도,종합 건설업,5
2024-02,인도,창고 및 운송관련 서비스업,2
2024-02,인도,출판업,3
2024-02,인도,컴퓨터 프로그래밍  시스템 통합 및 관리업,2
2024-02,인도,코크스  연탄 및 석유정제품 제조업,3
2024-02,인도,펄프  종이 및 종이제품 제조업,4
2024-02,인도,화학물질 및 화학제품 제조업; 의약품 제외,4
2024-02,인도네시아,1차 금속 제조업,4
2024-02,인도네시아,가죽  가방 및 신발 제조업,2
2024-02,인도네시아,고무 및 플라스틱제품 제조업,5
2024-02,인도네시아,금속가공제품 제조업; 기계 및 가구 제외,4
2024-02,인도네시아,담배 제조업,2
2024-02,인도네시아,도매 및 상품 중개업,4
2024-02,인도네시아,섬유제품 제조업; 의복제외,4
2024-02,인도네시아,식료품 제조업,2
2024-02,인도네시아,의료용 물질 및 의약품 제조업,2
2024-02,인도네시아,의복  의복 액세서리 및 모피제품 제조업,2
2024-02,인도네시아,자동차 및 부품 판매업,2
2024-02,인도네시아,자동차 및 트레일러 제조업,4
2024-02,인도네시아,전기장비 제조업,4
2024-02,인도네시아,전문직별 공사업,2
2024-02,인도네시아,전자부품  컴퓨터  영상  음향 및 통신장비 제조업,4
2024-02,인도네시아,창고 및 운송관련 서비스업,4
2024-02,인도네시아,펄프  종이 및 종이제품 제조업,2
2024-02,인도네시아,화학물질 및 화학제품 제조업; 의약품 제외,5
2024-02,일본,1차 금속 제조업,4
2024-02,일본,개인 및 소비용품 수리업,1
2024-02,일본,고무 및 플라스틱제품 제조업,3
2024-02,일본,금속가공제품 제조업; 기계 및 가구 제외,3
2024-02,일본,금융업,3
2024-02,일본,기타 기계 및 장비 제조업,3
2024-02,일본,기타 운송장비 제조업,1
2024-02,일본,기타 제품 제조업,4
2024-02,일본,도매 및 상품 중개업,3
2024-02,일본,비금속 광물제품 제조업,1
2024-02,일본,사업지원 서비스업,1
2024-02,일본,섬유제품 제조업; 의복제외,2
2024-02,일본,소매업; 자동차 제외,3
2024-02,일본,식료품 제조업,3
2024-02,일본,우편 및 통신업,2
2024-02,일본,음료 제조업,2
2024-02,일본,의료  정밀  광학기기 및 시계 제조업,4
2024-02,일본,의료용 물질 및 의약품 제조업,2
2024-02,일본,의복  의복 액세서리 및 모피제품 제조업,1
2024-02,일본,임대업; 부동산 제외,1
2024-02,일본,자동차 및 부품 판매업,2
2024-02,일본,자동차 및 트레일러 제조업,3
2024-02,일본,전기장비 제조업,3
2024-02,일본,전문직별 공사업,1
2024-02,일본,전자부품  컴퓨터  영상  음향 및 통신장비 제조업,3
2024-02,일본,정보서비스업,1
2024-02,일본,종합 건설업,1
2024-02,일본,창고 및 운송관련 서비스업,1
2024-02,일본,출판업,2
2024-02,일본,코크스  연탄 및 석유정제품 제조업,1
2024-02,일본,펄프  종이 및 종이제품 제조업,1
2024-02,일본,화학물질 및 화학제품 제조업; 의약품 제외,4
2024-02,자메이카,자동차 및 부품 판매업,5
2024-02,조지아,자동차 및 부품 판매업,3
2024-02,중국,1차 금속 제조업,5
2024-02,중국,가구 제조업,3
2024-02,중국,가죽  가방 및 신발 제조업,3
2024-02,중국,고무 및 플라스틱제품 제조업,4
2024-02,중국,금속가공제품 제조업; 기계 및 가구 제외,4
2024-02,중국,기타 기계 및 장비 제조업,5
2024-02,중국,기타 운송장비 제조업,3
2024-02,중국,기타 제품 제조업,2
2024-02,중국,도매 및 상품 중개업,5
2024-02,중국,비금속 광물제품 제조업,2
2024-02,중국,섬유제품 제조업; 의복제외,4
2024-02,중국,소매업; 자동차 제외,3
2024-02,중국,식료품 제조업,4
2024-02,중국,음료 제조업,3
2024-02,중국,의료  정밀  광학기기 및 시계 제조업,4
2024-02,중국,의료용 물질 및 의약품 제조업,2
2024-02,중국,의복  의복 액세서리 및 모피제품 제조업,3
2024-02,중국,자동차 및 부품 판매업,3
2024-02,중국,자동차 및 트레일러 제조업,4
2024-02,중국,전기장비 제조업,5
2024-02,중국,전문 서비스업,2
2024-02,중국,전문직별 공사업,2
2024-02,중국,전자부품  컴퓨터  영상  음향 및 통신장비 제조업,4
2024-02,중국,창고 및 운송관련 서비스업,5
2024-02,중국,코크스  연탄 및 석유정제품 제조업,2
2024-02,중국,펄프  종이 및 종이제품 제조업,3
2024-02,중국,항공 운송업,3
2024-02,중국,화학물질 및 화학제품 제조업; 의약품 제외,4
2024-02,지브랄타,도매 및 상품 중개업,1
2024-02,체코,1차 금속 제조업,1
2024-02,체코,고무 및 플라스틱제품 제조업,1
2024-02,체코,금속가공제품 제조업; 기계 및 가구 제외,4
2024-02,체코,기타 기계 및 장비 제조업,3
2024-02,체코,도매 및 상품 중개업,4
2024-02,체코,비금속 광물제품 제조업,2
2024-02,체코,섬유제품 제조업; 의복제외,2
2024-02,체코,자동차 및 부품 판매업,3
2024-02,체코,자동차 및 트레일러 제조업,4
2024-02,체코,전기장비 제조업,1
2024-02,체코,화학물질 및 화학제품 제조업; 의약품 제외,2
2024-02,칠레,1차 금속 제조업,4
2024-02,칠레,고무 및 플라스틱제품 제조업,5
2024-02,칠레,금속가공제품 제조업; 기계 및 가구 제외,2
2024-02,칠레,금융업,2
2024-02,칠레,도매 및 상품 중개업,4
2024-02,칠레,소매업; 자동차 제외,2
2024-02,칠레,자동차 및 부품 판매업,4
2024-02,칠레,전기장비 제조업,4
2024-02,칠레,화학물질 및 화학제품 제조업; 의약품 제외,2
2024-02,카자흐스탄,고무 및 플라스틱제품 제조업,2
2024-02,카자흐스탄,도매 및 상품 중개업,4
2024-02,카자흐스탄,비금속 광물제품 제조업,4
2024-02,카자흐스탄,자동차 및 부품 판매업,4
2024-02,카자흐스탄,자동차 및 트레일러 제조업,5
2024-02,카타르,건축기술  엔지니어링 및 기타 과학기술 서비스업,2
2024-02,카타르,도매 및 상품 중개업,4
2024-02,카타르,자동차 및 부품 판매업,2
2024-02,카타르,화학물질 및 화학제품 제조업; 의약품 제외,2
2024-02,캄보디아,도매 및 상품 중개업,4
2024-02,캄보디아,자동차 및 트레일러 제조업,3
2024-02,캐나다,1차 금속 제조업,1
2024-02,캐나다,고무 및 플라스틱제품 제조업,2
2024-02,캐나다,금속가공제품 제조업; 기계 및 가구 제외,3
2024-02,캐나다,기타 기계 및 장비 제조업,2
2024-02,캐나다,기타 운송장비 제조업,1
2024-02,캐나다,기타 제품 제조업,1
2024-02,캐나다,도매 및 상품 중개업,4
2024-02,캐나다,목재 및 나무제품 제조업; 가구 제외,2
2024-02,캐나다,섬유제품 제조업; 의복제외,2
2024-02,캐나다,소매업; 자동차 제외,3
2024-02,캐나다,우편 및 통신업,1
2024-02,캐나다,의복  의복 액세서리 및 모피제품 제조업,1
2024-02,캐나다,자동차 및 부품 판매업,3
2024-02,캐나다,자동차 및 트레일러 제조업,1
2024-02,캐나다,전기장비 제조업,1
2024-02,캐나다,전자부품  컴퓨터  영상  음향 및 통신장비 제조업,3
2024-02,캐나다,정보서비스업,1
2024-02,캐나다,출판업,1
2024-02,캐나다,펄프  종이 및 종이제품 제조업,2
2024-02,캐나다,화학물질 및 화학제품 제조업; 의약품 제외,1
2024-02,케냐,가구 제조업,2
2024-02,케냐,가죽  가방 및 신발 제조업,3
2024-02,케냐,도매 및 상품 중개업,5
2024-02,케냐,자동차 및 부품 판매업,2
2024-02,케냐,화학물질 및 화학제품 제조업; 의약품 제외,5
2024-02,케이만군도,금융 및 보험 관련 서비스업,2
2024-02,코스타리카,고무 및 플라스틱제품 제조업,1
2024-02,코스타리카,도매 및 상품 중개업,2
2024-02,코스타리카,자동차 및 부품 판매업,4
2024-02,코트디부아르,화학물질 및 화학제품 제조업; 의약품 제외,3
2024-02,콜롬비아,고무 및 플라스틱제품 제조업,4
2024-02,콜롬비아,금속가공제품 제조업; 기계 및 가구 제외,2
2024-02,콜롬비아,도매 및 상품 중개업,4
2024-02,콜롬비아,섬유제품 제조업; 의복제외,5
2024-02,콜롬비아,소매업; 자동차 제외,4
2024-02,콜롬비아,식료품 제조업,3
2024-02,콜롬비아,의복  의복 액세서리 및 모피제품 제조업,2
2024-02,콜롬비아,자동차 및 부품 판매업,5
2024-02,콜롬비아,자동차 및 트레일러 제조업,4
2024-02,콜롬비아,전기장비 제조업,2
2024-02,콜롬비아,종합 건설업,2
2024-02,콜롬비아,화학물질 및 화학제품 제조업; 의약품 제외,2
2024-02,쿠웨이트,도매 및 상품 중개업,4
2024-02,쿠웨이트,자동차 및 부품 판매업,4
2024-02,크로아티아,개인 및 소비용품 수리업,2
2024-02,크로아티아,도매 및 상품 중개업,2
2024-02,탄자니아,가구 제조업,3
2024-02,탄자니아,도매 및 상품 중개업,3
2024-02,태국,1차 금속 제조업,4
2024-02,태국,가죽  가방 및 신발 제조업,2
2024-02,태국,고무 및 플라스틱제품 제조업,4
2024-02,태국,금속가공제품 제조업; 기계 및 가구 제외,4
2024-02,태국,기타 기계 및 장비 제조업,2
2024-02,태국,도매 및 상품 중개업,4
2024-02,태국,소매업; 자동차 제외,2
2024-02,태국,식료품 제조업,4
2024-02,태국,의료  정밀  광학기기 및 시계 제조업,2
2024-02,태국,의복  의복 액세서리 및 모피제품 제조업,2
2024-02,태국,자동차 및 부품 판매업,3
2024-02,태국,자동차 및 트레일러 제조업,2
2024-02,태국,전기장비 제조업,4
2024-02,태국,전문 서비스업,5
2024-02,태국,전자부품  컴퓨터  영상  음향 및 통신장비 제조업,4
2024-02,태국,펄프  종이 및 종이제품 제조업,4
2024-02,태국,화학물질 및 화학제품 제조업; 의약품 제외,5
2024-02,튀니지,가구 제조업,2
2024-02,튀니지,도매 및 상품 중개업,4
2024-02,튀니지,전문 서비스업,2
2024-02,튀르키예(구 터키),1차 금속 제조업,3
2024-02,튀르키예(구 터키),고무 및 플라스틱제품 제조업,4
2024-02,튀르키예(구 터키),금속가공제품 제조업; 기계 및 가구 제외,3
2024-02,튀르키예(구 터키),기타 기계 및 장비 제조업,4
2024-02,튀르키예(구 터키),기타 운송장비 제조업,2
2024-02,튀르키예(구 터키),도매 및 상품 중개업,5
2024-02,튀르키예(구 터키),목재 및 나무제품 제조업; 가구 제외,3
2024-02,튀르키예(구 터키),비금속 광물제품 제조업,3
2024-02,튀르키예(구 터키),섬유제품 제조업; 의복제외,5
2024-02,튀르키예(구 터키),의료용 물질 및 의약품 제조업,4
2024-02,튀르키예(구 터키),의복  의복 액세서리 및 모피제품 제조업,3
2024-02,튀르키예(구 터키),자동차 및 부품 판매업,3
2024-02,튀르키예(구 터키),자동차 및 트레일러 제조업,3
2024-02,튀르키예(구 터키),전기장비 제조업,3
2024-02,튀르키예(구 터키),전자부품  컴퓨터  영상  음향 및 통신장비 제조업,3
2024-02,튀르키예(구 터키),펄프  종이 및 종이제품 제조업,3
2024-02,튀르키예(구 터키),화학물질 및 화학제품 제조업; 의약품 제외,5
2024-02,트리니다드토바고,도매 및 상품 중개업,2
2024-02,트리니다드토바고,자동차 및 부품 판매업,2
2024-02,파나마,금융 및 보험 관련 서비스업,2
2024-02,파나마,금융업,2
2024-02,파나마,도매 및 상품 중개업,4
2024-02,파나마,자동차 및 부품 판매업,4
2024-02,파나마,화학물질 및 화학제품 제조업; 의약품 제외,2
2024-02,파라과이,고무 및 플라스틱제품 제조업,4
2024-02,파라과이,기타 운송장비 제조업,3
2024-02,파라과이,도매 및 상품 중개업,2
2024-02,파라과이,소매업; 자동차 제외,3
2024-02,파라과이,자동차 및 부품 판매업,4
2024-02,파키스탄,도매 및 상품 중개업,5
2024-02,파키스탄,식료품 제조업,4
2024-02,파키스탄,전기장비 제조업,5
2024-02,파키스탄,펄프  종이 및 종이제품 제조업,3
2024-02,파키스탄,화학물질 및 화학제품 제조업; 의약품 제외,3
2024-02,페루,고무 및 플라스틱제품 제조업,5
2024-02,페루,금속가공제품 제조업; 기계 및 가구 제외,2
2024-02,페루,도매 및 상품 중개업,4
2024-02,페루,섬유제품 제조업; 의복제외,4
2024-02,페루,자동차 및 부품 판매업,4
2024-02,페루,자동차 및 트레일러 제조업,2
2024-02,페루,화학물질 및 화학제품 제조업; 의약품 제외,4
2024-02,포르투갈,고무 및 플라스틱제품 제조업,1
2024-02,포르투갈,기타 기계 및 장비 제조업,1
2024-02,포르투갈,도매 및 상품 중개업,4
2024-02,포르투갈,섬유제품 제조업; 의복제외,1
2024-02,포르투갈,자동차 및 부품 판매업,2
2024-02,폴란드,1차 금속 제조업,3
2024-02,폴란드,개인 및 소비용품 수리업,2
2024-02,폴란드,고무 및 플라스틱제품 제조업,3
2024-02,폴란드,금속가공제품 제조업; 기계 및 가구 제외,4
2024-02,폴란드,기타 기계 및 장비 제조업,3
2024-02,폴란드,도매 및 상품 중개업,4
2024-02,폴란드,산업용 기계 및 장비 수리업,1
2024-02,폴란드,섬유제품 제조업; 의복제외,4
2024-02,폴란드,소매업; 자동차 제외,2
2024-02,폴란드,식료품 제조업,4
2024-02,폴란드,육상운송 및 파이프라인 운송업,1
2024-02,폴란드,의료용 물질 및 의약품 제조업,2
2024-02,폴란드,자동차 및 부품 판매업,3
2024-02,폴란드,자동차 및 트레일러 제조업,2
2024-02,폴란드,전기장비 제조업,3
2024-02,폴란드,전자부품  컴퓨터  영상  음향 및 통신장비 제조업,4
2024-02,폴란드,펄프  종이 및 종이제품 제조업,3
2024-02,폴란드,화학물질 및 화학제품 제조업; 의약품 제외,1
2024-02,푸에르토리코,도매 및 상품 중개업,2
2024-02,프랑스,개인 및 소비용품 수리업,1
2024-02,프랑스,건축기술  엔지니어링 및 기타 과학기술 서비스업,1
2024-02,프랑스,고무 및 플라스틱제품 제조업,1
2024-02,프랑스,금속가공제품 제조업; 기계 및 가구 제외,1
2024-02,프랑스,금융업,3
2024-02,프랑스,기타 기계 및 장비 제조업,1
2024-02,프랑스,도매 및 상품 중개업,4
2024-02,프랑스,부동산업,2
2024-02,프랑스,비금속 광물제품 제조업,1
2024-02,프랑스,섬유제품 제조업; 의복제외,2
2024-02,프랑스,소매업; 자동차 제외,3
2024-02,프랑스,수상 운송업,2
2024-02,프랑스,스포츠 및 오락관련 서비스업,1
2024-02,프랑스,식료품 제조업,1
2024-02,프랑스,의복  의복 액세서리 및 모피제품 제조업,4
2024-02,프랑스,자동차 및 부품 판매업,1
2024-02,프랑스,자동차 및 트레일러 제조업,3
2024-02,프랑스,전기장비 제조업,3
2024-02,프랑스,전문 서비스업,1
2024-02,프랑스,전문직별 공사업,2
2024-02,프랑스,전자부품  컴퓨터  영상  음향 및 통신장비 제조업,1
2024-02,프랑스,컴퓨터 프로그래밍  시스템 통합 및 관리업,2
2024-02,프랑스,화학물질 및 화학제품 제조업; 의약품 제외,1
2024-02,핀란드,고무 및 플라스틱제품 제조업,1
2024-02,핀란드,도매 및 상품 중개업,2
2024-02,핀란드,자동차 및 부품 판매업,2
2024-02,핀란드,전기장비 제조업,1
2024-02,핀란드,전자부품  컴퓨터  영상  음향 및 통신장비 제조업,2
2024-02,핀란드,출판업,2
2024-02,필리핀,고무 및 플라스틱제품 제조업,3
2024-02,필리핀,기타 운송장비 제조업,3
2024-02,필리핀,도매 및 상품 중개업,5
2024-02,필리핀,식료품 제조업,4
2024-02,필리핀,자동차 및 부품 판매업,5
2024-02,필리핀,자동차 및 트레일러 제조업,2
2024-02,필리핀,전기장비 제조업,2
2024-02,필리핀,전자부품  컴퓨터  영상  음향 및 통신장비 제조업,2
2024-02,필리핀,종합 건설업,4
2024-02,필리핀,펄프  종이 및 종이제품 제조업,2
2024-02,필리핀,항공 운송업,3
2024-02,필리핀,화학물질 및 화학제품 제조업; 의약품 제외,4
2024-02,헝가리,개인 및 소비용품 수리업,2
2024-02,헝가리,고무 및 플라스틱제품 제조업,2
2024-02,헝가리,금속가공제품 제조업; 기계 및 가구 제외,2
2024-02,헝가리,기타 기계 및 장비 제조업,3
2024-02,헝가리,도매 및 상품 중개업,3
2024-02,헝가리,식료품 제조업,1
2024-02,헝가리,연구개발업,1
2024-02,헝가리,자동차 및 부품 판매업,2
2024-02,헝가리,자동차 및 트레일러 제조업,1
2024-02,헝가리,전기장비 제조업,2
2024-02,헝가리,전자부품  컴퓨터  영상  음향 및 통신장비 제조업,2
2024-02,호주,1차 금속 제조업,3
2024-02,호주,고무 및 플라스틱제품 제조업,4
2024-02,호주,금속가공제품 제조업; 기계 및 가구 제외,3
2024-02,호주,기타 기계 및 장비 제조업,3
2024-02,호주,기타 제품 제조업,3
2024-02,호주,도매 및 상품 중개업,3
2024-02,호주,섬유제품 제조업; 의복제외,1
2024-02,호주,소매업; 자동차 제외,3
2024-02,호주,우편 및 통신업,1
2024-02,호주,인쇄 및 기록매체 복제업,1
2024-02,호주,자동차 및 부품 판매업,3
2024-02,호주,자동차 및 트레일러 제조업,1
2024-02,호주,전기장비 제조업,1
2024-02,호주,출판업,3
2024-02,호주,컴퓨터 프로그래밍  시스템 통합 및 관리업,1
2024-02,호주,펄프  종이 및 종이제품 제조업,2
2024-02,호주,화학물질 및 화학제품 제조업; 의약품 제외,3
2024-02,홍콩,가죽  가방 및 신발 제조업,2
2024-02,홍콩,금융업,4
2024-02,홍콩,기타 기계 및 장비 제조업,2
2024-02,홍콩,도매 및 상품 중개업,4
2024-02,홍콩,소매업; 자동차 제외,4
2024-02,홍콩,의료  정밀  광학기기 및 시계 제조업,2
2024-02,홍콩,인쇄 및 기록매체 복제업,2
2024-02,홍콩,자동차 및 부품 판매업,2
2024-02,홍콩,전기장비 제조업,2
2024-02,홍콩,전자부품  컴퓨터  영상  음향 및 통신장비 제조업,2
2024-02,홍콩,창고 및 운송관련 서비스업,2
2024-02,홍콩,출판업,2
2024-02,홍콩,항공 운송업,3
2024-01,가나,화학물질 및 화학제품 제조업; 의약품 제외,4
2024-01,가이아나,도매 및 상품 중개업,2
2024-01,과테말라,도매 및 상품 중개업,2
2024-01,과테말라,섬유제품 제조업; 의복제외,4
2024-01,과테말라,자동차 및 부품 판매업,4
2024-01,괌,도매 및 상품 중개업,2
2024-01,그리스,도매 및 상품 중개업,4
2024-01,그리스,자동차 및 부품 판매업,3
2024-01,그리스,창고 및 운송관련 서비스업,5
2024-01,그리스,펄프  종이 및 종이제품 제조업,2
2024-01,나이지리아,도매 및 상품 중개업,4
2024-01,나이지리아,컴퓨터 프로그래밍  시스템 통합 및 관리업,3
2024-01,남아프리카공화국,1차 금속 제조업,4
2024-01,남아프리카공화국,개인 및 소비용품 수리업,2
2024-01,남아프리카공화국,고무 및 플라스틱제품 제조업,4
2024-01,남아프리카공화국,기타 기계 및 장비 제조업,5
2024-01,남아프리카공화국,도매 및 상품 중개업,4
2024-01,남아프리카공화국,섬유제품 제조업; 의복제외,4
2024-01,남아프리카공화국,식료품 제조업,3
2024-01,남아프리카공화국,인쇄 및 기록매체 복제업,4
2024-01,남아프리카공화국,자동차 및 부품 판매업,2
2024-01,남아프리카공화국,자동차 및 트레일러 제조업,2
2024-01,남아프리카공화국,전기  가스  증기 및 공기조절 공급업,2
2024-01,남아프리카공화국,전기장비 제조업,4
2024-01,남아프리카공화국,전문직별 공사업,5
2024-01,남아프리카공화국,전자부품  컴퓨터  영상  음향 및 통신장비 제조업,4
2024-01,남아프리카공화국,출판업,2
2024-01,남아프리카공화국,펄프  종이 및 종이제품 제조업,2
2024-01,남아프리카공화국,화학물질 및 화학제품 제조업; 의약품 제외,2
2024-01,네덜란드,1차 금속 제조업,1
2024-01,네덜란드,고무 및 플라스틱제품 제조업,2
2024-01,네덜란드,공공행정  국방 및 사회보장 행정,1
2024-01,네덜란드,금속가공제품 제조업; 기계 및 가구 제외,3
2024-01,네덜란드,금융업,3
2024-01,네덜란드,기타 기계 및 장비 제조업,4
2024-01,네덜란드,도매 및 상품 중개업,3
2024-01,네덜란드,섬유제품 제조업; 의복제외,1
2024-01,네덜란드,식료품 제조업,1
2024-01,네덜란드,육상운송 및 파이프라인 운송업,2
2024-01,네덜란드,임대업; 부동산 제외,2
2024-01,네덜란드,자동차 및 부품 판매업,3
2024-01,네덜란드,자동차 및 트레일러 제조업,4
2024-01,네덜란드,전기장비 제조업,1
2024-01,네덜란드,전자부품  컴퓨터  영상  음향 및 통신장비 제조업,1
2024-01,네덜란드,컴퓨터 프로그래밍  시스템 통합 및 관리업,2
2024-01,네덜란드,펄프  종이 및 종이제품 제조업,2
2024-01,네덜란드,화학물질 및 화학제품 제조업; 의약품 제외,3
2024-01,네팔,도매 및 상품 중개업,3
2024-01,노르웨이,도매 및 상품 중개업,3
2024-01,노르웨이,수상 운송업,1
2024-01,노르웨이,의복  의복 액세서리 및 모피제품 제조업,1
2024-01,노르웨이,자동차 및 부품 판매업,2
2024-01,뉴질랜드,1차 금속 제조업,1
2024-01,뉴질랜드,도매 및 상품 중개업,4
2024-01,뉴질랜드,소매업; 자동차 제외,1
2024-01,뉴질랜드,식료품 제조업,1
2024-01,뉴질랜드,자동차 및 부품 판매업,4
2024-01,뉴질랜드,펄프  종이 및 종이제품 제조업,5
2024-01,뉴질랜드,화학물질 및 화학제품 제조업; 의약품 제외,1
2024-01,뉴칼레도니아,도매 및 상품 중개업,2
2024-01,니카라과,자동차 및 부품 판매업,4
2024-01,대만,1차 금속 제조업,1
2024-01,대만,가죽  가방 및 신발 제조업,2
2024-01,대만,건축기술  엔지니어링 및 기타 과학기술 서비스업,1
2024-01,대만,고무 및 플라스틱제품 제조업,2
2024-01,대만,금속가공제품 제조업; 기계 및 가구 제외,1
2024-01,대만,금융업,5
2024-01,대만,기타 기계 및 장비 제조업,1
2024-01,대만,기타 운송장비 제조업,1
2024-01,대만,도매 및 상품 중개업,3
2024-01,대만,비금속 광물제품 제조업,1
2024-01,대만,섬유제품 제조업; 의복제외,2
2024-01,대만,소매업; 자동차 제외,1
2024-01,대만,식료품 제조업,1
2024-01,대만,의료  정밀  광학기기 및 시계 제조업,1
2024-01,대만,자동차 및 부품 판매업,1
2024-01,대만,전기장비 제조업,1
2024-01,대만,전자부품  컴퓨터  영상  음향 및 통신장비 제조업,4
2024-01,대만,출판업,1
2024-01,대만,펄프  종이 및 종이제품 제조업,1
2024-01,대만,항공 운송업,5
2024-01,대만,화학물질 및 화학제품 제조업; 의약품 제외,3
2024-01,덴마크,국제 및 외국기관,5
2024-01,덴마크,기타 기계 및 장비 제조업,2
2024-01,덴마크,도매 및 상품 중개업,3
2024-01,덴마크,식료품 제조업,1
2024-01,덴마크,연구개발업,1
2024-01,덴마크,자동차 및 부품 판매업,1
2024-01,덴마크,전문 서비스업,2
2024-01,도미니카공화국,도매 및 상품 중개업,2
2024-01,도미니카공화국,자동차 및 부품 판매업,4
2024-01,독일,1차 금속 제조업,1
2024-01,독일,개인 및 소비용품 수리업,2
2024-01,독일,고무 및 플라스틱제품 제조업,3
2024-01,독일,금속가공제품 제조업; 기계 및 가구 제외,1
2024-01,독일,금융업,1
2024-01,독일,기타 기계 및 장비 제조업,4
2024-01,독일,기타 운송장비 제조업,1
2024-01,독일,기타 제품 제조업,1
2024-01,독일,도매 및 상품 중개업,3
2024-01,독일,비금속 광물제품 제조업,3
2024-01,독일,사업지원 서비스업,1
2024-01,독일,산업용 기계 및 장비 수리업,1
2024-01,독일,섬유제품 제조업; 의복제외,3
2024-01,독일,소매업; 자동차 제외,4
2024-01,독일,수상 운송업,1
2024-01,독일,식료품 제조업,1
2024-01,독일,의료  정밀  광학기기 및 시계 제조업,1
2024-01,독일,의료용 물질 및 의약품 제조업,2
2024-01,독일,의복  의복 액세서리 및 모피제품 제조업,2
2024-01,독일,자동차 및 부품 판매업,3
2024-01,독일,자동차 및 트레일러 제조업,3
2024-01,독일,전기  가스  증기 및 공기조절 공급업,3
2024-01,독일,전기장비 제조업,3
2024-01,독일,전문 서비스업,2
2024-01,독일,전자부품  컴퓨터  영상  음향 및 통신장비 제조업,3
2024-01,독일,컴퓨터 프로그래밍  시스템 통합 및 관리업,2
2024-01,독일,코크스  연탄 및 석유정제품 제조업,3
2024-01,독일,펄프  종이 및 종이제품 제조업,3
2024-01,독일,화학물질 및 화학제품 제조업; 의약품 제외,3
2024-01,라트비아,도매 및 상품 중개업,2
2024-01,라트비아,자동차 및 부품 판매업,1
2024-01,러시아,고무 및 플라스틱제품 제조업,4
2024-01,러시아,금속가공제품 제조업; 기계 및 가구 제외,5
2024-01,러시아,담배 제조업,3
2024-01,러시아,도매 및 상품 중개업,5
2024-01,러시아,비금속 광물제품 제조업,3
2024-01,러시아,소매업; 자동차 제외,5
2024-01,러시아,식료품 제조업,5
2024-01,러시아,의료용 물질 및 의약품 제조업,3
2024-01,러시아,자동차 및 부품 판매업,5
2024-01,러시아,자동차 및 트레일러 제조업,5
2024-01,러시아,전기장비 제조업,5
2024-01,러시아,펄프  종이 및 종이제품 제조업,4
2024-01,러시아,화학물질 및 화학제품 제조업; 의약품 제외,3
2024-01,레바논,도매 및 상품 중개업,5
2024-01,레바논,자동차 및 부품 판매업,5
2024-01,루마니아,고무 및 플라스틱제품 제조업,3
2024-01,루마니아,기타 기계 및 장비 제조업,2
2024-01,루마니아,도매 및 상품 중개업,3
2024-01,루마니아,자동차 및 부품 판매업,2
2024-01,루마니아,자동차 및 트레일러 제조업,3
2024-01,루마니아,전기장비 제조업,2
2024-01,루마니아,전자부품  컴퓨터  영상  음향 및 통신장비 제조업,4
2024-01,룩셈부르크,고무 및 플라스틱제품 제조업,1
2024-01,룩셈부르크,금융업,4
2024-01,룩셈부르크,사업지원 서비스업,5
2024-01,룩셈부르크,전기  가스  증기 및 공기조절 공급업,2
2024-01,리투아니아,도매 및 상품 중개업,3
2024-01,리투아니아,사업지원 서비스업,2
2024-01,리투아니아,자동차 및 부품 판매업,1
2024-01,리투아니아,화학물질 및 화학제품 제조업; 의약품 제외,1
2024-01,리히텐슈타인,금속가공제품 제조업; 기계 및 가구 제외,2
2024-01,리히텐슈타인,기타 기계 및 장비 제조업,2
2024-01,마카오,도매 및 상품 중개업,4
2024-01,마카오,사업지원 서비스업,2
2024-01,마카오,소매업; 자동차 제외,1
2024-01,말레이시아,1차 금속 제조업,4
2024-01,말레이시아,개인 및 소비용품 수리업,2
2024-01,말레이시아,고무 및 플라스틱제품 제조업,4
2024-01,말레이시아,금속가공제품 제조업; 기계 및 가구 제외,4
2024-01,말레이시아,금융업,5
2024-01,말레이시아,기타 기계 및 장비 제조업,4
2024-01,말레이시아,기타 운송장비 제조업,2
2024-01,말레이시아,도매 및 상품 중개업,4
2024-01,말레이시아,사업지원 서비스업,4
2024-01,말레이시아,식료품 제조업,2
2024-01,말레이시아,의복  의복 액세서리 및 모피제품 제조업,2
2024-01,말레이시아,인쇄 및 기록매체 복제업,2
2024-01,말레이시아,자동차 및 부품 판매업,4
2024-01,말레이시아,자동차 및 트레일러 제조업,2
2024-01,말레이시아,전기장비 제조업,2
2024-01,말레이시아,전자부품  컴퓨터  영상  음향 및 통신장비 제조업,2
2024-01,말레이시아,창고 및 운송관련 서비스업,2
2024-01,말레이시아,펄프  종이 및 종이제품 제조업,2
2024-01,말레이시아,화학물질 및 화학제품 제조업; 의약품 제외,4
2024-01,멕시코,1차 금속 제조업,4
2024-01,멕시코,고무 및 플라스틱제품 제조업,4
2024-01,멕시코,금속가공제품 제조업; 기계 및 가구 제외,4
2024-01,멕시코,금융업,5
2024-01,멕시코,기타 기계 및 장비 제조업,5
2024-01,멕시코,도매 및 상품 중개업,4
2024-01,멕시코,섬유제품 제조업; 의복제외,4
2024-01,멕시코,소매업; 자동차 제외,2
2024-01,멕시코,자동차 및 부품 판매업,4
2024-01,멕시코,자동차 및 트레일러 제조업,3
2024-01,멕시코,전기장비 제조업,4
2024-01,멕시코,전문 서비스업,5
2024-01,멕시코,전자부품  컴퓨터  영상  음향 및 통신장비 제조업,2
2024-01,멕시코,종합 건설업,4
2024-01,멕시코,컴퓨터 프로그래밍  시스템 통합 및 관리업,2
2024-01,멕시코,펄프  종이 및 종이제품 제조업,2
2024-01,멕시코,화학물질 및 화학제품 제조업; 의약품 제외,4
2024-01,모로코,가구 제조업,2
2024-01,모로코,도매 및 상품 중개업,4
2024-01,모로코,자동차 및 부품 판매업,4
2024-01,모리셔스,도매 및 상품 중개업,4
2024-01,몰타,도매 및 상품 중개업,1
2024-01,몰타,자동차 및 부품 판매업,1
2024-01,몽골,도매 및 상품 중개업,4
2024-01,미국,1차 금속 제조업,1
2024-01,미국,가구 제조업,2
2024-01,미국,가죽  가방 및 신발 제조업,1
2024-01,미국,건축기술  엔지니어링 및 기타 과학기술 서비스업,2
2024-01,미국,고무 및 플라스틱제품 제조업,4
2024-01,미국,공공행정  국방 및 사회보장 행정,2
2024-01,미국,금속가공제품 제조업; 기계 및 가구 제외,4
2024-01,미국,기타 기계 및 장비 제조업,4
2024-01,미국,기타 운송장비 제조업,2
2024-01,미국,기타 제품 제조업,4
2024-01,미국,도매 및 상품 중개업,3
2024-01,미국,목재 및 나무제품 제조업; 가구 제외,2
2024-01,미국,비금속 광물제품 제조업,3
2024-01,미국,사업지원 서비스업,3
2024-01,미국,산업용 기계 및 장비 수리업,2
2024-01,미국,섬유제품 제조업; 의복제외,4
2024-01,미국,소매업; 자동차 제외,4
2024-01,미국,식료품 제조업,1
2024-01,미국,영상ㆍ오디오 기록물 제작 및 배급업,2
2024-01,미국,우편 및 통신업,4
2024-01,미국,육상운송 및 파이프라인 운송업,2
2024-01,미국,음료 제조업,4
2024-01,미국,음식점 및 주점업,2
2024-01,미국,의료  정밀  광학기기 및 시계 제조업,3
2024-01,미국,의료용 물질 및 의약품 제조업,3
2024-01,미국,의복  의복 액세서리 및 모피제품 제조업,3
2024-01,미국,인쇄 및 기록매체 복제업,2
2024-01,미국,자동차 및 부품 판매업,3
2024-01,미국,자동차 및 트레일러 제조업,3
2024-01,미국,전기  가스  증기 및 공기조절 공급업,3
2024-01,미국,전기장비 제조업,4
2024-01,미국,전문 서비스업,4
2024-01,미국,전문직별 공사업,4
2024-01,미국,전자부품  컴퓨터  영상  음향 및 통신장비 제조업,4
2024-01,미국,정보서비스업,2
2024-01,미국,창고 및 운송관련 서비스업,2
2024-01,미국,출판업,4
2024-01,미국,펄프  종이 및 종이제품 제조업,4
2024-01,미국,항공 운송업,1
2024-01,미국,화학물질 및 화학제품 제조업; 의약품 제외,3
2024-01,미얀마,공공행정  국방 및 사회보장 행정,3
2024-01,미얀마,도매 및 상품 중개업,5
2024-01,바레인,종합 건설업,5
2024-01,바베이도스,금융 및 보험 관련 서비스업,2
2024-01,바하마,도매 및 상품 중개업,2
2024-01,방글라데시,도매 및 상품 중개업,3
2024-01,방글라데시,섬유제품 제조업; 의복제외,2
2024-01,방글라데시,의복  의복 액세서리 및 모피제품 제조업,2
2024-01,베트남,1차 금속 제조업,4
2024-01,베트남,가구 제조업,3
2024-01,베트남,가죽  가방 및 신발 제조업,4
2024-01,베트남,고무 및 플라스틱제품 제조업,4
2024-01,베트남,금속가공제품 제조업; 기계 및 가구 제외,4
2024-01,베트남,기타 기계 및 장비 제조업,4
2024-01,베트남,기타 운송장비 제조업,3
2024-01,베트남,기타 제품 제조업,4
2024-01,베트남,도매 및 상품 중개업,4
2024-01,베트남,목재 및 나무제품 제조업; 가구 제외,2
2024-01,베트남,비금속 광물제품 제조업,2
2024-01,베트남,섬유제품 제조업; 의복제외,4
2024-01,베트남,식료품 제조업,5
2024-01,베트남,음료 제조업,3
2024-01,베트남,의료  정밀  광학기기 및 시계 제조업,5
2024-01,베트남,의복  의복 액세서리 및 모피제품 제조업,4
2024-01,베트남,자동차 및 부품 판매업,4
2024-01,베트남,자동차 및 트레일러 제조업,4
2024-01,베트남,전기장비 제조업,5
2024-01,베트남,전문직별 공사업,3
2024-01,베트남,전자부품  컴퓨터  영상  음향 및 통신장비 제조업,5
2024-01,베트남,창고 및 운송관련 서비스업,2
2024-01,베트남,코크스  연탄 및 석유정제품 제조업,2
2024-01,베트남,펄프  종이 및 종이제품 제조업,4
2024-01,베트남,화학물질 및 화학제품 제조업; 의약품 제외,4
2024-01,벨기에,고무 및 플라스틱제품 제조업,3
2024-01,벨기에,금속가공제품 제조업; 기계 및 가구 제외,4
2024-01,벨기에,기타 기계 및 장비 제조업,3
2024-01,벨기에,도매 및 상품 중개업,1
2024-01,벨기에,섬유제품 제조업; 의복제외,4
2024-01,벨기에,식료품 제조업,2
2024-01,벨기에,의료  정밀  광학기기 및 시계 제조업,1
2024-01,벨기에,의복  의복 액세서리 및 모피제품 제조업,2
2024-01,벨기에,자동차 및 트레일러 제조업,1
2024-01,벨기에,전기장비 제조업,1
2024-01,벨기에,화학물질 및 화학제품 제조업; 의약품 제외,1
2024-01,벨라루스,자동차 및 부품 판매업,2
2024-01,벨라루스,종합 건설업,3
2024-01,보스니아-헤르체코비나,자동차 및 부품 판매업,2
2024-01,볼리비아,도매 및 상품 중개업,3
2024-01,볼리비아,자동차 및 부품 판매업,5
2024-01,북마케도니아,자동차 및 부품 판매업,5
2024-01,불가리아,기타 제품 제조업,2
2024-01,불가리아,도매 및 상품 중개업,4
2024-01,불가리아,자동차 및 부품 판매업,4
2024-01,불가리아,펄프  종이 및 종이제품 제조업,2
2024-01,브라질,1차 금속 제조업,4
2024-01,브라질,가죽  가방 및 신발 제조업,2
2024-01,브라질,고무 및 플라스틱제품 제조업,4
2024-01,브라질,금속가공제품 제조업; 기계 및 가구 제외,4
2024-01,브라질,기타 기계 및 장비 제조업,2
2024-01,브라질,도매 및 상품 중개업,4
2024-01,브라질,사업지원 서비스업,2
2024-01,브라질,섬유제품 제조업; 의복제외,5
2024-01,브라질,소매업; 자동차 제외,4
2024-01,브라질,식료품 제조업,2
2024-01,브라질,의료  정밀  광학기기 및 시계 제조업,2
2024-01,브라질,의료용 물질 및 의약품 제조업,2
2024-01,브라질,의복  의복 액세서리 및 모피제품 제조업,4
2024-01,브라질,자동차 및 부품 판매업,5
2024-01,브라질,자동차 및 트레일러 제조업,4
2024-01,브라질,전기장비 제조업,4
2024-01,브라질,전자부품  컴퓨터  영상  음향 및 통신장비 제조업,4
2024-01,브라질,컴퓨터 프로그래밍  시스템 통합 및 관리업,2
2024-01,브라질,펄프  종이 및 종이제품 제조업,4
2024-01,브라질,화학물질 및 화학제품 제조업; 의약품 제외,4
2024-01,사우디아라비아,가구 제조업,4
2024-01,사우디아라비아,고무 및 플라스틱제품 제조업,2
2024-01,사우디아라비아,금속가공제품 제조업; 기계 및 가구 제외,4
2024-01,사우디아라비아,기타 기계 및 장비 제조업,2
2024-01,사우디아라비아,도매 및 상품 중개업,4
2024-01,사우디아라비아,비금속 광물제품 제조업,2
2024-01,사우디아라비아,사업시설 관리 및 조경 서비스업,3
2024-01,사우디아라비아,사업지원 서비스업,4
2024-01,사우디아라비아,자동차 및 부품 판매업,3
2024-01,사우디아라비아,전기장비 제조업,2
2024-01,사우디아라비아,전문직별 공사업,3
2024-01,사우디아라비아,화학물질 및 화학제품 제조업; 의약품 제외,4
2024-01,사이프러스,도매 및 상품 중개업,1
2024-01,세르비아,도매 및 상품 중개업,2
2024-01,세르비아,자동차 및 부품 판매업,5
2024-01,세르비아,화학물질 및 화학제품 제조업; 의약품 제외,2
2024-01,수리남,도매 및 상품 중개업,2
2024-01,스리랑카,고무 및 플라스틱제품 제조업,3
2024-01,스리랑카,도매 및 상품 중개업,4
2024-01,스리랑카,섬유제품 제조업; 의복제외,2
2024-01,스리랑카,의복  의복 액세서리 및 모피제품 제조업,2
2024-01,스리랑카,자동차 및 트레일러 제조업,2
2024-01,스웨덴,1차 금속 제조업,1
2024-01,스웨덴,고무 및 플라스틱제품 제조업,2
2024-01,스웨덴,금속가공제품 제조업; 기계 및 가구 제외,3
2024-01,스웨덴,기타 기계 및 장비 제조업,2
2024-01,스웨덴,도매 및 상품 중개업,3
2024-01,스웨덴,연구개발업,1
2024-01,스웨덴,자동차 및 부품 판매업,3
2024-01,스웨덴,자동차 및 트레일러 제조업,2
2024-01,스웨덴,전기장비 제조업,2
2024-01,스웨덴,전문 서비스업,1
2024-01,스웨덴,컴퓨터 프로그래밍  시스템 통합 및 관리업,1
2024-01,스웨덴,펄프  종이 및 종이제품 제조업,1
2024-01,스위스,고무 및 플라스틱제품 제조업,2
2024-01,스위스,기타 기계 및 장비 제조업,1
2024-01,스위스,기타 운송장비 제조업,2
2024-01,스위스,기타 제품 제조업,1
2024-01,스위스,담배 제조업,1
2024-01,스위스,도매 및 상품 중개업,3
2024-01,스위스,사업지원 서비스업,5
2024-01,스위스,의료  정밀  광학기기 및 시계 제조업,1
2024-01,스위스,의복  의복 액세서리 및 모피제품 제조업,1
2024-01,스위스,임대업; 부동산 제외,1
2024-01,스위스,자동차 및 부품 판매업,1
2024-01,스위스,전자부품  컴퓨터  영상  음향 및 통신장비 제조업,1
2024-01,스페인,1차 금속 제조업,2
2024-01,스페인,개인 및 소비용품 수리업,2
2024-01,스페인,건축기술  엔지니어링 및 기타 과학기술 서비스업,1
2024-01,스페인,고무 및 플라스틱제품 제조업,4
2024-01,스페인,금속가공제품 제조업; 기계 및 가구 제외,1
2024-01,스페인,기타 기계 및 장비 제조업,1
2024-01,스페인,기타 제품 제조업,1
2024-01,스페인,도매 및 상품 중개업,3
2024-01,스페인,섬유제품 제조업; 의복제외,3
2024-01,스페인,소매업; 자동차 제외,4
2024-01,스페인,의료용 물질 및 의약품 제조업,3
2024-01,스페인,자동차 및 부품 판매업,4
2024-01,스페인,자동차 및 트레일러 제조업,2
2024-01,스페인,전기  가스  증기 및 공기조절 공급업,2
2024-01,스페인,전기장비 제조업,2
2024-01,스페인,전문직별 공사업,1
2024-01,스페인,전자부품  컴퓨터  영상  음향 및 통신장비 제조업,4
2024-01,스페인,펄프  종이 및 종이제품 제조업,1
2024-01,스페인,화학물질 및 화학제품 제조업; 의약품 제외,3
2024-01,슬로바키아,고무 및 플라스틱제품 제조업,3
2024-01,슬로바키아,기타 기계 및 장비 제조업,2
2024-01,슬로바키아,도매 및 상품 중개업,1
2024-01,슬로바키아,소매업; 자동차 제외,2
2024-01,슬로바키아,의료  정밀  광학기기 및 시계 제조업,1
2024-01,슬로바키아,자동차 및 트레일러 제조업,1
2024-01,슬로베니아,도매 및 상품 중개업,2
2024-01,슬로베니아,자동차 및 부품 판매업,2
2024-01,슬로베니아,전기장비 제조업,3
2024-01,슬로베니아,화학물질 및 화학제품 제조업; 의약품 제외,2
2024-01,싱가포르,1차 금속 제조업,1
2024-01,싱가포르,고무 및 플라스틱제품 제조업,2
2024-01,싱가포르,금속가공제품 제조업; 기계 및 가구 제외,1
2024-01,싱가포르,금융업,1
2024-01,싱가포르,기타 기계 및 장비 제조업,1
2024-01,싱가포르,기타 운송장비 제조업,1
2024-01,싱가포르,도매 및 상품 중개업,3
2024-01,싱가포르,소매업; 자동차 제외,1
2024-01,싱가포르,식료품 제조업,4
2024-01,싱가포르,연구개발업,1
2024-01,싱가포르,음료 제조업,1
2024-01,싱가포르,인쇄 및 기록매체 복제업,1
2024-01,싱가포르,자동차 및 부품 판매업,1
2024-01,싱가포르,전기장비 제조업,1
2024-01,싱가포르,전자부품  컴퓨터  영상  음향 및 통신장비 제조업,3
2024-01,싱가포르,종합 건설업,2
2024-01,싱가포르,창고 및 운송관련 서비스업,1
2024-01,싱가포르,출판업,1
2024-01,싱가포르,코크스  연탄 및 석유정제품 제조업,3
2024-01,싱가포르,펄프  종이 및 종이제품 제조업,1
2024-01,싱가포르,폐기물 수집  운반  처리 및 원료 재생업,5
2024-01,싱가포르,화학물질 및 화학제품 제조업; 의약품 제외,3
2024-01,아랍에미리트 연합,1차 금속 제조업,2
2024-01,아랍에미리트 연합,고무 및 플라스틱제품 제조업,4
2024-01,아랍에미리트 연합,금속가공제품 제조업; 기계 및 가구 제외,4
2024-01,아랍에미리트 연합,도매 및 상품 중개업,4
2024-01,아랍에미리트 연합,소매업; 자동차 제외,4
2024-01,아랍에미리트 연합,자동차 및 부품 판매업,4
2024-01,아랍에미리트 연합,종합 건설업,5
2024-01,아랍에미리트 연합,컴퓨터 프로그래밍  시스템 통합 및 관리업,2
2024-01,아랍에미리트 연합,펄프  종이 및 종이제품 제조업,2
2024-01,아랍에미리트 연합,화학물질 및 화학제품 제조업; 의약품 제외,4
2024-01,아르헨티나,고무 및 플라스틱제품 제조업,5
2024-01,아르헨티나,기타 기계 및 장비 제조업,3
2024-01,아르헨티나,도매 및 상품 중개업,5
2024-01,아르헨티나,섬유제품 제조업; 의복제외,4
2024-01,아르헨티나,소매업; 자동차 제외,4
2024-01,아르헨티나,자동차 및 부품 판매업,2
2024-01,아르헨티나,전기장비 제조업,4
2024-01,아르헨티나,전자부품  컴퓨터  영상  음향 및 통신장비 제조업,3
2024-01,아르헨티나,펄프  종이 및 종이제품 제조업,4
2024-01,아르헨티나,화학물질 및 화학제품 제조업; 의약품 제외,4
2024-01,아이슬란드,고무 및 플라스틱제품 제조업,1
2024-01,아이티,자동차 및 부품 판매업,3
2024-01,아일랜드,고무 및 플라스틱제품 제조업,1
2024-01,아일랜드,도매 및 상품 중개업,1
2024-01,아일랜드,자동차 및 부품 판매업,1
2024-01,아일랜드,전자부품  컴퓨터  영상  음향 및 통신장비 제조업,1
2024-01,아일랜드,컴퓨터 프로그래밍  시스템 통합 및 관리업,2
2024-01,아일랜드,코크스  연탄 및 석유정제품 제조업,2
2024-01,아일랜드,펄프  종이 및 종이제품 제조업,1
2024-01,아제르바이잔,자동차 및 부품 판매업,2
2024-01,알제리,자동차 및 부품 판매업,3
2024-01,알제리,전기장비 제조업,4
2024-01,알제리,전자부품  컴퓨터  영상  음향 및 통신장비 제조업,3
2024-01,알제리,화학물질 및 화학제품 제조업; 의약품 제외,4
2024-01,에스토니아,도매 및 상품 중개업,3
2024-01,에콰도르,고무 및 플라스틱제품 제조업,4
2024-01,에콰도르,금속가공제품 제조업; 기계 및 가구 제외,2
2024-01,에콰도르,도매 및 상품 중개업,4
2024-01,에콰도르,섬유제품 제조업; 의복제외,4
2024-01,에콰도르,식료품 제조업,2
2024-01,에콰도르,자동차 및 부품 판매업,4
2024-01,에콰도르,자동차 및 트레일러 제조업,2
2024-01,에콰도르,전기장비 제조업,2
2024-01,에콰도르,화학물질 및 화학제품 제조업; 의약품 제외,3
2024-01,엘살바도르,금속가공제품 제조업; 기계 및 가구 제외,4
2024-01,엘살바도르,도매 및 상품 중개업,4
2024-01,엘살바도르,섬유제품 제조업; 의복제외,2
2024-01,엘살바도르,자동차 및 부품 판매업,4
2024-01,영국,1차 금속 제조업,3
2024-01,영국,개인 및 소비용품 수리업,2
2024-01,영국,고무 및 플라스틱제품 제조업,3
2024-01,영국,금속가공제품 제조업; 기계 및 가구 제외,4
2024-01,영국,금융업,1
2024-01,영국,기타 개인 서비스업,1
2024-01,영국,기타 기계 및 장비 제조업,3
2024-01,영국,기타 운송장비 제조업,1
2024-01,영국,기타 전문  과학 및 기술 서비스업,1
2024-01,영국,기타 제품 제조업,3
2024-01,영국,도매 및 상품 중개업,3
2024-01,영국,사업지원 서비스업,3
2024-01,영국,섬유제품 제조업; 의복제외,4
2024-01,영국,소매업; 자동차 제외,3
2024-01,영국,스포츠 및 오락관련 서비스업,1
2024-01,영국,우편 및 통신업,3
2024-01,영국,의료  정밀  광학기기 및 시계 제조업,2
2024-01,영국,의복  의복 액세서리 및 모피제품 제조업,3
2024-01,영국,자동차 및 부품 판매업,3
2024-01,영국,자동차 및 트레일러 제조업,2
2024-01,영국,전기장비 제조업,1
2024-01,영국,전문 서비스업,1
2024-01,영국,전문직별 공사업,1
2024-01,영국,전자부품  컴퓨터  영상  음향 및 통신장비 제조업,3
2024-01,영국,종합 건설업,1
2024-01,영국,창고 및 운송관련 서비스업,1
2024-01,영국,출판업,2
2024-01,영국,펄프  종이 및 종이제품 제조업,2
2024-01,영국,화학물질 및 화학제품 제조업; 의약품 제외,3
2024-01,오만,도매 및 상품 중개업,4
2024-01,오스트리아,고무 및 플라스틱제품 제조업,2
2024-01,오스트리아,금융업,2
2024-01,오스트리아,도매 및 상품 중개업,3
2024-01,오스트리아,자동차 및 부품 판매업,3
2024-01,오스트리아,자동차 및 트레일러 제조업,2
2024-01,오스트리아,전기장비 제조업,1
2024-01,온두라스,섬유제품 제조업; 의복제외,2
2024-01,온두라스,자동차 및 부품 판매업,4
2024-01,요르단,도매 및 상품 중개업,4
2024-01,요르단,자동차 및 부품 판매업,2
2024-01,우루과이,도매 및 상품 중개업,3
2024-01,우즈베키스탄,고무 및 플라스틱제품 제조업,3
2024-01,우즈베키스탄,자동차 및 트레일러 제조업,3
2024-01,우즈베키스탄,전기장비 제조업,4
2024-01,우크라이나,고무 및 플라스틱제품 제조업,4
2024-01,우크라이나,도매 및 상품 중개업,5
2024-01,우크라이나,자동차 및 부품 판매업,2
2024-01,우크라이나,자동차 및 트레일러 제조업,5
2024-01,이라크,자동차 및 부품 판매업,3
2024-01,이란,고무 및 플라스틱제품 제조업,5
2024-01,이란,기타 기계 및 장비 제조업,5
2024-01,이란,도매 및 상품 중개업,5
2024-01,이란,소매업; 자동차 제외,5
2024-01,이란,자동차 및 트레일러 제조업,5
2024-01,이란,전기장비 제조업,5
2024-01,이란,화학물질 및 화학제품 제조업; 의약품 제외,5
2024-01,이스라엘,고무 및 플라스틱제품 제조업,4
2024-01,이스라엘,금융업,2
2024-01,이스라엘,기타 기계 및 장비 제조업,4
2024-01,이스라엘,도매 및 상품 중개업,4
2024-01,이스라엘,의료  정밀  광학기기 및 시계 제조업,2
2024-01,이스라엘,의복  의복 액세서리 및 모피제품 제조업,2
2024-01,이스라엘,자동차 및 부품 판매업,2
2024-01,이스라엘,전기장비 제조업,4
2024-01,이스라엘,전자부품  컴퓨터  영상  음향 및 통신장비 제조업,2
2024-01,이스라엘,화학물질 및 화학제품 제조업; 의약품 제외,4
2024-01,이집트,1차 금속 제조업,4
2024-01,이집트,고무 및 플라스틱제품 제조업,2
2024-01,이집트,기타 기계 및 장비 제조업,3
2024-01,이집트,도매 및 상품 중개업,5
2024-01,이집트,섬유제품 제조업; 의복제외,2
2024-01,이집트,식료품 제조업,4
2024-01,이집트,의료  정밀  광학기기 및 시계 제조업,3
2024-01,이집트,자동차 및 부품 판매업,4
2024-01,이집트,자동차 및 트레일러 제조업,3
2024-01,이집트,전기장비 제조업,4
2024-01,이집트,화학물질 및 화학제품 제조업; 의약품 제외,5
2024-01,이탈리아,1차 금속 제조업,3
2024-01,이탈리아,가구 제조업,1
2024-01,이탈리아,가죽  가방 및 신발 제조업,1
2024-01,이탈리아,개인 및 소비용품 수리업,4
2024-01,이탈리아,고무 및 플라스틱제품 제조업,3
2024-01,이탈리아,금속가공제품 제조업; 기계 및 가구 제외,3
2024-01,이탈리아,금융업,3
2024-01,이탈리아,기타 기계 및 장비 제조업,4
2024-01,이탈리아,기타 제품 제조업,4
2024-01,이탈리아,도매 및 상품 중개업,4
2024-01,이탈리아,비금속 광물제품 제조업,1
2024-01,이탈리아,섬유제품 제조업; 의복제외,4
2024-01,이탈리아,식료품 제조업,4
2024-01,이탈리아,의료  정밀  광학기기 및 시계 제조업,2
2024-01,이탈리아,의료용 물질 및 의약품 제조업,2
2024-01,이탈리아,의복  의복 액세서리 및 모피제품 제조업,3
2024-01,이탈리아,자동차 및 부품 판매업,3
2024-01,이탈리아,자동차 및 트레일러 제조업,2
2024-01,이탈리아,전기장비 제조업,3
2024-01,이탈리아,전문 서비스업,2
2024-01,이탈리아,전문직별 공사업,1
2024-01,이탈리아,전자부품  컴퓨터  영상  음향 및 통신장비 제조업,1
2024-01,이탈리아,펄프  종이 및 종이제품 제조업,1
2024-01,이탈리아,화학물질 및 화학제품 제조업; 의약품 제외,3
2024-01,인도,1차 금속 제조업,4
2024-01,인도,가죽  가방 및 신발 제조업,5
2024-01,인도,개인 및 소비용품 수리업,3
2024-01,인도,건축기술  엔지니어링 및 기타 과학기술 서비스업,4
2024-01,인도,고무 및 플라스틱제품 제조업,5
2024-01,인도,금속가공제품 제조업; 기계 및 가구 제외,4
2024-01,인도,기타 기계 및 장비 제조업,5
2024-01,인도,도매 및 상품 중개업,4
2024-01,인도,비금속 광물제품 제조업,4
2024-01,인도,섬유제품 제조업; 의복제외,4
2024-01,인도,식료품 제조업,4
2024-01,인도,우편 및 통신업,2
2024-01,인도,의료  정밀  광학기기 및 시계 제조업,3
2024-01,인도,의료용 물질 및 의약품 제조업,4
2024-01,인도,의복  의복 액세서리 및 모피제품 제조업,2
2024-01,인도,자동차 및 트레일러 제조업,4
2024-01,인도,전기장비 제조업,4
2024-01,인도,전자부품  컴퓨터  영상  음향 및 통신장비 제조업,5
2024-01,인도,출판업,2
2024-01,인도,컴퓨터 프로그래밍  시스템 통합 및 관리업,2
2024-01,인도,코크스  연탄 및 석유정제품 제조업,3
2024-01,인도,펄프  종이 및 종이제품 제조업,2
2024-01,인도,화학물질 및 화학제품 제조업; 의약품 제외,5
2024-01,인도네시아,1차 금속 제조업,4
2024-01,인도네시아,가죽  가방 및 신발 제조업,3
2024-01,인도네시아,고무 및 플라스틱제품 제조업,4
2024-01,인도네시아,금속가공제품 제조업; 기계 및 가구 제외,4
2024-01,인도네시아,담배 제조업,2
2024-01,인도네시아,도매 및 상품 중개업,4
2024-01,인도네시아,섬유제품 제조업; 의복제외,4
2024-01,인도네시아,소매업; 자동차 제외,2
2024-01,인도네시아,식료품 제조업,4
2024-01,인도네시아,의료용 물질 및 의약품 제조업,2
2024-01,인도네시아,의복  의복 액세서리 및 모피제품 제조업,2
2024-01,인도네시아,자동차 및 부품 판매업,2
2024-01,인도네시아,자동차 및 트레일러 제조업,4
2024-01,인도네시아,전기장비 제조업,4
2024-01,인도네시아,전문직별 공사업,2
2024-01,인도네시아,전자부품  컴퓨터  영상  음향 및 통신장비 제조업,5
2024-01,인도네시아,창고 및 운송관련 서비스업,3
2024-01,인도네시아,펄프  종이 및 종이제품 제조업,3
2024-01,인도네시아,화학물질 및 화학제품 제조업; 의약품 제외,4
2024-01,일본,1차 금속 제조업,3
2024-01,일본,개인 및 소비용품 수리업,1
2024-01,일본,고무 및 플라스틱제품 제조업,3
2024-01,일본,금속가공제품 제조업; 기계 및 가구 제외,3
2024-01,일본,금융업,4
2024-01,일본,기타 기계 및 장비 제조업,3
2024-01,일본,기타 운송장비 제조업,2
2024-01,일본,기타 제품 제조업,4
2024-01,일본,도매 및 상품 중개업,3
2024-01,일본,비금속 광물제품 제조업,2
2024-01,일본,사업지원 서비스업,2
2024-01,일본,섬유제품 제조업; 의복제외,3
2024-01,일본,소매업; 자동차 제외,4
2024-01,일본,식료품 제조업,3
2024-01,일본,우편 및 통신업,1
2024-01,일본,음료 제조업,1
2024-01,일본,의료  정밀  광학기기 및 시계 제조업,4
2024-01,일본,의료용 물질 및 의약품 제조업,1
2024-01,일본,의복  의복 액세서리 및 모피제품 제조업,1
2024-01,일본,임대업; 부동산 제외,2
2024-01,일본,자동차 및 부품 판매업,1
2024-01,일본,자동차 및 트레일러 제조업,3
2024-01,일본,전기장비 제조업,3
2024-01,일본,전문직별 공사업,2
2024-01,일본,전자부품  컴퓨터  영상  음향 및 통신장비 제조업,3
2024-01,일본,정보서비스업,2
2024-01,일본,종합 건설업,3
2024-01,일본,창고 및 운송관련 서비스업,2
2024-01,일본,출판업,2
2024-01,일본,코크스  연탄 및 석유정제품 제조업,3
2024-01,일본,펄프  종이 및 종이제품 제조업,2
2024-01,일본,화학물질 및 화학제품 제조업; 의약품 제외,3
2024-01,자메이카,자동차 및 부품 판매업,4
2024-01,조지아,자동차 및 부품 판매업,3
2024-01,중국,1차 금속 제조업,2
2024-01,중국,가구 제조업,3
2024-01,중국,가죽  가방 및 신발 제조업,3
2024-01,중국,고무 및 플라스틱제품 제조업,4
2024-01,중국,금속가공제품 제조업; 기계 및 가구 제외,4
2024-01,중국,금융업,3
2024-01,중국,기타 기계 및 장비 제조업,4
2024-01,중국,기타 운송장비 제조업,3
2024-01,중국,기타 제품 제조업,5
2024-01,중국,도매 및 상품 중개업,5
2024-01,중국,비금속 광물제품 제조업,3
2024-01,중국,섬유제품 제조업; 의복제외,4
2024-01,중국,소매업; 자동차 제외,3
2024-01,중국,식료품 제조업,4
2024-01,중국,음료 제조업,3
2024-01,중국,의료  정밀  광학기기 및 시계 제조업,4
2024-01,중국,의료용 물질 및 의약품 제조업,3
2024-01,중국,의복  의복 액세서리 및 모피제품 제조업,5
2024-01,중국,자동차 및 부품 판매업,3
2024-01,중국,자동차 및 트레일러 제조업,5
2024-01,중국,전기장비 제조업,5
2024-01,중국,전문 서비스업,3
2024-01,중국,전문직별 공사업,3
2024-01,중국,전자부품  컴퓨터  영상  음향 및 통신장비 제조업,5
2024-01,중국,창고 및 운송관련 서비스업,5
2024-01,중국,코크스  연탄 및 석유정제품 제조업,2
2024-01,중국,펄프  종이 및 종이제품 제조업,3
2024-01,중국,항공 운송업,2
2024-01,중국,화학물질 및 화학제품 제조업; 의약품 제외,5
2024-01,지브랄타,도매 및 상품 중개업,3
2024-01,체코,1차 금속 제조업,1
2024-01,체코,고무 및 플라스틱제품 제조업,1
2024-01,체코,금속가공제품 제조업; 기계 및 가구 제외,3
2024-01,체코,기타 기계 및 장비 제조업,3
2024-01,체코,도매 및 상품 중개업,4
2024-01,체코,섬유제품 제조업; 의복제외,3
2024-01,체코,자동차 및 부품 판매업,3
2024-01,체코,자동차 및 트레일러 제조업,3
2024-01,체코,전기장비 제조업,1
2024-01,체코,화학물질 및 화학제품 제조업; 의약품 제외,1
2024-01,칠레,1차 금속 제조업,4
2024-01,칠레,고무 및 플라스틱제품 제조업,4
2024-01,칠레,금속가공제품 제조업; 기계 및 가구 제외,3
2024-01,칠레,금융업,2
2024-01,칠레,도매 및 상품 중개업,4
2024-01,칠레,소매업; 자동차 제외,2
2024-01,칠레,자동차 및 부품 판매업,4
2024-01,칠레,전기장비 제조업,3
2024-01,칠레,화학물질 및 화학제품 제조업; 의약품 제외,2
2024-01,카자흐스탄,도매 및 상품 중개업,4
2024-01,카자흐스탄,자동차 및 부품 판매업,2
2024-01,카자흐스탄,자동차 및 트레일러 제조업,5
2024-01,카타르,건축기술  엔지니어링 및 기타 과학기술 서비스업,3
2024-01,카타르,도매 및 상품 중개업,4
2024-01,카타르,화학물질 및 화학제품 제조업; 의약품 제외,2
2024-01,캄보디아,도매 및 상품 중개업,4
2024-01,캄보디아,소매업; 자동차 제외,4
2024-01,캄보디아,자동차 및 트레일러 제조업,3
2024-01,캐나다,1차 금속 제조업,1
2024-01,캐나다,고무 및 플라스틱제품 제조업,1
2024-01,캐나다,금속가공제품 제조업; 기계 및 가구 제외,3
2024-01,캐나다,기타 기계 및 장비 제조업,1
2024-01,캐나다,기타 운송장비 제조업,1
2024-01,캐나다,기타 제품 제조업,1
2024-01,캐나다,도매 및 상품 중개업,4
2024-01,캐나다,목재 및 나무제품 제조업; 가구 제외,2
2024-01,캐나다,섬유제품 제조업; 의복제외,1
2024-01,캐나다,소매업; 자동차 제외,4
2024-01,캐나다,우편 및 통신업,2
2024-01,캐나다,의복  의복 액세서리 및 모피제품 제조업,2
2024-01,캐나다,자동차 및 부품 판매업,4
2024-01,캐나다,자동차 및 트레일러 제조업,2
2024-01,캐나다,전기장비 제조업,1
2024-01,캐나다,전자부품  컴퓨터  영상  음향 및 통신장비 제조업,3
2024-01,캐나다,정보서비스업,2
2024-01,캐나다,출판업,2
2024-01,캐나다,펄프  종이 및 종이제품 제조업,1
2024-01,캐나다,화학물질 및 화학제품 제조업; 의약품 제외,1
2024-01,케냐,가구 제조업,4
2024-01,케냐,가죽  가방 및 신발 제조업,2
2024-01,케냐,도매 및 상품 중개업,4
2024-01,케냐,자동차 및 부품 판매업,3
2024-01,케이만군도,금융 및 보험 관련 서비스업,2
2024-01,코스타리카,고무 및 플라스틱제품 제조업,1
2024-01,코스타리카,도매 및 상품 중개업,1
2024-01,코스타리카,자동차 및 부품 판매업,4
2024-01,코트디부아르,화학물질 및 화학제품 제조업; 의약품 제외,2
2024-01,콜롬비아,고무 및 플라스틱제품 제조업,4
2024-01,콜롬비아,금속가공제품 제조업; 기계 및 가구 제외,2
2024-01,콜롬비아,도매 및 상품 중개업,5
2024-01,콜롬비아,섬유제품 제조업; 의복제외,5
2024-01,콜롬비아,소매업; 자동차 제외,4
2024-01,콜롬비아,식료품 제조업,2
2024-01,콜롬비아,의복  의복 액세서리 및 모피제품 제조업,2
2024-01,콜롬비아,자동차 및 부품 판매업,4
2024-01,콜롬비아,자동차 및 트레일러 제조업,5
2024-01,콜롬비아,전기장비 제조업,2
2024-01,콜롬비아,화학물질 및 화학제품 제조업; 의약품 제외,2
2024-01,쿠바,전기  가스  증기 및 공기조절 공급업,5
2024-01,쿠웨이트,자동차 및 부품 판매업,2
2024-01,크로아티아,개인 및 소비용품 수리업,1
2024-01,크로아티아,도매 및 상품 중개업,1
2024-01,탄자니아,가구 제조업,3
2024-01,탄자니아,도매 및 상품 중개업,3
2024-01,태국,1차 금속 제조업,4
2024-01,태국,가죽  가방 및 신발 제조업,2
2024-01,태국,고무 및 플라스틱제품 제조업,4
2024-01,태국,금속가공제품 제조업; 기계 및 가구 제외,4
2024-01,태국,기타 기계 및 장비 제조업,2
2024-01,태국,도매 및 상품 중개업,4
2024-01,태국,소매업; 자동차 제외,2
2024-01,태국,식료품 제조업,4
2024-01,태국,의료  정밀  광학기기 및 시계 제조업,2
2024-01,태국,인쇄 및 기록매체 복제업,2
2024-01,태국,자동차 및 부품 판매업,2
2024-01,태국,자동차 및 트레일러 제조업,3
2024-01,태국,전기장비 제조업,5
2024-01,태국,전문 서비스업,5
2024-01,태국,전자부품  컴퓨터  영상  음향 및 통신장비 제조업,4
2024-01,태국,펄프  종이 및 종이제품 제조업,4
2024-01,태국,화학물질 및 화학제품 제조업; 의약품 제외,4
2024-01,튀니지,도매 및 상품 중개업,4
2024-01,튀르키예(구 터키),1차 금속 제조업,3
2024-01,튀르키예(구 터키),고무 및 플라스틱제품 제조업,4
2024-01,튀르키예(구 터키),금속가공제품 제조업; 기계 및 가구 제외,3
2024-01,튀르키예(구 터키),기타 기계 및 장비 제조업,4
2024-01,튀르키예(구 터키),기타 운송장비 제조업,3
2024-01,튀르키예(구 터키),도매 및 상품 중개업,4
2024-01,튀르키예(구 터키),목재 및 나무제품 제조업; 가구 제외,2
2024-01,튀르키예(구 터키),비금속 광물제품 제조업,3
2024-01,튀르키예(구 터키),섬유제품 제조업; 의복제외,5
2024-01,튀르키예(구 터키),식료품 제조업,2
2024-01,튀르키예(구 터키),의료용 물질 및 의약품 제조업,4
2024-01,튀르키예(구 터키),의복  의복 액세서리 및 모피제품 제조업,3
2024-01,튀르키예(구 터키),자동차 및 부품 판매업,2
2024-01,튀르키예(구 터키),자동차 및 트레일러 제조업,3
2024-01,튀르키예(구 터키),전기장비 제조업,2
2024-01,튀르키예(구 터키),전자부품  컴퓨터  영상  음향 및 통신장비 제조업,2
2024-01,튀르키예(구 터키),펄프  종이 및 종이제품 제조업,3
2024-01,튀르키예(구 터키),화학물질 및 화학제품 제조업; 의약품 제외,5
2024-01,트리니다드토바고,도매 및 상품 중개업,2
2024-01,트리니다드토바고,자동차 및 부품 판매업,2
2024-01,파나마,금융 및 보험 관련 서비스업,2
2024-01,파나마,금융업,2
2024-01,파나마,도매 및 상품 중개업,4
2024-01,파나마,자동차 및 부품 판매업,4
2024-01,파라과이,고무 및 플라스틱제품 제조업,4
2024-01,파라과이,기타 운송장비 제조업,2
2024-01,파라과이,도매 및 상품 중개업,2
2024-01,파라과이,소매업; 자동차 제외,2
2024-01,파라과이,자동차 및 부품 판매업,4
2024-01,파키스탄,도매 및 상품 중개업,5
2024-01,파키스탄,식료품 제조업,3
2024-01,파키스탄,의복  의복 액세서리 및 모피제품 제조업,3
2024-01,파키스탄,전기장비 제조업,5
2024-01,파키스탄,펄프  종이 및 종이제품 제조업,3
2024-01,파키스탄,화학물질 및 화학제품 제조업; 의약품 제외,3
2024-01,페루,가구 제조업,4
2024-01,페루,고무 및 플라스틱제품 제조업,4
2024-01,페루,금속가공제품 제조업; 기계 및 가구 제외,3
2024-01,페루,도매 및 상품 중개업,4
2024-01,페루,섬유제품 제조업; 의복제외,4
2024-01,페루,자동차 및 부품 판매업,4
2024-01,페루,자동차 및 트레일러 제조업,2
2024-01,페루,화학물질 및 화학제품 제조업; 의약품 제외,4
2024-01,포르투갈,고무 및 플라스틱제품 제조업,1
2024-01,포르투갈,기타 기계 및 장비 제조업,1
2024-01,포르투갈,도매 및 상품 중개업,3
2024-01,포르투갈,섬유제품 제조업; 의복제외,1
2024-01,포르투갈,자동차 및 부품 판매업,2
2024-01,포르투갈,컴퓨터 프로그래밍  시스템 통합 및 관리업,1
2024-01,폴란드,1차 금속 제조업,4
2024-01,폴란드,개인 및 소비용품 수리업,2
2024-01,폴란드,고무 및 플라스틱제품 제조업,3
2024-01,폴란드,금속가공제품 제조업; 기계 및 가구 제외,3
2024-01,폴란드,기타 기계 및 장비 제조업,3
2024-01,폴란드,도매 및 상품 중개업,4
2024-01,폴란드,산업용 기계 및 장비 수리업,1
2024-01,폴란드,섬유제품 제조업; 의복제외,3
2024-01,폴란드,소매업; 자동차 제외,2
2024-01,폴란드,식료품 제조업,4
2024-01,폴란드,육상운송 및 파이프라인 운송업,2
2024-01,폴란드,의료용 물질 및 의약품 제조업,2
2024-01,폴란드,자동차 및 부품 판매업,3
2024-01,폴란드,자동차 및 트레일러 제조업,2
2024-01,폴란드,전기장비 제조업,2
2024-01,폴란드,전자부품  컴퓨터  영상  음향 및 통신장비 제조업,3
2024-01,폴란드,펄프  종이 및 종이제품 제조업,4
2024-01,폴란드,화학물질 및 화학제품 제조업; 의약품 제외,2
2024-01,프랑스,개인 및 소비용품 수리업,1
2024-01,프랑스,건축기술  엔지니어링 및 기타 과학기술 서비스업,2
2024-01,프랑스,고무 및 플라스틱제품 제조업,1
2024-01,프랑스,금속가공제품 제조업; 기계 및 가구 제외,2
2024-01,프랑스,금융업,3
2024-01,프랑스,기타 기계 및 장비 제조업,1
2024-01,프랑스,도매 및 상품 중개업,3
2024-01,프랑스,부동산업,2
2024-01,프랑스,비금속 광물제품 제조업,2
2024-01,프랑스,섬유제품 제조업; 의복제외,1
2024-01,프랑스,소매업; 자동차 제외,3
2024-01,프랑스,수상 운송업,1
2024-01,프랑스,스포츠 및 오락관련 서비스업,2
2024-01,프랑스,의복  의복 액세서리 및 모피제품 제조업,3
2024-01,프랑스,자동차 및 부품 판매업,1
2024-01,프랑스,자동차 및 트레일러 제조업,3
2024-01,프랑스,전기장비 제조업,3
2024-01,프랑스,전문 서비스업,1
2024-01,프랑스,전문직별 공사업,1
2024-01,프랑스,전자부품  컴퓨터  영상  음향 및 통신장비 제조업,1
2024-01,프랑스,컴퓨터 프로그래밍  시스템 통합 및 관리업,2
2024-01,프랑스,화학물질 및 화학제품 제조업; 의약품 제외,1
2024-01,핀란드,고무 및 플라스틱제품 제조업,1
2024-01,핀란드,도매 및 상품 중개업,1
2024-01,핀란드,자동차 및 부품 판매업,1
2024-01,핀란드,자동차 및 트레일러 제조업,1
2024-01,핀란드,전기장비 제조업,2
2024-01,핀란드,전자부품  컴퓨터  영상  음향 및 통신장비 제조업,1
2024-01,핀란드,출판업,1
2024-01,필리핀,고무 및 플라스틱제품 제조업,3
2024-01,필리핀,기타 운송장비 제조업,2
2024-01,필리핀,도매 및 상품 중개업,4
2024-01,필리핀,식료품 제조업,5
2024-01,필리핀,자동차 및 부품 판매업,4
2024-01,필리핀,자동차 및 트레일러 제조업,2
2024-01,필리핀,전기장비 제조업,2
2024-01,필리핀,전자부품  컴퓨터  영상  음향 및 통신장비 제조업,2
2024-01,필리핀,펄프  종이 및 종이제품 제조업,3
2024-01,필리핀,항공 운송업,3
2024-01,필리핀,화학물질 및 화학제품 제조업; 의약품 제외,4
2024-01,헝가리,개인 및 소비용품 수리업,1
2024-01,헝가리,고무 및 플라스틱제품 제조업,1
2024-01,헝가리,금속가공제품 제조업; 기계 및 가구 제외,2
2024-01,헝가리,기타 기계 및 장비 제조업,2
2024-01,헝가리,도매 및 상품 중개업,2
2024-01,헝가리,식료품 제조업,1
2024-01,헝가리,연구개발업,2
2024-01,헝가리,자동차 및 부품 판매업,2
2024-01,헝가리,자동차 및 트레일러 제조업,2
2024-01,헝가리,전기장비 제조업,2
2024-01,헝가리,전자부품  컴퓨터  영상  음향 및 통신장비 제조업,2
2024-01,호주,1차 금속 제조업,3
2024-01,호주,고무 및 플라스틱제품 제조업,3
2024-01,호주,금속가공제품 제조업; 기계 및 가구 제외,3
2024-01,호주,기타 기계 및 장비 제조업,3
2024-01,호주,기타 제품 제조업,3
2024-01,호주,도매 및 상품 중개업,3
2024-01,호주,섬유제품 제조업; 의복제외,1
2024-01,호주,소매업; 자동차 제외,3
2024-01,호주,우편 및 통신업,1
2024-01,호주,인쇄 및 기록매체 복제업,4
2024-01,호주,자동차 및 부품 판매업,3
2024-01,호주,자동차 및 트레일러 제조업,1
2024-01,호주,전기장비 제조업,1
2024-01,호주,출판업,3
2024-01,호주,컴퓨터 프로그래밍  시스템 통합 및 관리업,1
2024-01,호주,펄프  종이 및 종이제품 제조업,1
2024-01,호주,화학물질 및 화학제품 제조업; 의약품 제외,3
2024-01,홍콩,가죽  가방 및 신발 제조업,1
2024-01,홍콩,금융업,4
2024-01,홍콩,기타 기계 및 장비 제조업,1
2024-01,홍콩,도매 및 상품 중개업,3
2024-01,홍콩,소매업; 자동차 제외,4
2024-01,홍콩,의료  정밀  광학기기 및 시계 제조업,2
2024-01,홍콩,자동차 및 부품 판매업,2
2024-01,홍콩,전기장비 제조업,1
2024-01,홍콩,출판업,2
2024-01,홍콩,항공 운송업,2
2023-12,가나,화학물질 및 화학제품 제조업; 의약품 제외,2
2023-12,가이아나,도매 및 상품 중개업,2
2023-12,과테말라,도매 및 상품 중개업,2
2023-12,과테말라,섬유제품 제조업; 의복제외,4
2023-12,과테말라,자동차 및 부품 판매업,4
2023-12,괌,도매 및 상품 중개업,2
2023-12,그리스,도매 및 상품 중개업,4
2023-12,그리스,자동차 및 부품 판매업,4
2023-12,그리스,창고 및 운송관련 서비스업,5
2023-12,그리스,펄프  종이 및 종이제품 제조업,2
2023-12,나이지리아,도매 및 상품 중개업,5
2023-12,남아프리카공화국,개인 및 소비용품 수리업,2
2023-12,남아프리카공화국,고무 및 플라스틱제품 제조업,5
2023-12,남아프리카공화국,기타 기계 및 장비 제조업,5
2023-12,남아프리카공화국,도매 및 상품 중개업,4
2023-12,남아프리카공화국,섬유제품 제조업; 의복제외,4
2023-12,남아프리카공화국,식료품 제조업,2
2023-12,남아프리카공화국,인쇄 및 기록매체 복제업,4
2023-12,남아프리카공화국,자동차 및 부품 판매업,2
2023-12,남아프리카공화국,자동차 및 트레일러 제조업,2
2023-12,남아프리카공화국,전기  가스  증기 및 공기조절 공급업,2
2023-12,남아프리카공화국,전기장비 제조업,4
2023-12,남아프리카공화국,전문직별 공사업,4
2023-12,남아프리카공화국,전자부품  컴퓨터  영상  음향 및 통신장비 제조업,4
2023-12,남아프리카공화국,출판업,2
2023-12,남아프리카공화국,펄프  종이 및 종이제품 제조업,3
2023-12,남아프리카공화국,화학물질 및 화학제품 제조업; 의약품 제외,2
2023-12,네덜란드,1차 금속 제조업,1
2023-12,네덜란드,고무 및 플라스틱제품 제조업,2
2023-12,네덜란드,공공행정  국방 및 사회보장 행정,1
2023-12,네덜란드,금속가공제품 제조업; 기계 및 가구 제외,3
2023-12,네덜란드,금융업,3
2023-12,네덜란드,기타 기계 및 장비 제조업,3
2023-12,네덜란드,도매 및 상품 중개업,4
2023-12,네덜란드,섬유제품 제조업; 의복제외,2
2023-12,네덜란드,식료품 제조업,1
2023-12,네덜란드,육상운송 및 파이프라인 운송업,1
2023-12,네덜란드,임대업; 부동산 제외,2
2023-12,네덜란드,자동차 및 부품 판매업,4
2023-12,네덜란드,자동차 및 트레일러 제조업,3
2023-12,네덜란드,전기장비 제조업,1
2023-12,네덜란드,전문 서비스업,4
2023-12,네덜란드,전자부품  컴퓨터  영상  음향 및 통신장비 제조업,1
2023-12,네덜란드,컴퓨터 프로그래밍  시스템 통합 및 관리업,1
2023-12,네덜란드,펄프  종이 및 종이제품 제조업,1
2023-12,네덜란드,화학물질 및 화학제품 제조업; 의약품 제외,3
2023-12,네팔,도매 및 상품 중개업,3
2023-12,노르웨이,도매 및 상품 중개업,4
2023-12,노르웨이,수상 운송업,1
2023-12,노르웨이,의복  의복 액세서리 및 모피제품 제조업,1
2023-12,노르웨이,자동차 및 부품 판매업,1
2023-12,뉴질랜드,1차 금속 제조업,1
2023-12,뉴질랜드,도매 및 상품 중개업,4
2023-12,뉴질랜드,소매업; 자동차 제외,2
2023-12,뉴질랜드,자동차 및 부품 판매업,3
2023-12,뉴질랜드,펄프  종이 및 종이제품 제조업,4
2023-12,뉴질랜드,화학물질 및 화학제품 제조업; 의약품 제외,2
2023-12,뉴칼레도니아,도매 및 상품 중개업,2
2023-12,니카라과,자동차 및 부품 판매업,4
2023-12,대만,1차 금속 제조업,2
2023-12,대만,가죽  가방 및 신발 제조업,2
2023-12,대만,건축기술  엔지니어링 및 기타 과학기술 서비스업,2
2023-12,대만,고무 및 플라스틱제품 제조업,1
2023-12,대만,금속가공제품 제조업; 기계 및 가구 제외,1
2023-12,대만,금융업,5
2023-12,대만,기타 기계 및 장비 제조업,2
2023-12,대만,기타 운송장비 제조업,1
2023-12,대만,도매 및 상품 중개업,3
2023-12,대만,비금속 광물제품 제조업,1
2023-12,대만,섬유제품 제조업; 의복제외,2
2023-12,대만,소매업; 자동차 제외,3
2023-12,대만,식료품 제조업,1
2023-12,대만,의료  정밀  광학기기 및 시계 제조업,1
2023-12,대만,자동차 및 부품 판매업,1
2023-12,대만,전기장비 제조업,4
2023-12,대만,전자부품  컴퓨터  영상  음향 및 통신장비 제조업,3
2023-12,대만,출판업,1
2023-12,대만,컴퓨터 프로그래밍  시스템 통합 및 관리업,1
2023-12,대만,펄프  종이 및 종이제품 제조업,1
2023-12,대만,항공 운송업,5
2023-12,대만,화학물질 및 화학제품 제조업; 의약품 제외,3
2023-12,덴마크,국제 및 외국기관,5
2023-12,덴마크,기타 기계 및 장비 제조업,2
2023-12,덴마크,도매 및 상품 중개업,4
2023-12,덴마크,식료품 제조업,1
2023-12,덴마크,연구개발업,1
2023-12,덴마크,자동차 및 부품 판매업,2
2023-12,덴마크,전문 서비스업,1
2023-12,도미니카공화국,도매 및 상품 중개업,4
2023-12,도미니카공화국,자동차 및 부품 판매업,4
2023-12,독일,1차 금속 제조업,1
2023-12,독일,고무 및 플라스틱제품 제조업,3
2023-12,독일,금속가공제품 제조업; 기계 및 가구 제외,3
2023-12,독일,금융업,1
2023-12,독일,기타 기계 및 장비 제조업,3
2023-12,독일,기타 운송장비 제조업,1
2023-12,독일,기타 제품 제조업,1
2023-12,독일,도매 및 상품 중개업,4
2023-12,독일,비금속 광물제품 제조업,3
2023-12,독일,사업지원 서비스업,2
2023-12,독일,산업용 기계 및 장비 수리업,1
2023-12,독일,섬유제품 제조업; 의복제외,3
2023-12,독일,소매업; 자동차 제외,4
2023-12,독일,수상 운송업,1
2023-12,독일,식료품 제조업,1
2023-12,독일,의료  정밀  광학기기 및 시계 제조업,1
2023-12,독일,의료용 물질 및 의약품 제조업,2
2023-12,독일,의복  의복 액세서리 및 모피제품 제조업,1
2023-12,독일,자동차 및 부품 판매업,3
2023-12,독일,자동차 및 트레일러 제조업,3
2023-12,독일,전기  가스  증기 및 공기조절 공급업,1
2023-12,독일,전기장비 제조업,4
2023-12,독일,전문 서비스업,1
2023-12,독일,전자부품  컴퓨터  영상  음향 및 통신장비 제조업,3
2023-12,독일,컴퓨터 프로그래밍  시스템 통합 및 관리업,1
2023-12,독일,코크스  연탄 및 석유정제품 제조업,4
2023-12,독일,펄프  종이 및 종이제품 제조업,2
2023-12,독일,화학물질 및 화학제품 제조업; 의약품 제외,3
2023-12,라오스,도매 및 상품 중개업,5
2023-12,라트비아,도매 및 상품 중개업,2
2023-12,라트비아,자동차 및 부품 판매업,1
2023-12,러시아,고무 및 플라스틱제품 제조업,4
2023-12,러시아,금속가공제품 제조업; 기계 및 가구 제외,4
2023-12,러시아,담배 제조업,3
2023-12,러시아,도매 및 상품 중개업,4
2023-12,러시아,비금속 광물제품 제조업,3
2023-12,러시아,소매업; 자동차 제외,5
2023-12,러시아,식료품 제조업,4
2023-12,러시아,의료용 물질 및 의약품 제조업,3
2023-12,러시아,자동차 및 부품 판매업,4
2023-12,러시아,자동차 및 트레일러 제조업,4
2023-12,러시아,전기장비 제조업,5
2023-12,러시아,펄프  종이 및 종이제품 제조업,5
2023-12,러시아,화학물질 및 화학제품 제조업; 의약품 제외,3
2023-12,레바논,도매 및 상품 중개업,4
2023-12,레바논,자동차 및 부품 판매업,5
2023-12,루마니아,고무 및 플라스틱제품 제조업,4
2023-12,루마니아,기타 기계 및 장비 제조업,2
2023-12,루마니아,도매 및 상품 중개업,4
2023-12,루마니아,자동차 및 부품 판매업,2
2023-12,루마니아,자동차 및 트레일러 제조업,4
2023-12,루마니아,전기장비 제조업,2
2023-12,룩셈부르크,고무 및 플라스틱제품 제조업,1
2023-12,룩셈부르크,금융업,4
2023-12,룩셈부르크,전기  가스  증기 및 공기조절 공급업,1
2023-12,리투아니아,도매 및 상품 중개업,3
2023-12,리투아니아,사업지원 서비스업,2
2023-12,리투아니아,자동차 및 부품 판매업,2
2023-12,리투아니아,화학물질 및 화학제품 제조업; 의약품 제외,2
2023-12,리히텐슈타인,금속가공제품 제조업; 기계 및 가구 제외,1
2023-12,리히텐슈타인,기타 기계 및 장비 제조업,1
2023-12,마카오,도매 및 상품 중개업,4
2023-12,마카오,사업지원 서비스업,2
2023-12,마카오,소매업; 자동차 제외,1
2023-12,말레이시아,1차 금속 제조업,4
2023-12,말레이시아,개인 및 소비용품 수리업,3
2023-12,말레이시아,고무 및 플라스틱제품 제조업,5
2023-12,말레이시아,금속가공제품 제조업; 기계 및 가구 제외,5
2023-12,말레이시아,금융업,2
2023-12,말레이시아,기타 기계 및 장비 제조업,4
2023-12,말레이시아,기타 운송장비 제조업,2
2023-12,말레이시아,도매 및 상품 중개업,4
2023-12,말레이시아,사업지원 서비스업,4
2023-12,말레이시아,식료품 제조업,2
2023-12,말레이시아,의복  의복 액세서리 및 모피제품 제조업,2
2023-12,말레이시아,인쇄 및 기록매체 복제업,2
2023-12,말레이시아,자동차 및 부품 판매업,4
2023-12,말레이시아,자동차 및 트레일러 제조업,2
2023-12,말레이시아,전기장비 제조업,2
2023-12,말레이시아,전자부품  컴퓨터  영상  음향 및 통신장비 제조업,2
2023-12,말레이시아,창고 및 운송관련 서비스업,2
2023-12,말레이시아,펄프  종이 및 종이제품 제조업,2
2023-12,말레이시아,화학물질 및 화학제품 제조업; 의약품 제외,4
2023-12,멕시코,1차 금속 제조업,4
2023-12,멕시코,고무 및 플라스틱제품 제조업,4
2023-12,멕시코,금속가공제품 제조업; 기계 및 가구 제외,4
2023-12,멕시코,기타 기계 및 장비 제조업,3
2023-12,멕시코,도매 및 상품 중개업,4
2023-12,멕시코,섬유제품 제조업; 의복제외,4
2023-12,멕시코,소매업; 자동차 제외,2
2023-12,멕시코,식료품 제조업,2
2023-12,멕시코,자동차 및 부품 판매업,4
2023-12,멕시코,자동차 및 트레일러 제조업,3
2023-12,멕시코,전기장비 제조업,4
2023-12,멕시코,전문 서비스업,5
2023-12,멕시코,전자부품  컴퓨터  영상  음향 및 통신장비 제조업,3
2023-12,멕시코,종합 건설업,3
2023-12,멕시코,컴퓨터 프로그래밍  시스템 통합 및 관리업,3
2023-12,멕시코,펄프  종이 및 종이제품 제조업,2
2023-12,멕시코,화학물질 및 화학제품 제조업; 의약품 제외,5
2023-12,모로코,가구 제조업,2
2023-12,모로코,도매 및 상품 중개업,4
2023-12,모로코,자동차 및 부품 판매업,2
2023-12,모리셔스,도매 및 상품 중개업,4
2023-12,몰타,도매 및 상품 중개업,2
2023-12,몰타,자동차 및 부품 판매업,2
2023-12,몽골,도매 및 상품 중개업,4
2023-12,미국,1차 금속 제조업,1
2023-12,미국,가구 제조업,1
2023-12,미국,가죽  가방 및 신발 제조업,1
2023-12,미국,건축기술  엔지니어링 및 기타 과학기술 서비스업,1
2023-12,미국,고무 및 플라스틱제품 제조업,3
2023-12,미국,공공행정  국방 및 사회보장 행정,2
2023-12,미국,금속가공제품 제조업; 기계 및 가구 제외,4
2023-12,미국,기타 기계 및 장비 제조업,4
2023-12,미국,기타 운송장비 제조업,2
2023-12,미국,기타 제품 제조업,3
2023-12,미국,도매 및 상품 중개업,4
2023-12,미국,목재 및 나무제품 제조업; 가구 제외,1
2023-12,미국,비금속 광물제품 제조업,3
2023-12,미국,사업지원 서비스업,3
2023-12,미국,산업용 기계 및 장비 수리업,1
2023-12,미국,섬유제품 제조업; 의복제외,3
2023-12,미국,소매업; 자동차 제외,5
2023-12,미국,식료품 제조업,2
2023-12,미국,영상ㆍ오디오 기록물 제작 및 배급업,1
2023-12,미국,우편 및 통신업,4
2023-12,미국,육상운송 및 파이프라인 운송업,2
2023-12,미국,음료 제조업,5
2023-12,미국,음식점 및 주점업,2
2023-12,미국,의료  정밀  광학기기 및 시계 제조업,3
2023-12,미국,의료용 물질 및 의약품 제조업,3
2023-12,미국,의복  의복 액세서리 및 모피제품 제조업,3
2023-12,미국,인쇄 및 기록매체 복제업,1
2023-12,미국,자동차 및 부품 판매업,3
2023-12,미국,자동차 및 트레일러 제조업,3
2023-12,미국,전기  가스  증기 및 공기조절 공급업,4
2023-12,미국,전기장비 제조업,4
2023-12,미국,전문 서비스업,4
2023-12,미국,전문직별 공사업,4
2023-12,미국,전자부품  컴퓨터  영상  음향 및 통신장비 제조업,3
2023-12,미국,정보서비스업,2
2023-12,미국,종합 건설업,1
2023-12,미국,창고 및 운송관련 서비스업,1
2023-12,미국,출판업,3
2023-12,미국,펄프  종이 및 종이제품 제조업,3
2023-12,미국,항공 운송업,2
2023-12,미국,화학물질 및 화학제품 제조업; 의약품 제외,3
2023-12,미얀마,공공행정  국방 및 사회보장 행정,3
2023-12,미얀마,금속가공제품 제조업; 기계 및 가구 제외,3
2023-12,미얀마,도매 및 상품 중개업,5
2023-12,바레인,종합 건설업,5
2023-12,바베이도스,금융 및 보험 관련 서비스업,2
2023-12,바하마,도매 및 상품 중개업,2
2023-12,방글라데시,도매 및 상품 중개업,3
2023-12,방글라데시,섬유제품 제조업; 의복제외,3
2023-12,방글라데시,의복  의복 액세서리 및 모피제품 제조업,3
2023-12,방글라데시,전기장비 제조업,3
2023-12,베트남,1차 금속 제조업,4
2023-12,베트남,가구 제조업,5
2023-12,베트남,가죽  가방 및 신발 제조업,5
2023-12,베트남,고무 및 플라스틱제품 제조업,5
2023-12,베트남,금속가공제품 제조업; 기계 및 가구 제외,4
2023-12,베트남,기타 기계 및 장비 제조업,4
2023-12,베트남,기타 운송장비 제조업,2
2023-12,베트남,기타 제품 제조업,5
2023-12,베트남,도매 및 상품 중개업,5
2023-12,베트남,목재 및 나무제품 제조업; 가구 제외,2
2023-12,베트남,비금속 광물제품 제조업,2
2023-12,베트남,산업용 기계 및 장비 수리업,2
2023-12,베트남,섬유제품 제조업; 의복제외,5
2023-12,베트남,식료품 제조업,5
2023-12,베트남,음료 제조업,2
2023-12,베트남,의료  정밀  광학기기 및 시계 제조업,2
2023-12,베트남,의복  의복 액세서리 및 모피제품 제조업,4
2023-12,베트남,자동차 및 부품 판매업,4
2023-12,베트남,자동차 및 트레일러 제조업,4
2023-12,베트남,전기장비 제조업,4
2023-12,베트남,전문직별 공사업,2
2023-12,베트남,전자부품  컴퓨터  영상  음향 및 통신장비 제조업,5
2023-12,베트남,창고 및 운송관련 서비스업,3
2023-12,베트남,코크스  연탄 및 석유정제품 제조업,2
2023-12,베트남,펄프  종이 및 종이제품 제조업,5
2023-12,베트남,화학물질 및 화학제품 제조업; 의약품 제외,5
2023-12,벨기에,고무 및 플라스틱제품 제조업,3
2023-12,벨기에,금속가공제품 제조업; 기계 및 가구 제외,3
2023-12,벨기에,기타 기계 및 장비 제조업,3
2023-12,벨기에,도매 및 상품 중개업,1
2023-12,벨기에,섬유제품 제조업; 의복제외,3
2023-12,벨기에,의복  의복 액세서리 및 모피제품 제조업,2
2023-12,벨기에,자동차 및 트레일러 제조업,2
2023-12,벨기에,전기장비 제조업,1
2023-12,벨기에,화학물질 및 화학제품 제조업; 의약품 제외,1
2023-12,벨라루스,자동차 및 부품 판매업,3
2023-12,벨라루스,종합 건설업,3
2023-12,보스니아-헤르체코비나,자동차 및 부품 판매업,2
2023-12,볼리비아,도매 및 상품 중개업,2
2023-12,볼리비아,자동차 및 부품 판매업,4
2023-12,불가리아,기타 제품 제조업,3
2023-12,불가리아,도매 및 상품 중개업,4
2023-12,불가리아,자동차 및 부품 판매업,3
2023-12,불가리아,펄프  종이 및 종이제품 제조업,2
2023-12,브라질,1차 금속 제조업,4
2023-12,브라질,가죽  가방 및 신발 제조업,2
2023-12,브라질,고무 및 플라스틱제품 제조업,4
2023-12,브라질,금속가공제품 제조업; 기계 및 가구 제외,4
2023-12,브라질,기타 기계 및 장비 제조업,3
2023-12,브라질,도매 및 상품 중개업,4
2023-12,브라질,사업지원 서비스업,4
2023-12,브라질,섬유제품 제조업; 의복제외,4
2023-12,브라질,소매업; 자동차 제외,4
2023-12,브라질,식료품 제조업,2
2023-12,브라질,의료  정밀  광학기기 및 시계 제조업,3
2023-12,브라질,의료용 물질 및 의약품 제조업,2
2023-12,브라질,의복  의복 액세서리 및 모피제품 제조업,5
2023-12,브라질,자동차 및 부품 판매업,4
2023-12,브라질,자동차 및 트레일러 제조업,4
2023-12,브라질,전기장비 제조업,3
2023-12,브라질,전자부품  컴퓨터  영상  음향 및 통신장비 제조업,4
2023-12,브라질,컴퓨터 프로그래밍  시스템 통합 및 관리업,2
2023-12,브라질,펄프  종이 및 종이제품 제조업,4
2023-12,브라질,화학물질 및 화학제품 제조업; 의약품 제외,4
2023-12,사우디아라비아,가구 제조업,4
2023-12,사우디아라비아,고무 및 플라스틱제품 제조업,3
2023-12,사우디아라비아,금속가공제품 제조업; 기계 및 가구 제외,5
2023-12,사우디아라비아,기타 기계 및 장비 제조업,4
2023-12,사우디아라비아,도매 및 상품 중개업,5
2023-12,사우디아라비아,사업시설 관리 및 조경 서비스업,2
2023-12,사우디아라비아,사업지원 서비스업,4
2023-12,사우디아라비아,소매업; 자동차 제외,3
2023-12,사우디아라비아,자동차 및 부품 판매업,3
2023-12,사우디아라비아,전기장비 제조업,2
2023-12,사우디아라비아,화학물질 및 화학제품 제조업; 의약품 제외,4
2023-12,사이프러스,도매 및 상품 중개업,1
2023-12,세르비아,도매 및 상품 중개업,2
2023-12,세르비아,자동차 및 부품 판매업,5
2023-12,세르비아,화학물질 및 화학제품 제조업; 의약품 제외,2
2023-12,세이셸,자동차 및 트레일러 제조업,2
2023-12,수리남,도매 및 상품 중개업,3
2023-12,스리랑카,고무 및 플라스틱제품 제조업,3
2023-12,스리랑카,도매 및 상품 중개업,5
2023-12,스리랑카,섬유제품 제조업; 의복제외,2
2023-12,스리랑카,의복  의복 액세서리 및 모피제품 제조업,3
2023-12,스리랑카,자동차 및 트레일러 제조업,3
2023-12,스웨덴,1차 금속 제조업,1
2023-12,스웨덴,고무 및 플라스틱제품 제조업,1
2023-12,스웨덴,금속가공제품 제조업; 기계 및 가구 제외,3
2023-12,스웨덴,기타 기계 및 장비 제조업,2
2023-12,스웨덴,도매 및 상품 중개업,3
2023-12,스웨덴,연구개발업,2
2023-12,스웨덴,자동차 및 부품 판매업,1
2023-12,스웨덴,자동차 및 트레일러 제조업,2
2023-12,스웨덴,전기장비 제조업,2
2023-12,스웨덴,전문 서비스업,1
2023-12,스웨덴,컴퓨터 프로그래밍  시스템 통합 및 관리업,2
2023-12,스웨덴,펄프  종이 및 종이제품 제조업,1
2023-12,스위스,고무 및 플라스틱제품 제조업,1
2023-12,스위스,기타 기계 및 장비 제조업,1
2023-12,스위스,기타 운송장비 제조업,1
2023-12,스위스,기타 제품 제조업,1
2023-12,스위스,담배 제조업,1
2023-12,스위스,도매 및 상품 중개업,4
2023-12,스위스,사업지원 서비스업,5
2023-12,스위스,의복  의복 액세서리 및 모피제품 제조업,2
2023-12,스위스,임대업; 부동산 제외,1
2023-12,스위스,자동차 및 부품 판매업,1
2023-12,스위스,전자부품  컴퓨터  영상  음향 및 통신장비 제조업,1
2023-12,스페인,1차 금속 제조업,1
2023-12,스페인,개인 및 소비용품 수리업,4
2023-12,스페인,건축기술  엔지니어링 및 기타 과학기술 서비스업,2
2023-12,스페인,고무 및 플라스틱제품 제조업,3
2023-12,스페인,금속가공제품 제조업; 기계 및 가구 제외,1
2023-12,스페인,기타 기계 및 장비 제조업,2
2023-12,스페인,기타 제품 제조업,2
2023-12,스페인,도매 및 상품 중개업,3
2023-12,스페인,섬유제품 제조업; 의복제외,4
2023-12,스페인,소매업; 자동차 제외,3
2023-12,스페인,의료용 물질 및 의약품 제조업,3
2023-12,스페인,자동차 및 부품 판매업,3
2023-12,스페인,자동차 및 트레일러 제조업,1
2023-12,스페인,전기  가스  증기 및 공기조절 공급업,1
2023-12,스페인,전기장비 제조업,1
2023-12,스페인,전자부품  컴퓨터  영상  음향 및 통신장비 제조업,3
2023-12,스페인,펄프  종이 및 종이제품 제조업,1
2023-12,스페인,화학물질 및 화학제품 제조업; 의약품 제외,3
2023-12,슬로바키아,고무 및 플라스틱제품 제조업,2
2023-12,슬로바키아,기타 기계 및 장비 제조업,2
2023-12,슬로바키아,도매 및 상품 중개업,1
2023-12,슬로바키아,비금속 광물제품 제조업,1
2023-12,슬로바키아,소매업; 자동차 제외,1
2023-12,슬로바키아,의료  정밀  광학기기 및 시계 제조업,1
2023-12,슬로바키아,자동차 및 트레일러 제조업,1
2023-12,슬로베니아,도매 및 상품 중개업,4
2023-12,슬로베니아,자동차 및 부품 판매업,2
2023-12,슬로베니아,전기장비 제조업,2
2023-12,슬로베니아,화학물질 및 화학제품 제조업; 의약품 제외,3
2023-12,싱가포르,1차 금속 제조업,1
2023-12,싱가포르,고무 및 플라스틱제품 제조업,1
2023-12,싱가포르,금속가공제품 제조업; 기계 및 가구 제외,1
2023-12,싱가포르,금융업,2
2023-12,싱가포르,기타 기계 및 장비 제조업,1
2023-12,싱가포르,기타 운송장비 제조업,3
2023-12,싱가포르,도매 및 상품 중개업,3
2023-12,싱가포르,소매업; 자동차 제외,1
2023-12,싱가포르,식료품 제조업,4
2023-12,싱가포르,연구개발업,1
2023-12,싱가포르,음료 제조업,1
2023-12,싱가포르,인쇄 및 기록매체 복제업,2
2023-12,싱가포르,자동차 및 부품 판매업,2
2023-12,싱가포르,전기장비 제조업,1
2023-12,싱가포르,전자부품  컴퓨터  영상  음향 및 통신장비 제조업,3
2023-12,싱가포르,종합 건설업,1
2023-12,싱가포르,창고 및 운송관련 서비스업,4
2023-12,싱가포르,출판업,2
2023-12,싱가포르,코크스  연탄 및 석유정제품 제조업,4
2023-12,싱가포르,펄프  종이 및 종이제품 제조업,1
2023-12,싱가포르,폐기물 수집  운반  처리 및 원료 재생업,5
2023-12,싱가포르,화학물질 및 화학제품 제조업; 의약품 제외,3
2023-12,아랍에미리트 연합,고무 및 플라스틱제품 제조업,4
2023-12,아랍에미리트 연합,금속가공제품 제조업; 기계 및 가구 제외,4
2023-12,아랍에미리트 연합,도매 및 상품 중개업,4
2023-12,아랍에미리트 연합,자동차 및 부품 판매업,4
2023-12,아랍에미리트 연합,종합 건설업,5
2023-12,아랍에미리트 연합,컴퓨터 프로그래밍  시스템 통합 및 관리업,3
2023-12,아랍에미리트 연합,펄프  종이 및 종이제품 제조업,2
2023-12,아랍에미리트 연합,화학물질 및 화학제품 제조업; 의약품 제외,4
2023-12,아르헨티나,고무 및 플라스틱제품 제조업,4
2023-12,아르헨티나,기타 기계 및 장비 제조업,4
2023-12,아르헨티나,도매 및 상품 중개업,4
2023-12,아르헨티나,섬유제품 제조업; 의복제외,4
2023-12,아르헨티나,소매업; 자동차 제외,4
2023-12,아르헨티나,자동차 및 부품 판매업,2
2023-12,아르헨티나,전기장비 제조업,4
2023-12,아르헨티나,전자부품  컴퓨터  영상  음향 및 통신장비 제조업,2
2023-12,아르헨티나,펄프  종이 및 종이제품 제조업,4
2023-12,아르헨티나,화학물질 및 화학제품 제조업; 의약품 제외,4
2023-12,아이슬란드,고무 및 플라스틱제품 제조업,2
2023-12,아이티,자동차 및 부품 판매업,3
2023-12,아일랜드,고무 및 플라스틱제품 제조업,4
2023-12,아일랜드,도매 및 상품 중개업,3
2023-12,아일랜드,자동차 및 부품 판매업,1
2023-12,아일랜드,전자부품  컴퓨터  영상  음향 및 통신장비 제조업,2
2023-12,아일랜드,코크스  연탄 및 석유정제품 제조업,1
2023-12,아일랜드,펄프  종이 및 종이제품 제조업,1
2023-12,아제르바이잔,자동차 및 부품 판매업,4
2023-12,알제리,도매 및 상품 중개업,2
2023-12,알제리,자동차 및 부품 판매업,5
2023-12,알제리,전기장비 제조업,5
2023-12,알제리,전자부품  컴퓨터  영상  음향 및 통신장비 제조업,3
2023-12,알제리,화학물질 및 화학제품 제조업; 의약품 제외,3
2023-12,에콰도르,고무 및 플라스틱제품 제조업,4
2023-12,에콰도르,금속가공제품 제조업; 기계 및 가구 제외,3
2023-12,에콰도르,도매 및 상품 중개업,4
2023-12,에콰도르,식료품 제조업,2
2023-12,에콰도르,자동차 및 부품 판매업,4
2023-12,에콰도르,자동차 및 트레일러 제조업,2
2023-12,에콰도르,전기장비 제조업,2
2023-12,에콰도르,화학물질 및 화학제품 제조업; 의약품 제외,3
2023-12,엘살바도르,섬유제품 제조업; 의복제외,2
2023-12,엘살바도르,자동차 및 부품 판매업,4
2023-12,영국,1차 금속 제조업,3
2023-12,영국,개인 및 소비용품 수리업,1
2023-12,영국,고무 및 플라스틱제품 제조업,3
2023-12,영국,금속가공제품 제조업; 기계 및 가구 제외,3
2023-12,영국,금융업,3
2023-12,영국,기타 개인 서비스업,2
2023-12,영국,기타 기계 및 장비 제조업,4
2023-12,영국,기타 운송장비 제조업,1
2023-12,영국,기타 전문  과학 및 기술 서비스업,2
2023-12,영국,기타 제품 제조업,3
2023-12,영국,도매 및 상품 중개업,3
2023-12,영국,사업지원 서비스업,3
2023-12,영국,섬유제품 제조업; 의복제외,3
2023-12,영국,소매업; 자동차 제외,3
2023-12,영국,스포츠 및 오락관련 서비스업,1
2023-12,영국,우편 및 통신업,3
2023-12,영국,의료  정밀  광학기기 및 시계 제조업,2
2023-12,영국,의복  의복 액세서리 및 모피제품 제조업,4
2023-12,영국,자동차 및 부품 판매업,3
2023-12,영국,자동차 및 트레일러 제조업,1
2023-12,영국,전기장비 제조업,2
2023-12,영국,전문 서비스업,1
2023-12,영국,전문직별 공사업,2
2023-12,영국,전자부품  컴퓨터  영상  음향 및 통신장비 제조업,3
2023-12,영국,창고 및 운송관련 서비스업,1
2023-12,영국,출판업,2
2023-12,영국,펄프  종이 및 종이제품 제조업,2
2023-12,영국,화학물질 및 화학제품 제조업; 의약품 제외,3
2023-12,오만,도매 및 상품 중개업,5
2023-12,오만,자동차 및 부품 판매업,3
2023-12,오스트리아,고무 및 플라스틱제품 제조업,1
2023-12,오스트리아,금융업,1
2023-12,오스트리아,도매 및 상품 중개업,4
2023-12,오스트리아,자동차 및 부품 판매업,3
2023-12,오스트리아,자동차 및 트레일러 제조업,1
2023-12,오스트리아,전기장비 제조업,2
2023-12,온두라스,섬유제품 제조업; 의복제외,3
2023-12,온두라스,자동차 및 부품 판매업,5
2023-12,요르단,도매 및 상품 중개업,4
2023-12,요르단,자동차 및 부품 판매업,2
2023-12,우간다,가구 제조업,4
2023-12,우루과이,도매 및 상품 중개업,3
2023-12,우즈베키스탄,고무 및 플라스틱제품 제조업,2
2023-12,우즈베키스탄,자동차 및 부품 판매업,2
2023-12,우즈베키스탄,자동차 및 트레일러 제조업,2
2023-12,우즈베키스탄,전기장비 제조업,4
2023-12,우크라이나,고무 및 플라스틱제품 제조업,4
2023-12,우크라이나,도매 및 상품 중개업,4
2023-12,우크라이나,자동차 및 부품 판매업,2
2023-12,우크라이나,자동차 및 트레일러 제조업,5
2023-12,이라크,자동차 및 부품 판매업,5
2023-12,이란,고무 및 플라스틱제품 제조업,5
2023-12,이란,기타 기계 및 장비 제조업,5
2023-12,이란,도매 및 상품 중개업,5
2023-12,이란,소매업; 자동차 제외,5
2023-12,이란,자동차 및 부품 판매업,5
2023-12,이란,자동차 및 트레일러 제조업,5
2023-12,이란,전기장비 제조업,5
2023-12,이란,화학물질 및 화학제품 제조업; 의약품 제외,5
2023-12,이스라엘,고무 및 플라스틱제품 제조업,4
2023-12,이스라엘,금융업,2
2023-12,이스라엘,기타 기계 및 장비 제조업,4
2023-12,이스라엘,도매 및 상품 중개업,4
2023-12,이스라엘,의복  의복 액세서리 및 모피제품 제조업,2
2023-12,이스라엘,자동차 및 부품 판매업,2
2023-12,이스라엘,전기장비 제조업,4
2023-12,이스라엘,전자부품  컴퓨터  영상  음향 및 통신장비 제조업,2
2023-12,이스라엘,화학물질 및 화학제품 제조업; 의약품 제외,4
2023-12,이집트,1차 금속 제조업,4
2023-12,이집트,고무 및 플라스틱제품 제조업,3
2023-12,이집트,기타 기계 및 장비 제조업,3
2023-12,이집트,도매 및 상품 중개업,5
2023-12,이집트,사업지원 서비스업,3
2023-12,이집트,섬유제품 제조업; 의복제외,5
2023-12,이집트,의료  정밀  광학기기 및 시계 제조업,3
2023-12,이집트,자동차 및 부품 판매업,4
2023-12,이집트,자동차 및 트레일러 제조업,3
2023-12,이집트,전기장비 제조업,4
2023-12,이집트,화학물질 및 화학제품 제조업; 의약품 제외,5
2023-12,이탈리아,1차 금속 제조업,3
2023-12,이탈리아,가구 제조업,1
2023-12,이탈리아,가죽  가방 및 신발 제조업,1
2023-12,이탈리아,개인 및 소비용품 수리업,4
2023-12,이탈리아,고무 및 플라스틱제품 제조업,3
2023-12,이탈리아,금속가공제품 제조업; 기계 및 가구 제외,4
2023-12,이탈리아,금융업,3
2023-12,이탈리아,기타 기계 및 장비 제조업,3
2023-12,이탈리아,기타 제품 제조업,2
2023-12,이탈리아,도매 및 상품 중개업,3
2023-12,이탈리아,비금속 광물제품 제조업,2
2023-12,이탈리아,섬유제품 제조업; 의복제외,4
2023-12,이탈리아,식료품 제조업,3
2023-12,이탈리아,의료  정밀  광학기기 및 시계 제조업,2
2023-12,이탈리아,의료용 물질 및 의약품 제조업,2
2023-12,이탈리아,의복  의복 액세서리 및 모피제품 제조업,1
2023-12,이탈리아,자동차 및 부품 판매업,3
2023-12,이탈리아,자동차 및 트레일러 제조업,1
2023-12,이탈리아,전기장비 제조업,3
2023-12,이탈리아,전문 서비스업,1
2023-12,이탈리아,전문직별 공사업,1
2023-12,이탈리아,전자부품  컴퓨터  영상  음향 및 통신장비 제조업,2
2023-12,이탈리아,펄프  종이 및 종이제품 제조업,2
2023-12,이탈리아,화학물질 및 화학제품 제조업; 의약품 제외,3
2023-12,인도,1차 금속 제조업,4
2023-12,인도,가죽  가방 및 신발 제조업,4
2023-12,인도,개인 및 소비용품 수리업,2
2023-12,인도,건축기술  엔지니어링 및 기타 과학기술 서비스업,4
2023-12,인도,고무 및 플라스틱제품 제조업,5
2023-12,인도,금속가공제품 제조업; 기계 및 가구 제외,4
2023-12,인도,기타 기계 및 장비 제조업,4
2023-12,인도,담배 제조업,2
2023-12,인도,도매 및 상품 중개업,4
2023-12,인도,비금속 광물제품 제조업,4
2023-12,인도,섬유제품 제조업; 의복제외,5
2023-12,인도,식료품 제조업,4
2023-12,인도,우편 및 통신업,4
2023-12,인도,의료  정밀  광학기기 및 시계 제조업,3
2023-12,인도,의료용 물질 및 의약품 제조업,5
2023-12,인도,의복  의복 액세서리 및 모피제품 제조업,4
2023-12,인도,자동차 및 부품 판매업,3
2023-12,인도,자동차 및 트레일러 제조업,5
2023-12,인도,전기장비 제조업,4
2023-12,인도,전자부품  컴퓨터  영상  음향 및 통신장비 제조업,4
2023-12,인도,출판업,3
2023-12,인도,컴퓨터 프로그래밍  시스템 통합 및 관리업,3
2023-12,인도,코크스  연탄 및 석유정제품 제조업,3
2023-12,인도,펄프  종이 및 종이제품 제조업,3
2023-12,인도,화학물질 및 화학제품 제조업; 의약품 제외,4
2023-12,인도네시아,1차 금속 제조업,4
2023-12,인도네시아,가죽  가방 및 신발 제조업,2
2023-12,인도네시아,고무 및 플라스틱제품 제조업,4
2023-12,인도네시아,금속가공제품 제조업; 기계 및 가구 제외,4
2023-12,인도네시아,담배 제조업,2
2023-12,인도네시아,도매 및 상품 중개업,4
2023-12,인도네시아,섬유제품 제조업; 의복제외,2
2023-12,인도네시아,식료품 제조업,4
2023-12,인도네시아,의료용 물질 및 의약품 제조업,3
2023-12,인도네시아,의복  의복 액세서리 및 모피제품 제조업,4
2023-12,인도네시아,자동차 및 부품 판매업,4
2023-12,인도네시아,자동차 및 트레일러 제조업,4
2023-12,인도네시아,전기장비 제조업,4
2023-12,인도네시아,전문직별 공사업,3
2023-12,인도네시아,전자부품  컴퓨터  영상  음향 및 통신장비 제조업,4
2023-12,인도네시아,창고 및 운송관련 서비스업,2
2023-12,인도네시아,펄프  종이 및 종이제품 제조업,2
2023-12,인도네시아,화학물질 및 화학제품 제조업; 의약품 제외,4
2023-12,일본,1차 금속 제조업,4
2023-12,일본,고무 및 플라스틱제품 제조업,3
2023-12,일본,금속가공제품 제조업; 기계 및 가구 제외,3
2023-12,일본,금융업,3
2023-12,일본,기타 기계 및 장비 제조업,3
2023-12,일본,기타 운송장비 제조업,2
2023-12,일본,기타 제품 제조업,4
2023-12,일본,도매 및 상품 중개업,3
2023-12,일본,비금속 광물제품 제조업,2
2023-12,일본,사업지원 서비스업,2
2023-12,일본,섬유제품 제조업; 의복제외,1
2023-12,일본,소매업; 자동차 제외,3
2023-12,일본,식료품 제조업,3
2023-12,일본,우편 및 통신업,1
2023-12,일본,음료 제조업,2
2023-12,일본,의료  정밀  광학기기 및 시계 제조업,3
2023-12,일본,의료용 물질 및 의약품 제조업,2
2023-12,일본,의복  의복 액세서리 및 모피제품 제조업,1
2023-12,일본,임대업; 부동산 제외,2
2023-12,일본,자동차 및 부품 판매업,2
2023-12,일본,자동차 및 트레일러 제조업,3
2023-12,일본,전기장비 제조업,3
2023-12,일본,전문직별 공사업,2
2023-12,일본,전자부품  컴퓨터  영상  음향 및 통신장비 제조업,3
2023-12,일본,정보서비스업,1
2023-12,일본,종합 건설업,2
2023-12,일본,창고 및 운송관련 서비스업,1
2023-12,일본,출판업,1
2023-12,일본,코크스  연탄 및 석유정제품 제조업,3
2023-12,일본,펄프  종이 및 종이제품 제조업,2
2023-12,일본,화학물질 및 화학제품 제조업; 의약품 제외,4
2023-12,자메이카,자동차 및 부품 판매업,4
2023-12,조지아,자동차 및 부품 판매업,3
2023-12,중국,1차 금속 제조업,4
2023-12,중국,가구 제조업,3
2023-12,중국,가죽  가방 및 신발 제조업,4
2023-12,중국,고무 및 플라스틱제품 제조업,5
2023-12,중국,금속가공제품 제조업; 기계 및 가구 제외,5
2023-12,중국,기타 기계 및 장비 제조업,4
2023-12,중국,기타 운송장비 제조업,3
2023-12,중국,기타 제품 제조업,4
2023-12,중국,도매 및 상품 중개업,5
2023-12,중국,비금속 광물제품 제조업,2
2023-12,중국,섬유제품 제조업; 의복제외,5
2023-12,중국,소매업; 자동차 제외,3
2023-12,중국,식료품 제조업,3
2023-12,중국,음료 제조업,3
2023-12,중국,의료  정밀  광학기기 및 시계 제조업,5
2023-12,중국,의료용 물질 및 의약품 제조업,2
2023-12,중국,자동차 및 부품 판매업,3
2023-12,중국,자동차 및 트레일러 제조업,5
2023-12,중국,전기장비 제조업,5
2023-12,중국,전문 서비스업,3
2023-12,중국,전문직별 공사업,2
2023-12,중국,전자부품  컴퓨터  영상  음향 및 통신장비 제조업,4
2023-12,중국,창고 및 운송관련 서비스업,5
2023-12,중국,출판업,3
2023-12,중국,코크스  연탄 및 석유정제품 제조업,2
2023-12,중국,펄프  종이 및 종이제품 제조업,3
2023-12,중국,항공 운송업,2
2023-12,중국,화학물질 및 화학제품 제조업; 의약품 제외,4
2023-12,지브랄타,도매 및 상품 중개업,3
2023-12,체코,1차 금속 제조업,2
2023-12,체코,고무 및 플라스틱제품 제조업,3
2023-12,체코,금속가공제품 제조업; 기계 및 가구 제외,3
2023-12,체코,기타 기계 및 장비 제조업,3
2023-12,체코,도매 및 상품 중개업,4
2023-12,체코,비금속 광물제품 제조업,1
2023-12,체코,섬유제품 제조업; 의복제외,1
2023-12,체코,자동차 및 부품 판매업,3
2023-12,체코,자동차 및 트레일러 제조업,3
2023-12,체코,전기장비 제조업,2
2023-12,체코,화학물질 및 화학제품 제조업; 의약품 제외,1
2023-12,칠레,1차 금속 제조업,4
2023-12,칠레,고무 및 플라스틱제품 제조업,3
2023-12,칠레,금속가공제품 제조업; 기계 및 가구 제외,3
2023-12,칠레,도매 및 상품 중개업,4
2023-12,칠레,소매업; 자동차 제외,2
2023-12,칠레,자동차 및 부품 판매업,3
2023-12,칠레,화학물질 및 화학제품 제조업; 의약품 제외,2
2023-12,카자흐스탄,고무 및 플라스틱제품 제조업,2
2023-12,카자흐스탄,도매 및 상품 중개업,4
2023-12,카자흐스탄,비금속 광물제품 제조업,5
2023-12,카자흐스탄,자동차 및 부품 판매업,4
2023-12,카자흐스탄,자동차 및 트레일러 제조업,5
2023-12,카타르,건축기술  엔지니어링 및 기타 과학기술 서비스업,2
2023-12,카타르,도매 및 상품 중개업,4
2023-12,카타르,화학물질 및 화학제품 제조업; 의약품 제외,2
2023-12,캄보디아,도매 및 상품 중개업,5
2023-12,캄보디아,소매업; 자동차 제외,4
2023-12,캄보디아,자동차 및 트레일러 제조업,3
2023-12,캐나다,1차 금속 제조업,2
2023-12,캐나다,고무 및 플라스틱제품 제조업,1
2023-12,캐나다,금속가공제품 제조업; 기계 및 가구 제외,3
2023-12,캐나다,기타 기계 및 장비 제조업,1
2023-12,캐나다,기타 운송장비 제조업,1
2023-12,캐나다,기타 제품 제조업,1
2023-12,캐나다,도매 및 상품 중개업,3
2023-12,캐나다,목재 및 나무제품 제조업; 가구 제외,1
2023-12,캐나다,섬유제품 제조업; 의복제외,1
2023-12,캐나다,소매업; 자동차 제외,4
2023-12,캐나다,우편 및 통신업,2
2023-12,캐나다,의복  의복 액세서리 및 모피제품 제조업,1
2023-12,캐나다,자동차 및 부품 판매업,3
2023-12,캐나다,자동차 및 트레일러 제조업,2
2023-12,캐나다,전기장비 제조업,1
2023-12,캐나다,전자부품  컴퓨터  영상  음향 및 통신장비 제조업,4
2023-12,캐나다,정보서비스업,2
2023-12,캐나다,출판업,1
2023-12,캐나다,펄프  종이 및 종이제품 제조업,2
2023-12,캐나다,화학물질 및 화학제품 제조업; 의약품 제외,1
2023-12,케냐,가구 제조업,3
2023-12,케냐,가죽  가방 및 신발 제조업,2
2023-12,케냐,도매 및 상품 중개업,4
2023-12,케냐,자동차 및 부품 판매업,2
2023-12,케냐,화학물질 및 화학제품 제조업; 의약품 제외,4
2023-12,케이만군도,금융 및 보험 관련 서비스업,2
2023-12,코스타리카,고무 및 플라스틱제품 제조업,1
2023-12,코스타리카,도매 및 상품 중개업,2
2023-12,코스타리카,자동차 및 부품 판매업,3
2023-12,코트디부아르,화학물질 및 화학제품 제조업; 의약품 제외,2
2023-12,콜롬비아,고무 및 플라스틱제품 제조업,3
2023-12,콜롬비아,금속가공제품 제조업; 기계 및 가구 제외,3
2023-12,콜롬비아,도매 및 상품 중개업,4
2023-12,콜롬비아,섬유제품 제조업; 의복제외,4
2023-12,콜롬비아,소매업; 자동차 제외,4
2023-12,콜롬비아,식료품 제조업,3
2023-12,콜롬비아,의복  의복 액세서리 및 모피제품 제조업,2
2023-12,콜롬비아,자동차 및 부품 판매업,4
2023-12,콜롬비아,자동차 및 트레일러 제조업,5
2023-12,콜롬비아,전기장비 제조업,2
2023-12,콜롬비아,종합 건설업,2
2023-12,콜롬비아,화학물질 및 화학제품 제조업; 의약품 제외,2
2023-12,쿠바,전기  가스  증기 및 공기조절 공급업,5
2023-12,크로아티아,개인 및 소비용품 수리업,1
2023-12,크로아티아,도매 및 상품 중개업,1
2023-12,탄자니아,가구 제조업,3
2023-12,탄자니아,도매 및 상품 중개업,3
2023-12,태국,1차 금속 제조업,4
2023-12,태국,가죽  가방 및 신발 제조업,2
2023-12,태국,고무 및 플라스틱제품 제조업,4
2023-12,태국,금속가공제품 제조업; 기계 및 가구 제외,4
2023-12,태국,기타 기계 및 장비 제조업,2
2023-12,태국,도매 및 상품 중개업,5
2023-12,태국,소매업; 자동차 제외,2
2023-12,태국,식료품 제조업,4
2023-12,태국,의료  정밀  광학기기 및 시계 제조업,3
2023-12,태국,인쇄 및 기록매체 복제업,2
2023-12,태국,자동차 및 부품 판매업,2
2023-12,태국,자동차 및 트레일러 제조업,2
2023-12,태국,전기장비 제조업,5
2023-12,태국,전문 서비스업,5
2023-12,태국,전자부품  컴퓨터  영상  음향 및 통신장비 제조업,5
2023-12,태국,창고 및 운송관련 서비스업,3
2023-12,태국,펄프  종이 및 종이제품 제조업,4
2023-12,태국,화학물질 및 화학제품 제조업; 의약품 제외,2
2023-12,튀니지,도매 및 상품 중개업,4
2023-12,튀르키예(구 터키),1차 금속 제조업,3
2023-12,튀르키예(구 터키),고무 및 플라스틱제품 제조업,5
2023-12,튀르키예(구 터키),금속가공제품 제조업; 기계 및 가구 제외,3
2023-12,튀르키예(구 터키),기타 운송장비 제조업,2
2023-12,튀르키예(구 터키),도매 및 상품 중개업,5
2023-12,튀르키예(구 터키),목재 및 나무제품 제조업; 가구 제외,3
2023-12,튀르키예(구 터키),비금속 광물제품 제조업,2
2023-12,튀르키예(구 터키),섬유제품 제조업; 의복제외,4
2023-12,튀르키예(구 터키),식료품 제조업,2
2023-12,튀르키예(구 터키),의료용 물질 및 의약품 제조업,2
2023-12,튀르키예(구 터키),의복  의복 액세서리 및 모피제품 제조업,3
2023-12,튀르키예(구 터키),자동차 및 부품 판매업,3
2023-12,튀르키예(구 터키),자동차 및 트레일러 제조업,3
2023-12,튀르키예(구 터키),전기장비 제조업,3
2023-12,튀르키예(구 터키),전자부품  컴퓨터  영상  음향 및 통신장비 제조업,3
2023-12,튀르키예(구 터키),펄프  종이 및 종이제품 제조업,3
2023-12,튀르키예(구 터키),화학물질 및 화학제품 제조업; 의약품 제외,4
2023-12,트리니다드토바고,도매 및 상품 중개업,2
2023-12,트리니다드토바고,자동차 및 부품 판매업,3
2023-12,파나마,금융 및 보험 관련 서비스업,2
2023-12,파나마,금융업,2
2023-12,파나마,도매 및 상품 중개업,4
2023-12,파나마,자동차 및 부품 판매업,4
2023-12,파나마,화학물질 및 화학제품 제조업; 의약품 제외,2
2023-12,파라과이,고무 및 플라스틱제품 제조업,4
2023-12,파라과이,도매 및 상품 중개업,3
2023-12,파라과이,소매업; 자동차 제외,2
2023-12,파라과이,자동차 및 부품 판매업,4
2023-12,파키스탄,도매 및 상품 중개업,5
2023-12,파키스탄,섬유제품 제조업; 의복제외,3
2023-12,파키스탄,식료품 제조업,3
2023-12,파키스탄,의복  의복 액세서리 및 모피제품 제조업,3
2023-12,파키스탄,전기장비 제조업,3
2023-12,파키스탄,펄프  종이 및 종이제품 제조업,3
2023-12,파키스탄,화학물질 및 화학제품 제조업; 의약품 제외,3
2023-12,페루,고무 및 플라스틱제품 제조업,4
2023-12,페루,금속가공제품 제조업; 기계 및 가구 제외,2
2023-12,페루,도매 및 상품 중개업,4
2023-12,페루,섬유제품 제조업; 의복제외,4
2023-12,페루,자동차 및 부품 판매업,4
2023-12,페루,자동차 및 트레일러 제조업,2
2023-12,페루,화학물질 및 화학제품 제조업; 의약품 제외,4
2023-12,포르투갈,고무 및 플라스틱제품 제조업,2
2023-12,포르투갈,기타 기계 및 장비 제조업,1
2023-12,포르투갈,도매 및 상품 중개업,4
2023-12,포르투갈,섬유제품 제조업; 의복제외,1
2023-12,포르투갈,자동차 및 부품 판매업,2
2023-12,폴란드,1차 금속 제조업,4
2023-12,폴란드,개인 및 소비용품 수리업,2
2023-12,폴란드,고무 및 플라스틱제품 제조업,4
2023-12,폴란드,금속가공제품 제조업; 기계 및 가구 제외,3
2023-12,폴란드,기타 기계 및 장비 제조업,3
2023-12,폴란드,도매 및 상품 중개업,4
2023-12,폴란드,산업용 기계 및 장비 수리업,2
2023-12,폴란드,섬유제품 제조업; 의복제외,4
2023-12,폴란드,소매업; 자동차 제외,2
2023-12,폴란드,식료품 제조업,4
2023-12,폴란드,육상운송 및 파이프라인 운송업,2
2023-12,폴란드,의료용 물질 및 의약품 제조업,2
2023-12,폴란드,자동차 및 부품 판매업,3
2023-12,폴란드,자동차 및 트레일러 제조업,2
2023-12,폴란드,전기장비 제조업,1
2023-12,폴란드,전자부품  컴퓨터  영상  음향 및 통신장비 제조업,4
2023-12,폴란드,펄프  종이 및 종이제품 제조업,3
2023-12,폴란드,화학물질 및 화학제품 제조업; 의약품 제외,2
2023-12,푸에르토리코,도매 및 상품 중개업,2
2023-12,프랑스,개인 및 소비용품 수리업,1
2023-12,프랑스,건축기술  엔지니어링 및 기타 과학기술 서비스업,2
2023-12,프랑스,고무 및 플라스틱제품 제조업,2
2023-12,프랑스,금속가공제품 제조업; 기계 및 가구 제외,1
2023-12,프랑스,금융업,4
2023-12,프랑스,기타 기계 및 장비 제조업,1
2023-12,프랑스,도매 및 상품 중개업,4
2023-12,프랑스,부동산업,1
2023-12,프랑스,비금속 광물제품 제조업,1
2023-12,프랑스,섬유제품 제조업; 의복제외,1
2023-12,프랑스,소매업; 자동차 제외,4
2023-12,프랑스,수상 운송업,1
2023-12,프랑스,식료품 제조업,1
2023-12,프랑스,의복  의복 액세서리 및 모피제품 제조업,3
2023-12,프랑스,임대업; 부동산 제외,5
2023-12,프랑스,자동차 및 부품 판매업,1
2023-12,프랑스,자동차 및 트레일러 제조업,3
2023-12,프랑스,전기장비 제조업,4
2023-12,프랑스,전문 서비스업,2
2023-12,프랑스,전문직별 공사업,2
2023-12,프랑스,전자부품  컴퓨터  영상  음향 및 통신장비 제조업,2
2023-12,프랑스,화학물질 및 화학제품 제조업; 의약품 제외,2
2023-12,핀란드,고무 및 플라스틱제품 제조업,2
2023-12,핀란드,도매 및 상품 중개업,1
2023-12,핀란드,자동차 및 부품 판매업,1
2023-12,핀란드,전기장비 제조업,1
2023-12,핀란드,전자부품  컴퓨터  영상  음향 및 통신장비 제조업,1
2023-12,핀란드,출판업,1
2023-12,필리핀,고무 및 플라스틱제품 제조업,2
2023-12,필리핀,기타 운송장비 제조업,3
2023-12,필리핀,도매 및 상품 중개업,4
2023-12,필리핀,식료품 제조업,4
2023-12,필리핀,자동차 및 부품 판매업,5
2023-12,필리핀,자동차 및 트레일러 제조업,2
2023-12,필리핀,전기장비 제조업,3
2023-12,필리핀,전자부품  컴퓨터  영상  음향 및 통신장비 제조업,3
2023-12,필리핀,종합 건설업,5
2023-12,필리핀,펄프  종이 및 종이제품 제조업,3
2023-12,필리핀,항공 운송업,2
2023-12,필리핀,화학물질 및 화학제품 제조업; 의약품 제외,4
2023-12,헝가리,개인 및 소비용품 수리업,3
2023-12,헝가리,고무 및 플라스틱제품 제조업,2
2023-12,헝가리,기타 기계 및 장비 제조업,2
2023-12,헝가리,도매 및 상품 중개업,4
2023-12,헝가리,식료품 제조업,2
2023-12,헝가리,연구개발업,2
2023-12,헝가리,자동차 및 부품 판매업,2
2023-12,헝가리,자동차 및 트레일러 제조업,2
2023-12,헝가리,전기장비 제조업,2
2023-12,헝가리,전자부품  컴퓨터  영상  음향 및 통신장비 제조업,1
2023-12,호주,1차 금속 제조업,3
2023-12,호주,고무 및 플라스틱제품 제조업,3
2023-12,호주,금속가공제품 제조업; 기계 및 가구 제외,3
2023-12,호주,기타 기계 및 장비 제조업,3
2023-12,호주,기타 제품 제조업,3
2023-12,호주,도매 및 상품 중개업,4
2023-12,호주,섬유제품 제조업; 의복제외,2
2023-12,호주,소매업; 자동차 제외,3
2023-12,호주,우편 및 통신업,2
2023-12,호주,의복  의복 액세서리 및 모피제품 제조업,2
2023-12,호주,인쇄 및 기록매체 복제업,5
2023-12,호주,자동차 및 부품 판매업,3
2023-12,호주,자동차 및 트레일러 제조업,1
2023-12,호주,전기장비 제조업,2
2023-12,호주,출판업,3
2023-12,호주,컴퓨터 프로그래밍  시스템 통합 및 관리업,1
2023-12,호주,펄프  종이 및 종이제품 제조업,2
2023-12,호주,화학물질 및 화학제품 제조업; 의약품 제외,3
2023-12,홍콩,가죽  가방 및 신발 제조업,2
2023-12,홍콩,금융업,3
2023-12,홍콩,기타 기계 및 장비 제조업,2
2023-12,홍콩,도매 및 상품 중개업,4
2023-12,홍콩,섬유제품 제조업; 의복제외,2
2023-12,홍콩,소매업; 자동차 제외,4
2023-12,홍콩,수상 운송업,2
2023-12,홍콩,의료  정밀  광학기기 및 시계 제조업,2
2023-12,홍콩,자동차 및 부품 판매업,2
2023-12,홍콩,전기장비 제조업,2
2023-12,홍콩,전자부품  컴퓨터  영상  음향 및 통신장비 제조업,2
2023-12,홍콩,출판업,2
2023-12,홍콩,항공 운송업,2
2023-11,가나,화학물질 및 화학제품 제조업; 의약품 제외,3
2023-11,가이아나,도매 및 상품 중개업,2
2023-11,과테말라,도매 및 상품 중개업,2
2023-11,과테말라,섬유제품 제조업; 의복제외,4
2023-11,과테말라,자동차 및 부품 판매업,4
2023-11,괌,도매 및 상품 중개업,2
2023-11,그리스,도매 및 상품 중개업,3
2023-11,그리스,자동차 및 부품 판매업,3
2023-11,그리스,창고 및 운송관련 서비스업,5
2023-11,그리스,펄프  종이 및 종이제품 제조업,2
2023-11,나이지리아,도매 및 상품 중개업,4
2023-11,남아프리카공화국,개인 및 소비용품 수리업,2
2023-11,남아프리카공화국,고무 및 플라스틱제품 제조업,4
2023-11,남아프리카공화국,기타 기계 및 장비 제조업,4
2023-11,남아프리카공화국,도매 및 상품 중개업,4
2023-11,남아프리카공화국,비금속 광물제품 제조업,3
2023-11,남아프리카공화국,섬유제품 제조업; 의복제외,4
2023-11,남아프리카공화국,식료품 제조업,3
2023-11,남아프리카공화국,인쇄 및 기록매체 복제업,4
2023-11,남아프리카공화국,자동차 및 부품 판매업,2
2023-11,남아프리카공화국,자동차 및 트레일러 제조업,2
2023-11,남아프리카공화국,전기  가스  증기 및 공기조절 공급업,2
2023-11,남아프리카공화국,전기장비 제조업,5
2023-11,남아프리카공화국,전문직별 공사업,4
2023-11,남아프리카공화국,전자부품  컴퓨터  영상  음향 및 통신장비 제조업,4
2023-11,남아프리카공화국,출판업,2
2023-11,남아프리카공화국,펄프  종이 및 종이제품 제조업,2
2023-11,남아프리카공화국,화학물질 및 화학제품 제조업; 의약품 제외,2
2023-11,네덜란드,1차 금속 제조업,2
2023-11,네덜란드,고무 및 플라스틱제품 제조업,1
2023-11,네덜란드,공공행정  국방 및 사회보장 행정,1
2023-11,네덜란드,금속가공제품 제조업; 기계 및 가구 제외,3
2023-11,네덜란드,금융업,3
2023-11,네덜란드,기타 기계 및 장비 제조업,4
2023-11,네덜란드,도매 및 상품 중개업,3
2023-11,네덜란드,섬유제품 제조업; 의복제외,1
2023-11,네덜란드,식료품 제조업,2
2023-11,네덜란드,육상운송 및 파이프라인 운송업,2
2023-11,네덜란드,임대업; 부동산 제외,1
2023-11,네덜란드,자동차 및 부품 판매업,3
2023-11,네덜란드,자동차 및 트레일러 제조업,4
2023-11,네덜란드,전기장비 제조업,1
2023-11,네덜란드,전문 서비스업,4
2023-11,네덜란드,전자부품  컴퓨터  영상  음향 및 통신장비 제조업,2
2023-11,네덜란드,컴퓨터 프로그래밍  시스템 통합 및 관리업,1
2023-11,네덜란드,화학물질 및 화학제품 제조업; 의약품 제외,3
2023-11,네팔,도매 및 상품 중개업,2
2023-11,노르웨이,도매 및 상품 중개업,3
2023-11,노르웨이,수상 운송업,1
2023-11,노르웨이,의복  의복 액세서리 및 모피제품 제조업,2
2023-11,노르웨이,자동차 및 부품 판매업,1
2023-11,뉴질랜드,1차 금속 제조업,1
2023-11,뉴질랜드,기타 기계 및 장비 제조업,3
2023-11,뉴질랜드,도매 및 상품 중개업,3
2023-11,뉴질랜드,소매업; 자동차 제외,4
2023-11,뉴질랜드,식료품 제조업,2
2023-11,뉴질랜드,자동차 및 부품 판매업,3
2023-11,뉴질랜드,펄프  종이 및 종이제품 제조업,5
2023-11,뉴질랜드,화학물질 및 화학제품 제조업; 의약품 제외,2
2023-11,뉴칼레도니아,도매 및 상품 중개업,2
2023-11,니카라과,자동차 및 부품 판매업,5
2023-11,대만,1차 금속 제조업,2
2023-11,대만,가죽  가방 및 신발 제조업,1
2023-11,대만,건축기술  엔지니어링 및 기타 과학기술 서비스업,2
2023-11,대만,고무 및 플라스틱제품 제조업,1
2023-11,대만,금속가공제품 제조업; 기계 및 가구 제외,1
2023-11,대만,금융업,5
2023-11,대만,기타 기계 및 장비 제조업,1
2023-11,대만,기타 운송장비 제조업,2
2023-11,대만,도매 및 상품 중개업,3
2023-11,대만,비금속 광물제품 제조업,2
2023-11,대만,섬유제품 제조업; 의복제외,2
2023-11,대만,소매업; 자동차 제외,2
2023-11,대만,식료품 제조업,1
2023-11,대만,의료  정밀  광학기기 및 시계 제조업,2
2023-11,대만,자동차 및 부품 판매업,2
2023-11,대만,전기장비 제조업,3
2023-11,대만,전자부품  컴퓨터  영상  음향 및 통신장비 제조업,3
2023-11,대만,출판업,2
2023-11,대만,컴퓨터 프로그래밍  시스템 통합 및 관리업,1
2023-11,대만,펄프  종이 및 종이제품 제조업,1
2023-11,대만,항공 운송업,5
2023-11,대만,화학물질 및 화학제품 제조업; 의약품 제외,3
2023-11,덴마크,국제 및 외국기관,5
2023-11,덴마크,기타 기계 및 장비 제조업,1
2023-11,덴마크,도매 및 상품 중개업,3
2023-11,덴마크,식료품 제조업,1
2023-11,덴마크,연구개발업,1
2023-11,덴마크,자동차 및 부품 판매업,2
2023-11,덴마크,전문 서비스업,1
2023-11,덴마크,화학물질 및 화학제품 제조업; 의약품 제외,1
2023-11,도미니카공화국,도매 및 상품 중개업,4
2023-11,도미니카공화국,자동차 및 부품 판매업,4
2023-11,독일,1차 금속 제조업,1
2023-11,독일,고무 및 플라스틱제품 제조업,3
2023-11,독일,금속가공제품 제조업; 기계 및 가구 제외,3
2023-11,독일,금융업,1
2023-11,독일,기타 기계 및 장비 제조업,3
2023-11,독일,기타 운송장비 제조업,1
2023-11,독일,기타 제품 제조업,2
2023-11,독일,도매 및 상품 중개업,3
2023-11,독일,비금속 광물제품 제조업,3
2023-11,독일,사업지원 서비스업,2
2023-11,독일,산업용 기계 및 장비 수리업,2
2023-11,독일,섬유제품 제조업; 의복제외,3
2023-11,독일,소매업; 자동차 제외,4
2023-11,독일,수상 운송업,1
2023-11,독일,식료품 제조업,2
2023-11,독일,의료  정밀  광학기기 및 시계 제조업,1
2023-11,독일,의료용 물질 및 의약품 제조업,1
2023-11,독일,의복  의복 액세서리 및 모피제품 제조업,2
2023-11,독일,자동차 및 부품 판매업,4
2023-11,독일,자동차 및 트레일러 제조업,3
2023-11,독일,전기  가스  증기 및 공기조절 공급업,1
2023-11,독일,전기장비 제조업,3
2023-11,독일,전문 서비스업,3
2023-11,독일,전자부품  컴퓨터  영상  음향 및 통신장비 제조업,3
2023-11,독일,컴퓨터 프로그래밍  시스템 통합 및 관리업,1
2023-11,독일,펄프  종이 및 종이제품 제조업,2
2023-11,독일,화학물질 및 화학제품 제조업; 의약품 제외,3
2023-11,라오스,도매 및 상품 중개업,5
2023-11,라트비아,도매 및 상품 중개업,1
2023-11,라트비아,자동차 및 부품 판매업,2
2023-11,러시아,고무 및 플라스틱제품 제조업,4
2023-11,러시아,금속가공제품 제조업; 기계 및 가구 제외,4
2023-11,러시아,담배 제조업,3
2023-11,러시아,도매 및 상품 중개업,4
2023-11,러시아,비금속 광물제품 제조업,2
2023-11,러시아,소매업; 자동차 제외,4
2023-11,러시아,식료품 제조업,2
2023-11,러시아,의료용 물질 및 의약품 제조업,2
2023-11,러시아,자동차 및 부품 판매업,4
2023-11,러시아,자동차 및 트레일러 제조업,4
2023-11,러시아,전기장비 제조업,5
2023-11,러시아,종합 건설업,3
2023-11,러시아,펄프  종이 및 종이제품 제조업,4
2023-11,러시아,화학물질 및 화학제품 제조업; 의약품 제외,3
2023-11,레바논,도매 및 상품 중개업,4
2023-11,레바논,자동차 및 부품 판매업,3
2023-11,레바논,컴퓨터 프로그래밍  시스템 통합 및 관리업,3
2023-11,루마니아,고무 및 플라스틱제품 제조업,3
2023-11,루마니아,기타 기계 및 장비 제조업,2
2023-11,루마니아,도매 및 상품 중개업,3
2023-11,루마니아,자동차 및 부품 판매업,2
2023-11,루마니아,자동차 및 트레일러 제조업,4
2023-11,루마니아,전기장비 제조업,2
2023-11,루마니아,전자부품  컴퓨터  영상  음향 및 통신장비 제조업,4
2023-11,룩셈부르크,고무 및 플라스틱제품 제조업,1
2023-11,룩셈부르크,금융업,4
2023-11,룩셈부르크,전기  가스  증기 및 공기조절 공급업,1
2023-11,리투아니아,도매 및 상품 중개업,3
2023-11,리투아니아,사업지원 서비스업,1
2023-11,리투아니아,자동차 및 부품 판매업,1
2023-11,리투아니아,화학물질 및 화학제품 제조업; 의약품 제외,2
2023-11,리히텐슈타인,금속가공제품 제조업; 기계 및 가구 제외,1
2023-11,리히텐슈타인,기타 기계 및 장비 제조업,2
2023-11,마카오,도매 및 상품 중개업,3
2023-11,마카오,사업지원 서비스업,1
2023-11,마카오,소매업; 자동차 제외,2
2023-11,말레이시아,1차 금속 제조업,3
2023-11,말레이시아,개인 및 소비용품 수리업,2
2023-11,말레이시아,고무 및 플라스틱제품 제조업,4
2023-11,말레이시아,금속가공제품 제조업; 기계 및 가구 제외,3
2023-11,말레이시아,금융업,5
2023-11,말레이시아,기타 기계 및 장비 제조업,4
2023-11,말레이시아,기타 운송장비 제조업,2
2023-11,말레이시아,도매 및 상품 중개업,4
2023-11,말레이시아,사업지원 서비스업,4
2023-11,말레이시아,식료품 제조업,2
2023-11,말레이시아,의복  의복 액세서리 및 모피제품 제조업,2
2023-11,말레이시아,인쇄 및 기록매체 복제업,2
2023-11,말레이시아,자동차 및 부품 판매업,2
2023-11,말레이시아,자동차 및 트레일러 제조업,2
2023-11,말레이시아,전기장비 제조업,4
2023-11,말레이시아,전자부품  컴퓨터  영상  음향 및 통신장비 제조업,2
2023-11,말레이시아,창고 및 운송관련 서비스업,2
2023-11,말레이시아,펄프  종이 및 종이제품 제조업,2
2023-11,말레이시아,화학물질 및 화학제품 제조업; 의약품 제외,3
2023-11,멕시코,1차 금속 제조업,4
2023-11,멕시코,고무 및 플라스틱제품 제조업,4
2023-11,멕시코,금속가공제품 제조업; 기계 및 가구 제외,5
2023-11,멕시코,기타 기계 및 장비 제조업,4
2023-11,멕시코,도매 및 상품 중개업,4
2023-11,멕시코,섬유제품 제조업; 의복제외,4
2023-11,멕시코,소매업; 자동차 제외,2
2023-11,멕시코,자동차 및 부품 판매업,4
2023-11,멕시코,자동차 및 트레일러 제조업,4
2023-11,멕시코,전기장비 제조업,4
2023-11,멕시코,전문 서비스업,5
2023-11,멕시코,전자부품  컴퓨터  영상  음향 및 통신장비 제조업,2
2023-11,멕시코,종합 건설업,2
2023-11,멕시코,컴퓨터 프로그래밍  시스템 통합 및 관리업,2
2023-11,멕시코,펄프  종이 및 종이제품 제조업,4
2023-11,멕시코,화학물질 및 화학제품 제조업; 의약품 제외,4
2023-11,모로코,가구 제조업,3
2023-11,모로코,도매 및 상품 중개업,2
2023-11,모로코,자동차 및 부품 판매업,4
2023-11,모리셔스,도매 및 상품 중개업,4
2023-11,몰타,도매 및 상품 중개업,1
2023-11,몰타,자동차 및 부품 판매업,2
2023-11,몽골,도매 및 상품 중개업,4
2023-11,미국,1차 금속 제조업,2
2023-11,미국,가구 제조업,2
2023-11,미국,가죽  가방 및 신발 제조업,4
2023-11,미국,건축기술  엔지니어링 및 기타 과학기술 서비스업,2
2023-11,미국,고무 및 플라스틱제품 제조업,3
2023-11,미국,공공행정  국방 및 사회보장 행정,2
2023-11,미국,금속가공제품 제조업; 기계 및 가구 제외,4
2023-11,미국,금융업,3
2023-11,미국,기타 기계 및 장비 제조업,3
2023-11,미국,기타 운송장비 제조업,4
2023-11,미국,기타 제품 제조업,4
2023-11,미국,도매 및 상품 중개업,3
2023-11,미국,목재 및 나무제품 제조업; 가구 제외,2
2023-11,미국,비금속 광물제품 제조업,3
2023-11,미국,사업지원 서비스업,3
2023-11,미국,산업용 기계 및 장비 수리업,2
2023-11,미국,섬유제품 제조업; 의복제외,3
2023-11,미국,소매업; 자동차 제외,4
2023-11,미국,식료품 제조업,2
2023-11,미국,영상ㆍ오디오 기록물 제작 및 배급업,2
2023-11,미국,우편 및 통신업,3
2023-11,미국,육상운송 및 파이프라인 운송업,1
2023-11,미국,음료 제조업,4
2023-11,미국,음식점 및 주점업,2
2023-11,미국,의료  정밀  광학기기 및 시계 제조업,3
2023-11,미국,의료용 물질 및 의약품 제조업,3
2023-11,미국,의복  의복 액세서리 및 모피제품 제조업,3
2023-11,미국,인쇄 및 기록매체 복제업,2
2023-11,미국,자동차 및 부품 판매업,3
2023-11,미국,자동차 및 트레일러 제조업,4
2023-11,미국,전기  가스  증기 및 공기조절 공급업,4
2023-11,미국,전기장비 제조업,3
2023-11,미국,전문 서비스업,4
2023-11,미국,전문직별 공사업,3
2023-11,미국,전자부품  컴퓨터  영상  음향 및 통신장비 제조업,3
2023-11,미국,정보서비스업,1
2023-11,미국,창고 및 운송관련 서비스업,1
2023-11,미국,출판업,4
2023-11,미국,펄프  종이 및 종이제품 제조업,3
2023-11,미국,항공 운송업,2
2023-11,미국,화학물질 및 화학제품 제조업; 의약품 제외,3
2023-11,미얀마,공공행정  국방 및 사회보장 행정,3
2023-11,미얀마,금속가공제품 제조업; 기계 및 가구 제외,3
2023-11,미얀마,도매 및 상품 중개업,4
2023-11,바레인,종합 건설업,5
2023-11,바베이도스,금융 및 보험 관련 서비스업,2
2023-11,바하마,도매 및 상품 중개업,2
2023-11,방글라데시,도매 및 상품 중개업,4
2023-11,방글라데시,의복  의복 액세서리 및 모피제품 제조업,2
2023-11,베트남,1차 금속 제조업,4
2023-11,베트남,가구 제조업,2
2023-11,베트남,가죽  가방 및 신발 제조업,4
2023-11,베트남,고무 및 플라스틱제품 제조업,4
2023-11,베트남,금속가공제품 제조업; 기계 및 가구 제외,4
2023-11,베트남,기타 기계 및 장비 제조업,5
2023-11,베트남,기타 운송장비 제조업,2
2023-11,베트남,도매 및 상품 중개업,5
2023-11,베트남,목재 및 나무제품 제조업; 가구 제외,2
2023-11,베트남,비금속 광물제품 제조업,3
2023-11,베트남,섬유제품 제조업; 의복제외,5
2023-11,베트남,식료품 제조업,4
2023-11,베트남,음료 제조업,2
2023-11,베트남,의료  정밀  광학기기 및 시계 제조업,2
2023-11,베트남,의복  의복 액세서리 및 모피제품 제조업,4
2023-11,베트남,자동차 및 부품 판매업,4
2023-11,베트남,자동차 및 트레일러 제조업,5
2023-11,베트남,전기장비 제조업,4
2023-11,베트남,전문직별 공사업,3
2023-11,베트남,전자부품  컴퓨터  영상  음향 및 통신장비 제조업,4
2023-11,베트남,창고 및 운송관련 서비스업,2
2023-11,베트남,코크스  연탄 및 석유정제품 제조업,2
2023-11,베트남,펄프  종이 및 종이제품 제조업,4
2023-11,베트남,화학물질 및 화학제품 제조업; 의약품 제외,4
2023-11,벨기에,고무 및 플라스틱제품 제조업,3
2023-11,벨기에,금속가공제품 제조업; 기계 및 가구 제외,3
2023-11,벨기에,기타 기계 및 장비 제조업,3
2023-11,벨기에,도매 및 상품 중개업,3
2023-11,벨기에,섬유제품 제조업; 의복제외,3
2023-11,벨기에,의복  의복 액세서리 및 모피제품 제조업,1
2023-11,벨기에,자동차 및 트레일러 제조업,2
2023-11,벨기에,전기장비 제조업,1
2023-11,벨기에,화학물질 및 화학제품 제조업; 의약품 제외,1
2023-11,벨라루스,자동차 및 부품 판매업,2
2023-11,벨라루스,종합 건설업,3
2023-11,보스니아-헤르체코비나,자동차 및 부품 판매업,2
2023-11,볼리비아,도매 및 상품 중개업,3
2023-11,볼리비아,자동차 및 부품 판매업,4
2023-11,불가리아,고무 및 플라스틱제품 제조업,2
2023-11,불가리아,기타 제품 제조업,2
2023-11,불가리아,도매 및 상품 중개업,3
2023-11,불가리아,자동차 및 부품 판매업,3
2023-11,불가리아,펄프  종이 및 종이제품 제조업,2
2023-11,브라질,1차 금속 제조업,4
2023-11,브라질,가죽  가방 및 신발 제조업,2
2023-11,브라질,고무 및 플라스틱제품 제조업,4
2023-11,브라질,금속가공제품 제조업; 기계 및 가구 제외,4
2023-11,브라질,기타 기계 및 장비 제조업,2
2023-11,브라질,도매 및 상품 중개업,4
2023-11,브라질,섬유제품 제조업; 의복제외,4
2023-11,브라질,소매업; 자동차 제외,5
2023-11,브라질,식료품 제조업,2
2023-11,브라질,의료  정밀  광학기기 및 시계 제조업,2
2023-11,브라질,의료용 물질 및 의약품 제조업,2
2023-11,브라질,의복  의복 액세서리 및 모피제품 제조업,5
2023-11,브라질,자동차 및 부품 판매업,4
2023-11,브라질,자동차 및 트레일러 제조업,4
2023-11,브라질,전기장비 제조업,2
2023-11,브라질,전자부품  컴퓨터  영상  음향 및 통신장비 제조업,2
2023-11,브라질,컴퓨터 프로그래밍  시스템 통합 및 관리업,2
2023-11,브라질,펄프  종이 및 종이제품 제조업,4
2023-11,브라질,화학물질 및 화학제품 제조업; 의약품 제외,4
2023-11,사우디아라비아,가구 제조업,4
2023-11,사우디아라비아,고무 및 플라스틱제품 제조업,4
2023-11,사우디아라비아,금속가공제품 제조업; 기계 및 가구 제외,4
2023-11,사우디아라비아,기타 기계 및 장비 제조업,4
2023-11,사우디아라비아,도매 및 상품 중개업,4
2023-11,사우디아라비아,사업시설 관리 및 조경 서비스업,2
2023-11,사우디아라비아,사업지원 서비스업,5
2023-11,사우디아라비아,수상 운송업,2
2023-11,사우디아라비아,자동차 및 부품 판매업,2
2023-11,사우디아라비아,전기장비 제조업,2
2023-11,사우디아라비아,화학물질 및 화학제품 제조업; 의약품 제외,4
2023-11,사이프러스,도매 및 상품 중개업,1
2023-11,세르비아,도매 및 상품 중개업,3
2023-11,세르비아,자동차 및 부품 판매업,4
2023-11,세르비아,화학물질 및 화학제품 제조업; 의약품 제외,2
2023-11,세이셸,자동차 및 트레일러 제조업,2
2023-11,수리남,도매 및 상품 중개업,3
2023-11,스리랑카,고무 및 플라스틱제품 제조업,2
2023-11,스리랑카,도매 및 상품 중개업,4
2023-11,스리랑카,섬유제품 제조업; 의복제외,2
2023-11,스리랑카,의복  의복 액세서리 및 모피제품 제조업,2
2023-11,스리랑카,자동차 및 트레일러 제조업,2
2023-11,스웨덴,금속가공제품 제조업; 기계 및 가구 제외,3
2023-11,스웨덴,기타 기계 및 장비 제조업,1
2023-11,스웨덴,도매 및 상품 중개업,3
2023-11,스웨덴,연구개발업,1
2023-11,스웨덴,자동차 및 부품 판매업,1
2023-11,스웨덴,자동차 및 트레일러 제조업,1
2023-11,스웨덴,전기장비 제조업,1
2023-11,스웨덴,전문 서비스업,1
2023-11,스웨덴,컴퓨터 프로그래밍  시스템 통합 및 관리업,2
2023-11,스웨덴,펄프  종이 및 종이제품 제조업,1
2023-11,스위스,고무 및 플라스틱제품 제조업,2
2023-11,스위스,기타 기계 및 장비 제조업,1
2023-11,스위스,기타 운송장비 제조업,2
2023-11,스위스,기타 제품 제조업,2
2023-11,스위스,담배 제조업,2
2023-11,스위스,도매 및 상품 중개업,3
2023-11,스위스,사업지원 서비스업,5
2023-11,스위스,의료  정밀  광학기기 및 시계 제조업,1
2023-11,스위스,의복  의복 액세서리 및 모피제품 제조업,1
2023-11,스위스,임대업; 부동산 제외,2
2023-11,스위스,자동차 및 부품 판매업,2
2023-11,스위스,전자부품  컴퓨터  영상  음향 및 통신장비 제조업,1
2023-11,스페인,1차 금속 제조업,2
2023-11,스페인,개인 및 소비용품 수리업,3
2023-11,스페인,건축기술  엔지니어링 및 기타 과학기술 서비스업,1
2023-11,스페인,고무 및 플라스틱제품 제조업,3
2023-11,스페인,금속가공제품 제조업; 기계 및 가구 제외,1
2023-11,스페인,기타 기계 및 장비 제조업,2
2023-11,스페인,기타 제품 제조업,2
2023-11,스페인,도매 및 상품 중개업,3
2023-11,스페인,섬유제품 제조업; 의복제외,3
2023-11,스페인,소매업; 자동차 제외,4
2023-11,스페인,의료  정밀  광학기기 및 시계 제조업,2
2023-11,스페인,자동차 및 부품 판매업,3
2023-11,스페인,자동차 및 트레일러 제조업,2
2023-11,스페인,전기  가스  증기 및 공기조절 공급업,2
2023-11,스페인,전기장비 제조업,2
2023-11,스페인,전자부품  컴퓨터  영상  음향 및 통신장비 제조업,4
2023-11,스페인,컴퓨터 프로그래밍  시스템 통합 및 관리업,2
2023-11,스페인,펄프  종이 및 종이제품 제조업,1
2023-11,스페인,화학물질 및 화학제품 제조업; 의약품 제외,3
2023-11,슬로바키아,고무 및 플라스틱제품 제조업,3
2023-11,슬로바키아,기타 기계 및 장비 제조업,1
2023-11,슬로바키아,도매 및 상품 중개업,1
2023-11,슬로바키아,비금속 광물제품 제조업,1
2023-11,슬로바키아,소매업; 자동차 제외,2
2023-11,슬로바키아,의료  정밀  광학기기 및 시계 제조업,1
2023-11,슬로바키아,자동차 및 트레일러 제조업,2
2023-11,슬로베니아,도매 및 상품 중개업,2
2023-11,슬로베니아,자동차 및 부품 판매업,2
2023-11,슬로베니아,전기장비 제조업,4
2023-11,싱가포르,1차 금속 제조업,1
2023-11,싱가포르,고무 및 플라스틱제품 제조업,1
2023-11,싱가포르,금속가공제품 제조업; 기계 및 가구 제외,2
2023-11,싱가포르,금융업,1
2023-11,싱가포르,기타 기계 및 장비 제조업,2
2023-11,싱가포르,기타 운송장비 제조업,3
2023-11,싱가포르,도매 및 상품 중개업,3
2023-11,싱가포르,소매업; 자동차 제외,1
2023-11,싱가포르,식료품 제조업,4
2023-11,싱가포르,연구개발업,2
2023-11,싱가포르,음료 제조업,1
2023-11,싱가포르,인쇄 및 기록매체 복제업,2
2023-11,싱가포르,자동차 및 부품 판매업,2
2023-11,싱가포르,전기장비 제조업,2
2023-11,싱가포르,전자부품  컴퓨터  영상  음향 및 통신장비 제조업,4
2023-11,싱가포르,종합 건설업,2
2023-11,싱가포르,창고 및 운송관련 서비스업,3
2023-11,싱가포르,출판업,1
2023-11,싱가포르,코크스  연탄 및 석유정제품 제조업,3
2023-11,싱가포르,펄프  종이 및 종이제품 제조업,2
2023-11,싱가포르,폐기물 수집  운반  처리 및 원료 재생업,5
2023-11,싱가포르,화학물질 및 화학제품 제조업; 의약품 제외,3
2023-11,아랍에미리트 연합,고무 및 플라스틱제품 제조업,4
2023-11,아랍에미리트 연합,금속가공제품 제조업; 기계 및 가구 제외,4
2023-11,아랍에미리트 연합,도매 및 상품 중개업,4
2023-11,아랍에미리트 연합,소매업; 자동차 제외,4
2023-11,아랍에미리트 연합,자동차 및 부품 판매업,4
2023-11,아랍에미리트 연합,전기장비 제조업,2
2023-11,아랍에미리트 연합,종합 건설업,5
2023-11,아랍에미리트 연합,컴퓨터 프로그래밍  시스템 통합 및 관리업,2
2023-11,아랍에미리트 연합,펄프  종이 및 종이제품 제조업,2
2023-11,아랍에미리트 연합,화학물질 및 화학제품 제조업; 의약품 제외,4
2023-11,아르헨티나,고무 및 플라스틱제품 제조업,4
2023-11,아르헨티나,기타 기계 및 장비 제조업,4
2023-11,아르헨티나,도매 및 상품 중개업,4
2023-11,아르헨티나,섬유제품 제조업; 의복제외,4
2023-11,아르헨티나,소매업; 자동차 제외,4
2023-11,아르헨티나,자동차 및 부품 판매업,2
2023-11,아르헨티나,전기장비 제조업,4
2023-11,아르헨티나,전자부품  컴퓨터  영상  음향 및 통신장비 제조업,2
2023-11,아르헨티나,펄프  종이 및 종이제품 제조업,3
2023-11,아르헨티나,화학물질 및 화학제품 제조업; 의약품 제외,3
2023-11,아이슬란드,고무 및 플라스틱제품 제조업,1
2023-11,아이티,자동차 및 부품 판매업,3
2023-11,아일랜드,고무 및 플라스틱제품 제조업,2
2023-11,아일랜드,도매 및 상품 중개업,3
2023-11,아일랜드,자동차 및 부품 판매업,1
2023-11,아일랜드,전자부품  컴퓨터  영상  음향 및 통신장비 제조업,1
2023-11,아일랜드,컴퓨터 프로그래밍  시스템 통합 및 관리업,2
2023-11,아일랜드,코크스  연탄 및 석유정제품 제조업,1
2023-11,아일랜드,펄프  종이 및 종이제품 제조업,1
2023-11,아제르바이잔,자동차 및 부품 판매업,4
2023-11,알제리,도매 및 상품 중개업,2
2023-11,알제리,비금속 광물제품 제조업,2
2023-11,알제리,자동차 및 부품 판매업,2
2023-11,알제리,전기장비 제조업,5
2023-11,알제리,전자부품  컴퓨터  영상  음향 및 통신장비 제조업,3
2023-11,알제리,화학물질 및 화학제품 제조업; 의약품 제외,3
2023-11,에콰도르,고무 및 플라스틱제품 제조업,4
2023-11,에콰도르,금속가공제품 제조업; 기계 및 가구 제외,2
2023-11,에콰도르,도매 및 상품 중개업,4
2023-11,에콰도르,섬유제품 제조업; 의복제외,4
2023-11,에콰도르,식료품 제조업,2
2023-11,에콰도르,자동차 및 부품 판매업,4
2023-11,에콰도르,자동차 및 트레일러 제조업,2
2023-11,에콰도르,전기장비 제조업,3
2023-11,에콰도르,화학물질 및 화학제품 제조업; 의약품 제외,3
2023-11,에티오피아,도매 및 상품 중개업,3
2023-11,엘살바도르,금속가공제품 제조업; 기계 및 가구 제외,4
2023-11,엘살바도르,섬유제품 제조업; 의복제외,2
2023-11,엘살바도르,자동차 및 부품 판매업,4
2023-11,영국,1차 금속 제조업,3
2023-11,영국,개인 및 소비용품 수리업,1
2023-11,영국,고무 및 플라스틱제품 제조업,3
2023-11,영국,금속가공제품 제조업; 기계 및 가구 제외,3
2023-11,영국,금융업,2
2023-11,영국,기타 개인 서비스업,1
2023-11,영국,기타 기계 및 장비 제조업,3
2023-11,영국,기타 운송장비 제조업,2
2023-11,영국,기타 전문  과학 및 기술 서비스업,2
2023-11,영국,기타 제품 제조업,3
2023-11,영국,도매 및 상품 중개업,3
2023-11,영국,사업지원 서비스업,3
2023-11,영국,섬유제품 제조업; 의복제외,3
2023-11,영국,소매업; 자동차 제외,3
2023-11,영국,우편 및 통신업,4
2023-11,영국,의료  정밀  광학기기 및 시계 제조업,2
2023-11,영국,의복  의복 액세서리 및 모피제품 제조업,3
2023-11,영국,자동차 및 부품 판매업,4
2023-11,영국,자동차 및 트레일러 제조업,2
2023-11,영국,전기장비 제조업,2
2023-11,영국,전문 서비스업,2
2023-11,영국,전문직별 공사업,2
2023-11,영국,전자부품  컴퓨터  영상  음향 및 통신장비 제조업,4
2023-11,영국,창고 및 운송관련 서비스업,1
2023-11,영국,출판업,1
2023-11,영국,컴퓨터 프로그래밍  시스템 통합 및 관리업,2
2023-11,영국,펄프  종이 및 종이제품 제조업,2
2023-11,영국,화학물질 및 화학제품 제조업; 의약품 제외,3
2023-11,오만,도매 및 상품 중개업,4
2023-11,오만,자동차 및 부품 판매업,2
2023-11,오스트리아,고무 및 플라스틱제품 제조업,1
2023-11,오스트리아,금융업,1
2023-11,오스트리아,도매 및 상품 중개업,3
2023-11,오스트리아,자동차 및 부품 판매업,3
2023-11,오스트리아,전기장비 제조업,2
2023-11,오스트리아,전자부품  컴퓨터  영상  음향 및 통신장비 제조업,3
2023-11,온두라스,섬유제품 제조업; 의복제외,3
2023-11,온두라스,자동차 및 부품 판매업,4
2023-11,온두라스,종합 건설업,5
2023-11,요르단,도매 및 상품 중개업,4
2023-11,요르단,자동차 및 부품 판매업,2
2023-11,우루과이,도매 및 상품 중개업,3
2023-11,우즈베키스탄,고무 및 플라스틱제품 제조업,2
2023-11,우즈베키스탄,자동차 및 트레일러 제조업,2
2023-11,우즈베키스탄,전기장비 제조업,4
2023-11,우크라이나,고무 및 플라스틱제품 제조업,4
2023-11,우크라이나,도매 및 상품 중개업,4
2023-11,우크라이나,자동차 및 부품 판매업,4
2023-11,우크라이나,자동차 및 트레일러 제조업,5
2023-11,이라크,자동차 및 부품 판매업,3
2023-11,이란,기타 기계 및 장비 제조업,4
2023-11,이란,도매 및 상품 중개업,4
2023-11,이란,소매업; 자동차 제외,5
2023-11,이란,자동차 및 부품 판매업,5
2023-11,이란,자동차 및 트레일러 제조업,5
2023-11,이란,전기장비 제조업,5
2023-11,이란,화학물질 및 화학제품 제조업; 의약품 제외,5
2023-11,이스라엘,고무 및 플라스틱제품 제조업,4
2023-11,이스라엘,금융업,2
2023-11,이스라엘,기타 기계 및 장비 제조업,3
2023-11,이스라엘,도매 및 상품 중개업,3
2023-11,이스라엘,섬유제품 제조업; 의복제외,2
2023-11,이스라엘,의료  정밀  광학기기 및 시계 제조업,2
2023-11,이스라엘,의복  의복 액세서리 및 모피제품 제조업,2
2023-11,이스라엘,자동차 및 부품 판매업,2
2023-11,이스라엘,전기장비 제조업,3
2023-11,이스라엘,전자부품  컴퓨터  영상  음향 및 통신장비 제조업,2
2023-11,이스라엘,펄프  종이 및 종이제품 제조업,2
2023-11,이스라엘,화학물질 및 화학제품 제조업; 의약품 제외,3
2023-11,이집트,1차 금속 제조업,4
2023-11,이집트,고무 및 플라스틱제품 제조업,3
2023-11,이집트,기타 기계 및 장비 제조업,2
2023-11,이집트,도매 및 상품 중개업,4
2023-11,이집트,섬유제품 제조업; 의복제외,5
2023-11,이집트,식료품 제조업,4
2023-11,이집트,의료  정밀  광학기기 및 시계 제조업,2
2023-11,이집트,자동차 및 부품 판매업,4
2023-11,이집트,자동차 및 트레일러 제조업,2
2023-11,이집트,전기장비 제조업,4
2023-11,이집트,화학물질 및 화학제품 제조업; 의약품 제외,4
2023-11,이탈리아,1차 금속 제조업,3
2023-11,이탈리아,가구 제조업,1
2023-11,이탈리아,가죽  가방 및 신발 제조업,1
2023-11,이탈리아,개인 및 소비용품 수리업,3
2023-11,이탈리아,고무 및 플라스틱제품 제조업,3
2023-11,이탈리아,금속가공제품 제조업; 기계 및 가구 제외,3
2023-11,이탈리아,금융업,3
2023-11,이탈리아,기타 기계 및 장비 제조업,3
2023-11,이탈리아,기타 제품 제조업,1
2023-11,이탈리아,도매 및 상품 중개업,3
2023-11,이탈리아,비금속 광물제품 제조업,2
2023-11,이탈리아,섬유제품 제조업; 의복제외,3
2023-11,이탈리아,식료품 제조업,3
2023-11,이탈리아,의료  정밀  광학기기 및 시계 제조업,3
2023-11,이탈리아,의료용 물질 및 의약품 제조업,1
2023-11,이탈리아,의복  의복 액세서리 및 모피제품 제조업,3
2023-11,이탈리아,자동차 및 부품 판매업,3
2023-11,이탈리아,자동차 및 트레일러 제조업,1
2023-11,이탈리아,전기장비 제조업,3
2023-11,이탈리아,전문 서비스업,1
2023-11,이탈리아,전문직별 공사업,1
2023-11,이탈리아,전자부품  컴퓨터  영상  음향 및 통신장비 제조업,1
2023-11,이탈리아,펄프  종이 및 종이제품 제조업,1
2023-11,이탈리아,화학물질 및 화학제품 제조업; 의약품 제외,3
2023-11,인도,1차 금속 제조업,5
2023-11,인도,가죽  가방 및 신발 제조업,4
2023-11,인도,개인 및 소비용품 수리업,3
2023-11,인도,건축기술  엔지니어링 및 기타 과학기술 서비스업,4
2023-11,인도,고무 및 플라스틱제품 제조업,4
2023-11,인도,금속가공제품 제조업; 기계 및 가구 제외,4
2023-11,인도,기타 기계 및 장비 제조업,5
2023-11,인도,도매 및 상품 중개업,4
2023-11,인도,비금속 광물제품 제조업,4
2023-11,인도,섬유제품 제조업; 의복제외,4
2023-11,인도,식료품 제조업,4
2023-11,인도,우편 및 통신업,3
2023-11,인도,의료  정밀  광학기기 및 시계 제조업,3
2023-11,인도,의료용 물질 및 의약품 제조업,4
2023-11,인도,의복  의복 액세서리 및 모피제품 제조업,2
2023-11,인도,자동차 및 부품 판매업,3
2023-11,인도,자동차 및 트레일러 제조업,5
2023-11,인도,전기장비 제조업,4
2023-11,인도,전자부품  컴퓨터  영상  음향 및 통신장비 제조업,4
2023-11,인도,출판업,2
2023-11,인도,컴퓨터 프로그래밍  시스템 통합 및 관리업,3
2023-11,인도,코크스  연탄 및 석유정제품 제조업,2
2023-11,인도,펄프  종이 및 종이제품 제조업,3
2023-11,인도,화학물질 및 화학제품 제조업; 의약품 제외,5
2023-11,인도네시아,1차 금속 제조업,4
2023-11,인도네시아,가죽  가방 및 신발 제조업,2
2023-11,인도네시아,고무 및 플라스틱제품 제조업,4
2023-11,인도네시아,금속가공제품 제조업; 기계 및 가구 제외,4
2023-11,인도네시아,담배 제조업,2
2023-11,인도네시아,도매 및 상품 중개업,4
2023-11,인도네시아,섬유제품 제조업; 의복제외,4
2023-11,인도네시아,식료품 제조업,2
2023-11,인도네시아,의복  의복 액세서리 및 모피제품 제조업,2
2023-11,인도네시아,자동차 및 부품 판매업,4
2023-11,인도네시아,자동차 및 트레일러 제조업,4
2023-11,인도네시아,전기장비 제조업,4
2023-11,인도네시아,전자부품  컴퓨터  영상  음향 및 통신장비 제조업,4
2023-11,인도네시아,창고 및 운송관련 서비스업,2
2023-11,인도네시아,펄프  종이 및 종이제품 제조업,2
2023-11,인도네시아,화학물질 및 화학제품 제조업; 의약품 제외,4
2023-11,일본,1차 금속 제조업,3
2023-11,일본,고무 및 플라스틱제품 제조업,3
2023-11,일본,금속가공제품 제조업; 기계 및 가구 제외,3
2023-11,일본,금융업,3
2023-11,일본,기타 기계 및 장비 제조업,3
2023-11,일본,기타 운송장비 제조업,1
2023-11,일본,기타 제품 제조업,3
2023-11,일본,도매 및 상품 중개업,3
2023-11,일본,비금속 광물제품 제조업,1
2023-11,일본,사업지원 서비스업,2
2023-11,일본,섬유제품 제조업; 의복제외,1
2023-11,일본,소매업; 자동차 제외,3
2023-11,일본,식료품 제조업,3
2023-11,일본,우편 및 통신업,1
2023-11,일본,음료 제조업,1
2023-11,일본,의료  정밀  광학기기 및 시계 제조업,3
2023-11,일본,의료용 물질 및 의약품 제조업,1
2023-11,일본,의복  의복 액세서리 및 모피제품 제조업,1
2023-11,일본,임대업; 부동산 제외,3
2023-11,일본,자동차 및 부품 판매업,2
2023-11,일본,자동차 및 트레일러 제조업,3
2023-11,일본,전기장비 제조업,3
2023-11,일본,전문직별 공사업,1
2023-11,일본,전자부품  컴퓨터  영상  음향 및 통신장비 제조업,4
2023-11,일본,정보서비스업,2
2023-11,일본,종합 건설업,2
2023-11,일본,창고 및 운송관련 서비스업,1
2023-11,일본,출판업,1
2023-11,일본,코크스  연탄 및 석유정제품 제조업,1
2023-11,일본,펄프  종이 및 종이제품 제조업,2
2023-11,일본,화학물질 및 화학제품 제조업; 의약품 제외,3
2023-11,자메이카,자동차 및 부품 판매업,4
2023-11,조지아,자동차 및 부품 판매업,3
2023-11,중국,1차 금속 제조업,4
2023-11,중국,가구 제조업,3
2023-11,중국,가죽  가방 및 신발 제조업,4
2023-11,중국,고무 및 플라스틱제품 제조업,4
2023-11,중국,금속가공제품 제조업; 기계 및 가구 제외,4
2023-11,중국,기타 기계 및 장비 제조업,4
2023-11,중국,기타 운송장비 제조업,4
2023-11,중국,기타 제품 제조업,4
2023-11,중국,도매 및 상품 중개업,4
2023-11,중국,비금속 광물제품 제조업,2
2023-11,중국,섬유제품 제조업; 의복제외,4
2023-11,중국,소매업; 자동차 제외,4
2023-11,중국,식료품 제조업,4
2023-11,중국,음료 제조업,3
2023-11,중국,의료  정밀  광학기기 및 시계 제조업,4
2023-11,중국,의료용 물질 및 의약품 제조업,2
2023-11,중국,의복  의복 액세서리 및 모피제품 제조업,2
2023-11,중국,자동차 및 부품 판매업,3
2023-11,중국,자동차 및 트레일러 제조업,4
2023-11,중국,전기장비 제조업,4
2023-11,중국,전문 서비스업,3
2023-11,중국,전문직별 공사업,2
2023-11,중국,전자부품  컴퓨터  영상  음향 및 통신장비 제조업,5
2023-11,중국,창고 및 운송관련 서비스업,4
2023-11,중국,코크스  연탄 및 석유정제품 제조업,3
2023-11,중국,펄프  종이 및 종이제품 제조업,3
2023-11,중국,항공 운송업,3
2023-11,중국,화학물질 및 화학제품 제조업; 의약품 제외,5
2023-11,지브랄타,도매 및 상품 중개업,2
2023-11,체코,고무 및 플라스틱제품 제조업,1
2023-11,체코,금속가공제품 제조업; 기계 및 가구 제외,3
2023-11,체코,기타 기계 및 장비 제조업,3
2023-11,체코,도매 및 상품 중개업,3
2023-11,체코,섬유제품 제조업; 의복제외,2
2023-11,체코,자동차 및 부품 판매업,3
2023-11,체코,자동차 및 트레일러 제조업,3
2023-11,체코,전기장비 제조업,2
2023-11,체코,화학물질 및 화학제품 제조업; 의약품 제외,2
2023-11,칠레,1차 금속 제조업,4
2023-11,칠레,고무 및 플라스틱제품 제조업,4
2023-11,칠레,금속가공제품 제조업; 기계 및 가구 제외,3
2023-11,칠레,도매 및 상품 중개업,3
2023-11,칠레,소매업; 자동차 제외,2
2023-11,칠레,자동차 및 부품 판매업,4
2023-11,칠레,전기장비 제조업,3
2023-11,칠레,화학물질 및 화학제품 제조업; 의약품 제외,2
2023-11,카자흐스탄,도매 및 상품 중개업,4
2023-11,카자흐스탄,비금속 광물제품 제조업,4
2023-11,카자흐스탄,자동차 및 부품 판매업,4
2023-11,카자흐스탄,자동차 및 트레일러 제조업,4
2023-11,카타르,도매 및 상품 중개업,3
2023-11,카타르,화학물질 및 화학제품 제조업; 의약품 제외,2
2023-11,캄보디아,도매 및 상품 중개업,4
2023-11,캄보디아,소매업; 자동차 제외,4
2023-11,캄보디아,자동차 및 트레일러 제조업,3
2023-11,캐나다,1차 금속 제조업,1
2023-11,캐나다,고무 및 플라스틱제품 제조업,1
2023-11,캐나다,금속가공제품 제조업; 기계 및 가구 제외,3
2023-11,캐나다,기타 기계 및 장비 제조업,2
2023-11,캐나다,기타 운송장비 제조업,2
2023-11,캐나다,기타 제품 제조업,2
2023-11,캐나다,도매 및 상품 중개업,3
2023-11,캐나다,목재 및 나무제품 제조업; 가구 제외,1
2023-11,캐나다,산업용 기계 및 장비 수리업,1
2023-11,캐나다,섬유제품 제조업; 의복제외,1
2023-11,캐나다,소매업; 자동차 제외,3
2023-11,캐나다,우편 및 통신업,1
2023-11,캐나다,의복  의복 액세서리 및 모피제품 제조업,1
2023-11,캐나다,자동차 및 부품 판매업,3
2023-11,캐나다,자동차 및 트레일러 제조업,1
2023-11,캐나다,전기장비 제조업,2
2023-11,캐나다,전자부품  컴퓨터  영상  음향 및 통신장비 제조업,3
2023-11,캐나다,정보서비스업,1
2023-11,캐나다,출판업,2
2023-11,캐나다,펄프  종이 및 종이제품 제조업,2
2023-11,캐나다,화학물질 및 화학제품 제조업; 의약품 제외,1
2023-11,케냐,가구 제조업,2
2023-11,케냐,가죽  가방 및 신발 제조업,3
2023-11,케냐,도매 및 상품 중개업,4
2023-11,케냐,자동차 및 부품 판매업,2
2023-11,케냐,화학물질 및 화학제품 제조업; 의약품 제외,4
2023-11,케이만군도,금융 및 보험 관련 서비스업,2
2023-11,코스타리카,고무 및 플라스틱제품 제조업,2
2023-11,코스타리카,도매 및 상품 중개업,2
2023-11,코스타리카,자동차 및 부품 판매업,3
2023-11,코트디부아르,화학물질 및 화학제품 제조업; 의약품 제외,2
2023-11,콜롬비아,고무 및 플라스틱제품 제조업,4
2023-11,콜롬비아,금속가공제품 제조업; 기계 및 가구 제외,3
2023-11,콜롬비아,도매 및 상품 중개업,4
2023-11,콜롬비아,섬유제품 제조업; 의복제외,4
2023-11,콜롬비아,소매업; 자동차 제외,4
2023-11,콜롬비아,식료품 제조업,2
2023-11,콜롬비아,의복  의복 액세서리 및 모피제품 제조업,2
2023-11,콜롬비아,자동차 및 부품 판매업,5
2023-11,콜롬비아,자동차 및 트레일러 제조업,4
2023-11,콜롬비아,전기장비 제조업,3
2023-11,콜롬비아,화학물질 및 화학제품 제조업; 의약품 제외,3
2023-11,쿠바,전기  가스  증기 및 공기조절 공급업,5
2023-11,크로아티아,개인 및 소비용품 수리업,2
2023-11,크로아티아,도매 및 상품 중개업,2
2023-11,탄자니아,도매 및 상품 중개업,2
2023-11,태국,1차 금속 제조업,4
2023-11,태국,가죽  가방 및 신발 제조업,2
2023-11,태국,고무 및 플라스틱제품 제조업,5
2023-11,태국,금속가공제품 제조업; 기계 및 가구 제외,4
2023-11,태국,도매 및 상품 중개업,4
2023-11,태국,소매업; 자동차 제외,2
2023-11,태국,식료품 제조업,4
2023-11,태국,의료  정밀  광학기기 및 시계 제조업,2
2023-11,태국,자동차 및 부품 판매업,2
2023-11,태국,자동차 및 트레일러 제조업,3
2023-11,태국,전기장비 제조업,4
2023-11,태국,전문 서비스업,5
2023-11,태국,전자부품  컴퓨터  영상  음향 및 통신장비 제조업,4
2023-11,태국,창고 및 운송관련 서비스업,2
2023-11,태국,펄프  종이 및 종이제품 제조업,4
2023-11,태국,화학물질 및 화학제품 제조업; 의약품 제외,4
2023-11,튀니지,도매 및 상품 중개업,4
2023-11,튀르키예(구 터키),1차 금속 제조업,4
2023-11,튀르키예(구 터키),고무 및 플라스틱제품 제조업,4
2023-11,튀르키예(구 터키),금속가공제품 제조업; 기계 및 가구 제외,3
2023-11,튀르키예(구 터키),기타 운송장비 제조업,3
2023-11,튀르키예(구 터키),도매 및 상품 중개업,4
2023-11,튀르키예(구 터키),목재 및 나무제품 제조업; 가구 제외,2
2023-11,튀르키예(구 터키),방송업,2
2023-11,튀르키예(구 터키),비금속 광물제품 제조업,2
2023-11,튀르키예(구 터키),섬유제품 제조업; 의복제외,4
2023-11,튀르키예(구 터키),식료품 제조업,2
2023-11,튀르키예(구 터키),의료용 물질 및 의약품 제조업,4
2023-11,튀르키예(구 터키),의복  의복 액세서리 및 모피제품 제조업,2
2023-11,튀르키예(구 터키),자동차 및 부품 판매업,3
2023-11,튀르키예(구 터키),자동차 및 트레일러 제조업,3
2023-11,튀르키예(구 터키),전기장비 제조업,3
2023-11,튀르키예(구 터키),전자부품  컴퓨터  영상  음향 및 통신장비 제조업,2
2023-11,튀르키예(구 터키),펄프  종이 및 종이제품 제조업,3
2023-11,튀르키예(구 터키),화학물질 및 화학제품 제조업; 의약품 제외,4
2023-11,트리니다드토바고,도매 및 상품 중개업,2
2023-11,트리니다드토바고,자동차 및 부품 판매업,2
2023-11,파나마,금융 및 보험 관련 서비스업,2
2023-11,파나마,금융업,2
2023-11,파나마,도매 및 상품 중개업,4
2023-11,파나마,자동차 및 부품 판매업,4
2023-11,파나마,화학물질 및 화학제품 제조업; 의약품 제외,2
2023-11,파라과이,고무 및 플라스틱제품 제조업,4
2023-11,파라과이,기타 운송장비 제조업,2
2023-11,파라과이,도매 및 상품 중개업,2
2023-11,파라과이,소매업; 자동차 제외,2
2023-11,파라과이,자동차 및 부품 판매업,4
2023-11,파키스탄,도매 및 상품 중개업,4
2023-11,파키스탄,섬유제품 제조업; 의복제외,3
2023-11,파키스탄,식료품 제조업,3
2023-11,파키스탄,의복  의복 액세서리 및 모피제품 제조업,3
2023-11,파키스탄,전기장비 제조업,4
2023-11,파키스탄,펄프  종이 및 종이제품 제조업,3
2023-11,파키스탄,화학물질 및 화학제품 제조업; 의약품 제외,3
2023-11,페루,가구 제조업,2
2023-11,페루,고무 및 플라스틱제품 제조업,4
2023-11,페루,금속가공제품 제조업; 기계 및 가구 제외,2
2023-11,페루,도매 및 상품 중개업,4
2023-11,페루,섬유제품 제조업; 의복제외,4
2023-11,페루,자동차 및 부품 판매업,4
2023-11,페루,자동차 및 트레일러 제조업,2
2023-11,페루,화학물질 및 화학제품 제조업; 의약품 제외,4
2023-11,포르투갈,고무 및 플라스틱제품 제조업,2
2023-11,포르투갈,기타 기계 및 장비 제조업,2
2023-11,포르투갈,도매 및 상품 중개업,3
2023-11,포르투갈,섬유제품 제조업; 의복제외,1
2023-11,포르투갈,자동차 및 부품 판매업,1
2023-11,폴란드,1차 금속 제조업,3
2023-11,폴란드,개인 및 소비용품 수리업,2
2023-11,폴란드,고무 및 플라스틱제품 제조업,3
2023-11,폴란드,금속가공제품 제조업; 기계 및 가구 제외,3
2023-11,폴란드,기타 기계 및 장비 제조업,3
2023-11,폴란드,도매 및 상품 중개업,3
2023-11,폴란드,산업용 기계 및 장비 수리업,2
2023-11,폴란드,섬유제품 제조업; 의복제외,3
2023-11,폴란드,소매업; 자동차 제외,2
2023-11,폴란드,식료품 제조업,3
2023-11,폴란드,육상운송 및 파이프라인 운송업,2
2023-11,폴란드,의료용 물질 및 의약품 제조업,2
2023-11,폴란드,자동차 및 부품 판매업,3
2023-11,폴란드,자동차 및 트레일러 제조업,2
2023-11,폴란드,전기장비 제조업,2
2023-11,폴란드,전자부품  컴퓨터  영상  음향 및 통신장비 제조업,3
2023-11,폴란드,펄프  종이 및 종이제품 제조업,3
2023-11,폴란드,화학물질 및 화학제품 제조업; 의약품 제외,1
2023-11,프랑스,개인 및 소비용품 수리업,2
2023-11,프랑스,건축기술  엔지니어링 및 기타 과학기술 서비스업,2
2023-11,프랑스,고무 및 플라스틱제품 제조업,2
2023-11,프랑스,금속가공제품 제조업; 기계 및 가구 제외,2
2023-11,프랑스,금융업,1
2023-11,프랑스,기타 기계 및 장비 제조업,1
2023-11,프랑스,도매 및 상품 중개업,3
2023-11,프랑스,부동산업,2
2023-11,프랑스,비금속 광물제품 제조업,1
2023-11,프랑스,섬유제품 제조업; 의복제외,4
2023-11,프랑스,소매업; 자동차 제외,3
2023-11,프랑스,수상 운송업,2
2023-11,프랑스,식료품 제조업,2
2023-11,프랑스,의복  의복 액세서리 및 모피제품 제조업,3
2023-11,프랑스,임대업; 부동산 제외,5
2023-11,프랑스,자동차 및 부품 판매업,1
2023-11,프랑스,자동차 및 트레일러 제조업,3
2023-11,프랑스,전기장비 제조업,4
2023-11,프랑스,전문 서비스업,2
2023-11,프랑스,전문직별 공사업,3
2023-11,프랑스,전자부품  컴퓨터  영상  음향 및 통신장비 제조업,1
2023-11,프랑스,컴퓨터 프로그래밍  시스템 통합 및 관리업,2
2023-11,프랑스,화학물질 및 화학제품 제조업; 의약품 제외,2
2023-11,핀란드,고무 및 플라스틱제품 제조업,1
2023-11,핀란드,도매 및 상품 중개업,1
2023-11,핀란드,자동차 및 부품 판매업,2
2023-11,핀란드,전기장비 제조업,1
2023-11,핀란드,전자부품  컴퓨터  영상  음향 및 통신장비 제조업,1
2023-11,핀란드,출판업,1
2023-11,필리핀,고무 및 플라스틱제품 제조업,3
2023-11,필리핀,기타 운송장비 제조업,2
2023-11,필리핀,도매 및 상품 중개업,5
2023-11,필리핀,식료품 제조업,4
2023-11,필리핀,자동차 및 부품 판매업,4
2023-11,필리핀,자동차 및 트레일러 제조업,3
2023-11,필리핀,전기장비 제조업,3
2023-11,필리핀,전자부품  컴퓨터  영상  음향 및 통신장비 제조업,2
2023-11,필리핀,펄프  종이 및 종이제품 제조업,2
2023-11,필리핀,항공 운송업,2
2023-11,필리핀,화학물질 및 화학제품 제조업; 의약품 제외,4
2023-11,헝가리,개인 및 소비용품 수리업,1
2023-11,헝가리,고무 및 플라스틱제품 제조업,2
2023-11,헝가리,기타 기계 및 장비 제조업,4
2023-11,헝가리,도매 및 상품 중개업,2
2023-11,헝가리,식료품 제조업,2
2023-11,헝가리,연구개발업,2
2023-11,헝가리,자동차 및 부품 판매업,2
2023-11,헝가리,자동차 및 트레일러 제조업,2
2023-11,헝가리,전기장비 제조업,2
2023-11,헝가리,전자부품  컴퓨터  영상  음향 및 통신장비 제조업,1
2023-11,호주,1차 금속 제조업,3
2023-11,호주,고무 및 플라스틱제품 제조업,3
2023-11,호주,금속가공제품 제조업; 기계 및 가구 제외,3
2023-11,호주,기타 기계 및 장비 제조업,3
2023-11,호주,기타 제품 제조업,3
2023-11,호주,도매 및 상품 중개업,3
2023-11,호주,섬유제품 제조업; 의복제외,2
2023-11,호주,소매업; 자동차 제외,3
2023-11,호주,우편 및 통신업,1
2023-11,호주,인쇄 및 기록매체 복제업,1
2023-11,호주,자동차 및 부품 판매업,3
2023-11,호주,자동차 및 트레일러 제조업,2
2023-11,호주,전기장비 제조업,2
2023-11,호주,출판업,3
2023-11,호주,컴퓨터 프로그래밍  시스템 통합 및 관리업,2
2023-11,호주,펄프  종이 및 종이제품 제조업,3
2023-11,호주,화학물질 및 화학제품 제조업; 의약품 제외,3
2023-11,홍콩,가죽  가방 및 신발 제조업,2
2023-11,홍콩,금융업,4
2023-11,홍콩,기타 기계 및 장비 제조업,2
2023-11,홍콩,기타 제품 제조업,2
2023-11,홍콩,도매 및 상품 중개업,4
2023-11,홍콩,섬유제품 제조업; 의복제외,2
2023-11,홍콩,소매업; 자동차 제외,3
2023-11,홍콩,수상 운송업,5
2023-11,홍콩,의료  정밀  광학기기 및 시계 제조업,2
2023-11,홍콩,자동차 및 부품 판매업,2
2023-11,홍콩,전기장비 제조업,2
2023-11,홍콩,전자부품  컴퓨터  영상  음향 및 통신장비 제조업,2
2023-11,홍콩,출판업,2
2023-11,홍콩,항공 운송업,2
